,fmom_1m,fmom_12_2,fmom_12m,fvol_12m,post_pub,years_since_pub
1928-06-30,0.0020522550329574473,-0.0163522522153165,-0.0029740909410356326,6.19498091690435e-05,0.0,0.0
1928-07-31,0.023284961570935764,-0.031976784318505015,-0.03170957260561404,-0.024908038147533205,0.0,0.0
1928-08-31,0.017126523028560842,-0.022355345680942898,-0.03452843097812525,-0.02415915653738974,0.0,0.0
1928-09-30,0.016720555371993483,-0.021834974543520066,-0.032957480015385246,-0.023434232356528126,0.0,0.0
1928-10-31,0.016329810853577542,-0.020643879363980315,-0.031171421170592677,-0.022730803613910913,0.0,0.0
1928-11-30,0.01582449390780287,-0.019836224380384754,-0.029979417642793427,-0.02204877588035025,0.0,0.0
1928-12-31,0.015469584943874211,-0.019187495080430595,-0.028848527985869506,-0.021387603069143928,0.0,0.0
1929-01-31,0.014252535165593641,-0.015749898973473914,-0.024525471666705136,-0.020744698540996802,0.0,0.0
1929-02-28,0.01377280707314747,-0.014875505472565371,-0.023256751774525075,-0.02012210272638411,0.0,0.0
1929-03-31,0.013418904498166673,-0.014349232987219844,-0.02244760273893697,-0.019518464110703505,0.0,0.0
1929-04-30,0.013016578846478838,-0.013894135512242735,-0.021740883962782225,-0.01893287527419312,0.0,0.0
1929-05-31,0.012658409479960928,-0.013373905167409847,-0.02096362409766862,-0.01836483836753652,0.0,0.0
1929-06-30,0.012370078343111539,-0.011569733856837777,-0.018475865693303572,0.039095510496305684,0.0,0.0
1929-07-31,0.012167396268308777,-0.010069387500920969,-0.016548208364734737,0.03792208001213085,0.0,0.0
1929-08-31,0.012000282119868273,0.0037641478742833877,0.0017491167326696075,-0.016929662900700998,0.0,0.0
1929-09-30,0.01163771162149192,0.0036485834741968692,0.001694327101353684,-0.016421772318013006,0.0,0.0
1929-10-31,0.011379672186944393,0.003476267939911853,0.0015852912660475548,-0.0159289118511034,0.0,0.0
1929-11-30,0.011027144543283221,0.0033920486003169766,0.001559683730451602,-0.015450981814498494,0.0,0.0
1929-12-31,0.01066771493419048,0.0033067186009669344,0.0015314905760083787,-0.014987525163671064,0.0,0.0
1930-01-31,0.010249625456172286,0.0029452813867468105,0.001231500321699265,-0.014537400404126356,0.0,0.0
1930-02-28,0.009912895521349857,0.002841746987719666,0.0011793664344396872,-0.014101419197007688,0.0,0.0
1930-03-31,0.009607204860615793,0.0029171687730238597,0.0013253025635036819,-0.013678296185049559,0.0,0.0
1930-04-30,-0.007266348279503593,-0.016300126783962848,-0.01685244681008062,0.0935789248287045,0.0,0.0
1930-05-31,-0.007040676503204373,-0.015809476351835425,-0.016345007023937888,0.09077153681323921,0.0,0.0
1930-06-30,-0.006819989818699764,-0.015337488644495105,-0.01585693700171289,0.08804833620173529,0.0,0.0
1930-07-31,-0.006600661103428345,-0.014822213114016854,-0.015320380708320236,0.08540675216403487,0.0,0.0
1930-08-31,-0.006396512078575143,-0.014383228280863004,-0.014825263803467754,0.08284448268545434,0.0,0.0
1930-09-30,-0.006136537045451708,-0.01397930585877264,-0.014404601525418859,0.08035725802182832,0.0,0.0
1930-10-31,-0.005975476563762895,-0.013263537210526513,-0.013891991628810104,0.07794562848419138,0.0,0.0
1930-11-30,-0.00465789147769457,-0.012835232092866968,-0.013441078835625585,0.07560722883785853,0.0,0.0
1930-12-31,-0.004518253579732827,-0.012455486632824761,-0.013043609487941962,0.07333893990184995,0.0,0.0
1931-01-31,-0.004382622568295491,-0.012080552641072396,-0.012650605787304422,0.07113867501524587,0.0,0.0
1931-02-28,-0.004251136999979113,-0.011717119798865874,-0.012269892490011633,0.06900449646260523,0.0,0.0
1931-03-31,-0.004124095579183827,-0.011343246037348199,-0.011902816881747824,0.06693435103211626,0.0,0.0
1931-04-30,-0.00400041683714736,-0.010947441381350646,-0.011482892123253626,0.06492612342972728,0.0,0.0
1931-05-31,-0.0038809662794942385,-0.01061259386979879,-0.011174022818381023,0.06297824102737616,0.0,0.0
1931-06-30,-0.003765415219413446,-0.01021331217489939,-0.010804383964845439,0.06108859035525885,0.0,0.0
1931-07-31,-0.032837859712851095,-0.00885988438706477,-0.009285403025650608,0.059251589149279596,0.0,0.0
1931-08-31,-0.030604230387713233,-0.008566941151081912,-0.00897607889494279,0.05747397392543122,0.0,0.0
1931-09-30,-0.029685558447103383,-0.008191993216747724,-0.008573319305057038,0.055749568520874315,0.0,0.0
1931-10-31,-0.02879491755578173,-0.007939478720447335,-0.008308339483658308,0.05407700959908914,0.0,0.0
1931-11-30,-0.01816232961265975,-0.007691281643815064,-0.008047757729553932,0.05245469017018999,0.0,0.0
1931-12-31,-0.017617492221069057,-0.007467759400563399,-0.00781437037654328,0.05088099676805403,0.0,0.0
1932-01-31,-0.017089090773456127,-0.007179895019272496,-0.007507457550688366,0.049354432265885,0.0,0.0
1932-02-29,-0.016576358735881102,-0.006959533118261864,-0.007276550770892407,0.0478737680309981,0.0,0.0
1932-03-31,0.19926561772047005,-0.006782564476624633,-0.007091259564964514,0.04643611007637738,0.0,0.0
1932-04-30,0.1423281358268531,-0.006583239488026943,-0.006882835560698157,0.045042840974042715,0.0,0.0
1932-05-31,0.1380582457716688,-0.006384046374963671,-0.006674406001844252,0.04369154385232636,0.0,0.0
1932-06-30,0.133916482485296,-0.006197861704303942,-0.0064739897481385315,0.04238077618328446,0.0,0.0
1932-07-31,0.1298990013528493,-0.006019788439920448,-0.006288617130776825,0.04110932563004825,0.0,0.0
1932-08-31,0.12600079264159883,-0.005910741421119043,-0.006218873099177367,0.03987613396794241,0.0,0.0
1932-09-30,0.025416325091259795,-0.005708301989822235,-0.006003259531712554,0.038679539237658184,0.0,0.0
1932-10-31,0.00019124824455141187,-0.005529587710105122,-0.00581470398480451,0.037519115935564035,0.0,0.0
1932-11-30,0.025141131331378214,-0.005372259431932385,-0.005649810844251951,0.03639353702623604,0.0,0.0
1932-12-31,0.024375251144004566,-0.002903390612128726,-0.001799934117786845,0.03528735814597042,0.0,0.0
1933-01-31,0.02364350374887979,-0.0029571119667257204,-0.0019029914722540188,0.03422826430889083,0.0,0.0
1933-02-28,0.022934203860540785,-0.0028793266473899955,-0.001858341159669405,0.029052327951092773,0.0,0.0
1933-03-31,0.0222460674055054,-0.0027907599917916218,-0.0018008973093237167,0.015199598527920289,0.0,0.0
1933-04-30,0.021578993372069123,-0.002722282855707071,-0.001763640079006679,0.014743519612534702,0.0,0.0
1933-05-31,0.02093149643234317,-0.1238236398114554,-0.0016802052672052112,0.014301096131361931,0.0,0.0
1933-06-30,0.020566539785259255,-0.12008147873189885,-0.0016082837971873832,0.013871929109535426,0.0,0.0
1933-07-31,0.007373705826424406,-0.11646491311947157,-0.0016027516706940898,0.013455829680267812,0.0,0.0
1933-08-31,0.007152453180176934,-0.11292794259054531,-0.0015516783307214079,0.04422750845914181,0.0,0.0
1933-09-30,0.0069652198803519475,-0.10470326536913559,0.00032471104780166203,0.04290169349249877,0.0,0.0
1933-10-31,0.006756909272471488,-0.10147067775982971,0.0003664356985084478,0.04161470813165391,0.0,0.0
1933-11-30,0.006543883893609745,-0.09648563520043228,-0.0009841140839701391,0.040365646324895234,0.0,0.0
1933-12-31,0.006348602924229635,-0.09343816418380452,-0.00048266385986387876,0.03915412118796567,0.0,0.0
1934-01-31,0.006170152012956606,-0.08682672517765103,0.0014016378290644664,-0.015375189768589044,0.0,0.0
1934-02-28,0.005984976563016432,-0.08405860756748806,0.0013691512391964362,-0.009089232484309453,0.0,0.0
1934-03-31,0.005805156780846462,-0.08144948085129725,0.0013702961588762325,-0.008816558276003637,0.0,0.0
1934-04-30,0.00563040825446516,-0.07896150796442744,0.0012787600635208523,-0.014657033516895467,0.0,0.0
1934-05-31,0.0054608182712575695,-0.07644150264313986,0.0012122528955830314,-0.014217315004924009,0.0,0.0
1934-06-30,0.005297185139260755,-0.0741287621950655,0.0011542735539136274,-0.01379080540801672,0.0,0.0
1934-07-31,0.004334491719419269,-0.04526140960074936,-0.02790225723841453,-0.013373038930813408,0.0,0.0
1934-08-31,-0.022970933437635153,-0.043356529152708,-0.02675727074780925,-0.012971554623906822,0.0,0.0
1934-09-30,-0.022281713619284712,-0.04203314958978458,-0.025958590478288118,-0.012582418365027038,0.0,0.0
1934-10-31,-0.021613193753836156,-0.04076267053664084,-0.02517553124811171,-0.012204910906229135,0.0,0.0
1934-11-30,-0.020964387493945868,-0.038957378404387316,-0.023973071344598272,-0.06257269898980766,0.0,0.0
1934-12-31,-0.017397982953931,-0.0061956034012815575,-0.005244943907334404,-0.05997529476054899,0.0,0.0
1935-01-31,-0.016875941684457323,-0.006008182323109045,-0.005085938552846417,-0.05473035150971046,0.0,0.0
1935-02-28,-0.016333013447390188,-0.005177131025527166,-0.004241404948344985,-0.015772997978166593,0.0,0.0
1935-03-31,-0.015829273992665323,-0.0052516343768877725,-0.004427053722942256,0.03390871891984479,0.0,0.0
1935-04-30,-0.015355716904183402,-0.005121721517466425,-0.004329303738665602,0.03289102864689304,0.0,0.0
1935-05-31,-0.014895525963734288,-0.0048760106314129,-0.004098487687711531,0.03190426935026907,0.0,0.0
1935-06-30,-0.01445131185742344,-0.004911223362119923,-0.004185574568044943,-0.016952081553103363,0.0,0.0
1935-07-31,-0.014017568877867856,-0.0047695001189166685,-0.004066409624836862,-0.01825098334299226,0.0,0.0
1935-08-31,-0.013597143669812425,-0.004617575074568099,-0.00998096740187915,-0.01770343801040188,0.0,0.0
1935-09-30,-0.013194682656068735,-0.0031614272388757712,-0.00940586071607484,-0.017172490407691383,0.0,0.0
1935-10-31,-0.012798337483938644,-0.003071695056812493,-0.00912509703698241,-0.016657362584459354,0.0,0.0
1935-11-30,-0.012414479435808801,-0.002895654549971821,-0.008822645071248043,-0.01615758622206449,0.0,0.0
1935-12-31,-0.012041383750230537,-0.0027918155747808458,-0.008531939551924847,-0.015672882654000665,0.0,0.0
1936-01-31,-0.011669887202018267,-0.0023772422291258224,-0.008039877415954565,-0.017770884472402552,0.0,0.0
1936-02-29,-0.011319069712510987,-0.0022848853596706842,-0.007780740616747878,-0.007128117563055937,0.0,0.0
1936-03-31,-0.01098094360632533,-0.0022471910515464055,-0.00756595687655733,-0.006914293835972826,0.0,0.0
1936-04-30,-0.01065207852218624,-0.0021814697216994447,-0.007333617745454648,-0.006706777910478386,0.0,0.0
1936-05-31,-0.01038015399797219,-0.009847371667727587,-0.012615538106883501,-0.006509417146158636,0.0,0.0
1936-06-30,-0.0100710698030226,-0.009388216353817484,-0.012268405362504802,-0.006313962650481088,0.0,0.0
1936-07-31,-0.009713838736140358,-0.008313957195859022,-0.009648701912037372,-0.0061240678515887765,0.0,0.0
1936-08-31,-0.005317246236149415,0.011242016279728269,0.01082032579680789,-0.020063141986495597,0.0,0.0
1936-09-30,-0.005158910329857741,0.010880075461867672,0.010469850130555925,-0.02276291103215111,0.0,0.0
1936-10-31,-0.02564275990840667,0.010642059656208385,0.01025411614393269,-0.022080080927740678,0.0,0.0
1936-11-30,-0.02487053393366521,0.014674745656159498,0.014726397190736075,-0.0214056703652328,0.0,0.0
1936-12-31,-0.024123490286461984,-0.008231455288637049,0.01431806477568097,-0.0207635535488039,0.0,0.0
1937-01-31,-0.023396079038824607,-0.008010388066739284,0.013869322857232795,-0.020138737580967923,0.0,0.0
1937-02-28,-0.022363470605778982,-0.002695332237201727,0.015780895732427285,-0.019464778678903977,0.0,0.0
1937-03-31,-0.021693944826690324,-0.0027820951541803994,0.01479868046939964,-0.020848836499995166,0.0,0.0
1937-04-30,-0.021042260568492198,-0.002712753141687921,0.014314785143549596,-0.01874729843214816,0.0,0.0
1937-05-31,-0.020380956324533663,-0.0033068423254472065,0.012446396614365082,-0.040351071092444846,0.0,0.0
1937-06-30,-0.01976959509936395,-0.0031324280327967306,0.011984087790866125,-0.03914040501845772,0.0,0.0
1937-07-31,-0.01917624676782819,-0.003053738722092121,0.011572245046168175,-0.019464918120971186,0.0,0.0
1937-08-31,-0.018594990374491725,-0.0031677039436209375,0.010870726866988712,-0.018880622551182294,0.0,0.0
1937-09-30,-0.01803712388474986,-0.0030978164343981136,0.010495333797065643,-0.01831415015690086,0.0,0.0
1937-10-31,-0.017493825431157795,-0.0006894761231648629,0.01112244416694756,-0.003185916857846416,0.0,0.0
1937-11-30,-0.016965260948827117,-0.0005646853274706951,0.010870721361550982,-0.010702818528991754,0.0,0.0
1937-12-31,-0.01645702267052712,-0.000638397464780146,0.010385805315904809,0.023340466826996586,0.0,0.0
1938-01-31,-0.013686202367063862,-0.0005979251159255789,0.010035958333164998,0.02264017128440844,0.0,0.0
1938-02-28,0.009548022040293992,-0.0005803352114024558,0.00972978404665298,0.02196095603884817,0.0,0.0
1938-03-31,0.009261372889918308,-0.0005473157293954752,0.009447686645986213,0.021302052499458702,0.0,0.0
1938-04-30,0.008983292801954862,-0.0005276309494586606,0.0091600821651308,0.020663021010763234,0.0,0.0
1938-05-31,0.008713691418256658,-0.0005093498691396335,0.008886509968658017,0.02004310316242337,0.0,0.0
1938-06-30,0.008452907981504535,-0.0005358845176164445,0.008702851503069016,0.019441606768379912,0.0,0.0
1938-07-31,0.008197860564029574,-0.00047945038092054123,0.008464172057338803,0.018858545622282282,0.0,0.0
1938-08-31,0.007954516007896316,-0.00026539568582221963,0.008374451630839929,0.01829318135053671,0.0,0.0
1938-09-30,0.007712950373701006,-0.0002850581447208741,0.008074963754783662,0.01774383167356122,0.0,0.0
1938-10-31,0.007481368225914771,-0.000262885991553308,0.0077938445251430725,0.017211600669919964,0.0,0.0
1938-11-30,0.007269628665234832,-0.0012518086479602732,0.006079449422696492,0.016696849095065584,0.0,0.0
1938-12-31,0.007050385441055976,-0.0010127743311613355,0.005975844754098591,0.016195614342142076,0.0,0.0
1939-01-31,0.006833185459909827,-0.0008555176388077868,0.005539331247833169,0.015709783752578643,0.0,0.0
1939-02-28,0.006531961580873928,0.005513576936171757,0.0053840351404309435,0.015237126287432647,0.0,0.0
1939-03-31,0.006208658190443192,0.0038680874116118506,-0.0047596427853971255,0.01477982768281312,0.0,0.0
1939-04-30,0.006022847866301036,0.0037440248107966667,-0.004580355683900046,0.014336451077196572,0.0,0.0
1939-05-31,0.0058416840112882696,0.0036408025319671316,-0.004451165108741728,0.013906219051555313,0.0,0.0
1939-06-30,-0.07695692714884723,0.0030076218820167724,-0.004543968245105029,0.013486011206257,0.0,0.0
1939-07-31,-0.09436148450414984,0.003061458156581302,-0.004190302058643655,0.013081660006951235,0.0,0.0
1939-08-31,-0.09153063193870034,0.0029577286972259317,-0.004077457250556212,0.01268921163860144,0.0,0.0
1939-09-30,-0.08878460706346553,0.002880732052287921,-0.003967516589578456,0.012308558277128836,0.0,0.0
1939-10-31,-0.08612081788670006,0.002776243752652862,-0.0038653258823576546,0.01193933952541641,0.0,0.0
1939-11-30,-0.08353591086050548,0.002646657077977459,-0.0037850524395752253,0.011581207965969231,0.0,0.0
1939-12-31,-0.08102149944765767,0.002528905935534644,0.005899338080925285,0.011233211902441385,0.0,0.0
1940-01-31,-0.07880709483976778,0.002545531804307698,0.005727439204155291,0.01089543399056019,0.0,0.0
1940-02-29,-0.07602271796801022,-0.025821880570356767,0.008333916155670444,0.010399718585226831,0.0,0.0
1940-03-31,-0.04873818370940146,-0.02504553454727602,0.00808127758066309,0.0100877384525543,0.0,0.0
1940-04-30,-0.16632503300807036,-0.02434240927113395,0.0076988214734013335,0.00978606201123961,0.0,0.0
1940-05-31,0.02400702252677614,-0.023243032965166232,0.007512510712676509,0.009490908018052035,0.0,0.0
1940-06-30,0.022748934752312974,-0.02252703555663275,0.007267113619067121,0.00920619021878069,0.0,0.0
1940-07-31,0.022065258076317904,-0.021290521757702113,0.0070394628427881065,0.008929398280713513,0.0,0.0
1940-08-31,0.03778045548069686,-0.020590235783714654,0.00683716932850952,0.008661293108268436,0.0,0.0
1940-09-30,-0.08369709320446793,-0.019859064622953504,0.006217847314936791,0.0083986575647186,0.0,0.0
1940-10-31,-0.03965250100064484,-0.019242501190249596,0.006019710997719982,0.008146616237961025,0.0,0.0
1940-11-30,-0.03846258048520105,-0.018598309810513327,0.005876111877838925,0.007902308361715155,0.0,0.0
1940-12-31,-0.037308767204813534,-0.018059983428065654,0.00567338860103671,0.018315751281532677,0.0,0.0
1941-01-31,-0.03617851060409097,-0.01587481153580679,-0.014391075264619486,0.017764130441661814,0.0,0.0
1941-02-28,-0.035090256794214694,-0.015155079734004847,-0.013933872193120683,0.01722836750909734,0.0,0.0
1941-03-31,-0.034036818642721296,-0.014631178172100228,-0.013502181871151285,0.01671167352191644,0.0,0.0
1941-04-30,-0.03300530413348215,-0.014008386049495402,-0.013049747955587913,0.01620930024462312,0.0,0.0
1941-05-31,-0.03199618609685245,-0.01306559268670112,-0.012470138234108285,-0.01797345480556567,0.0,0.0
1941-06-30,-0.031035523553805004,-0.012625875304853318,-0.012074120802816331,-0.017434263039369104,0.0,0.0
1941-07-31,-0.030103087372797203,-0.012172564210133886,-0.011675095907708188,-0.01691103730064019,0.0,0.0
1941-08-31,-0.029188495643309668,-0.011806146626398593,-0.011330316257053854,-0.016403187056760176,0.0,0.0
1941-09-30,-0.02831256641044914,-0.01143640452517899,-0.010980809956605341,-0.003335632836213546,0.0,0.0
1941-10-31,-0.02746109903208267,-0.011061340352624271,-0.01063042971544971,-0.0032354590857581558,0.0,0.0
1941-11-30,-0.026628575463819477,-0.010870510890087979,-0.010415186092659756,-0.0031378886823347765,0.0,0.0
1941-12-31,-0.025829719989291088,-0.01053627174518449,0.21000045810393847,-0.003043759653998719,0.0,0.0
1942-01-31,-0.02505178414942506,-0.010061632224591556,0.2033854654345964,-0.0029523710402323718,0.0,0.0
1942-02-28,-0.024299497821786243,-0.009726752766345631,0.1971939697332126,-0.0028638063718415,0.0,0.0
1942-03-31,-0.023417032005064668,-0.002262386355405181,0.16866262718801403,-0.0027730312261811207,0.0,0.0
1942-04-30,-0.05651104539093582,-0.0022700419132838487,0.16329958213165444,-0.0026895465069032187,0.0,0.0
1942-05-31,0.0014157542501224418,-0.00224044293009007,0.1559099192428961,-0.002608316150101404,0.0,0.0
1942-06-30,0.0013732433193961982,-0.0021542911572221086,0.1509460286415341,-0.0025300826418295924,0.0,0.0
1942-07-31,0.0013319597403965442,-0.0022544459090873647,0.14397808280119373,-0.002454751565636776,0.0,0.0
1942-08-31,0.0012938189865300414,-0.0013831687523263195,0.13414992543966875,-0.002381965429007811,0.0,0.0
1942-09-30,0.0012549465832726676,-0.0013488190183517145,0.1300910107085536,-0.023860023942814067,0.0,0.0
1942-10-31,0.0012173723987222882,-0.0012649116485780505,0.12474055680561323,-0.02314329915815162,0.0,0.0
1942-11-30,0.006130771648655824,-0.004047182092154034,0.08271961357577191,-0.02240077380390732,0.0,0.0
1942-12-31,0.005946834625975183,-0.0039204411690926515,0.08023338909938503,-0.021728760330406934,0.0,0.0
1943-01-31,0.005768899529888432,-0.0038261818924086068,0.07784777809315467,-0.02107675319060129,0.0,0.0
1943-02-28,0.0055967640680199635,-0.003013640062631125,0.07521500668681297,-0.020445214214120204,0.0,0.0
1943-03-31,0.005430400352443121,-0.002740100723642689,0.07293346803507357,-0.01983137578677134,0.0,0.0
1943-04-30,0.005267964302381808,-0.0025949516198880414,0.07073084609640218,-0.008435681841605022,0.0,0.0
1943-05-31,0.005098820690466499,-0.003220224927535895,0.06420290165391085,0.00029117312959407553,0.0,0.0
1943-06-30,0.004946501514701352,-0.0031850035609099735,0.06209952270014832,0.0026019402540359143,0.0,0.0
1943-07-31,0.004805523536714556,-0.0037703644767026223,0.05639490120528941,0.019815129995577482,0.0,0.0
1943-08-31,0.0046592452462164095,-0.0035019319697627694,0.05445688164143506,0.006512408705194006,0.0,0.0
1943-09-30,0.004518914275911694,-0.0033691411477910485,0.0523386414191004,-0.00615638402975071,0.0,0.0
1943-10-31,0.00437585884900015,-0.004288428618940198,0.04878065689431663,-0.005971362155676402,0.0,0.0
1943-11-30,0.004231220388217065,-0.0032690265981767507,0.0472205201233516,-0.03830464315065753,0.0,0.0
1943-12-31,0.004105299988245069,-0.003075213153202635,0.04569323031416581,-0.035613156715807115,0.0,0.0
1944-01-31,0.003983326214019821,-0.0028205549890278265,0.04385683376602693,-0.024751117358073782,0.0,0.0
1944-02-29,0.003865665723424521,-0.002568742018265655,0.04238917032990669,-0.02400841336908016,0.0,0.0
1944-03-31,0.0037473965583512507,-0.0025679466610172277,0.040554554033479205,0.012341374909634665,0.0,0.0
1944-04-30,0.003631499008069115,-0.00239684999402889,0.03915069037832183,0.011971032958884083,0.0,0.0
1944-05-31,0.003525084050482693,-0.0023756506915829484,0.03799476727719265,0.011611835256178383,0.0,0.0
1944-06-30,0.00341901690840005,-0.0022731983347136654,0.0365178067414963,0.016210166805747956,0.0,0.0
1944-07-31,0.006465554203938334,-0.0014285448895697496,0.034235759342570296,0.015722869314142802,0.0,0.0
1944-08-31,0.006271316035138195,-0.0013996986499871587,0.03244720055123648,0.01525094881377317,0.0,0.0
1944-09-30,0.008815618800910965,-0.0014526944263403355,0.027964045978577674,0.014791995500207105,0.0,0.0
1944-10-31,-0.010861242245758298,-0.0013772859541482587,0.02664116743264562,0.01434789062912521,0.0,0.0
1944-11-30,-0.015314526561890463,-0.0010631799549941346,0.025708051593681357,0.013916739585754878,0.0,0.0
1944-12-31,-0.01485447172843485,-0.000840088745534715,0.024874346434628273,0.026890933004113098,0.0,0.0
1945-01-31,-0.014377282536896607,0.003805564912637092,0.02323937908298701,0.02607275732229441,0.0,0.0
1945-02-28,-0.013946256776457954,0.0034518476175470643,0.02206632740291816,0.025290493652981246,0.0,0.0
1945-03-31,-0.013527776219252247,0.0033515080734016905,0.021375958047119364,0.024531712777429535,0.0,0.0
1945-04-30,-0.01744264275011479,0.015621586070135482,0.01593496159057489,0.020793474858688158,0.0,0.0
1945-05-31,-0.016919281717038742,0.015154462646231869,0.0154585692006831,0.020169588681775322,0.0,0.0
1945-06-30,-0.04291673216930378,0.014642216557241633,0.014929270273427867,0.01956416426532093,0.0,0.0
1945-07-31,0.0037273619860869883,0.01406052739995721,0.01431897497574585,0.01897653807389179,0.0,0.0
1945-08-31,0.0036153523611467814,0.013613407387081512,0.01385993067355411,0.018406714928289943,0.0,0.0
1945-09-30,0.0035072973275631484,0.013210954542657308,0.013449654586513983,0.01785372771667249,0.0,0.0
1945-10-31,0.0034028000666167235,0.012852115937598432,0.013087536051178128,0.017317394005820972,0.0,0.0
1945-11-30,0.003301104745868926,0.012425463891027312,0.01264650571159187,0.005756013379315613,0.0,0.0
1945-12-31,0.003202235088304184,0.01205670658789572,0.012271390031940567,-0.0024607226912417264,0.0,0.0
1946-01-31,0.002180756540977798,-0.0014059186752480666,-0.0017505856870643176,-0.0023014005571019747,0.0,0.0
1946-02-28,0.0020648826560538797,-0.002265204670032632,-0.0026408489885305867,-0.002236928753682818,0.0,0.0
1946-03-31,0.02712411916761466,-0.002163258207067432,-0.0025242786783746377,-0.0021699371782956723,0.0,0.0
1946-04-30,0.026308762227202725,-0.002071097980365691,-0.0024155739644858803,-0.002104811778911033,0.0,0.0
1946-05-31,0.03904698243250492,-0.002611792605091563,-0.0029821125563607373,-0.0020383221147177314,0.0,0.0
1946-06-30,0.037874483939800606,-0.002664859843640218,-0.003034562715343383,-0.001977232725250638,0.0,0.0
1946-07-31,0.03670540463911454,-0.0025823230158171107,-0.0028866156987412566,-0.0019183037155234518,0.0,0.0
1946-08-31,0.03560406024983013,-0.0025190213972717352,-0.002815233766009761,-0.0018608159589562233,0.0,0.0
1946-09-30,0.03431816171913503,-0.002933797023343552,-0.0031261890899482617,-0.007989379373084462,0.0,0.0
1946-10-31,-0.01158572158684109,-0.0028195751220101944,-0.0030032022056101044,-0.007749677789704886,0.0,0.0
1946-11-30,-0.011237892726034301,-0.002603014579871308,-0.002767428142625044,-0.0075169569686452265,0.0,0.0
1946-12-31,-0.010901015568256614,-0.00258709196829457,-0.002751785127293048,-0.012719520815124499,0.0,0.0
1947-01-31,-0.010568313208463787,-0.0022264053364691736,-0.002042676624284962,-0.012337509141572393,0.0,0.0
1947-02-28,-0.010250179017167921,-0.0018386016783310845,-0.0019498258224064189,-0.011966676515739981,0.0,0.0
1947-03-31,-0.009941501563270689,-0.0017933854793011916,-0.0019021630136187954,-0.011607452070969325,0.0,0.0
1947-04-30,-0.009642254300928802,-0.0016775005369760875,-0.0016847380069580614,-0.01125906008899912,0.0,0.0
1947-05-31,-0.009314797586647938,-0.00031349395564664144,-0.00019657142166625116,-0.02156040169672533,0.0,0.0
1947-06-30,-0.009029747841363308,-0.000491984307803409,-0.00039878665284356766,-0.020913546051596062,0.0,0.0
1947-07-31,-0.008758963895375567,-0.0004480215588221919,-0.0003551651324013426,-0.020286022615964332,0.0,0.0
1947-08-31,-0.008039458317635379,-0.004902409607274904,-0.004972764230463975,-0.01960003798312703,0.0,0.0
1947-09-30,-0.007794221868435045,-0.004779697035512299,-0.004849171900929365,0.0011946153908276094,0.0,0.0
1947-10-31,-0.007560095651359273,-0.004635284581066543,-0.004702544934302161,0.007374989005597979,0.0,0.0
1947-11-30,-0.007328822845231015,-0.004490794692556682,-0.004555355349997662,0.007153894407456237,0.0,0.0
1947-12-31,-0.007109466394011617,-0.026915814035863378,-0.004438380752798609,0.006939209349615821,0.0,0.0
1948-01-31,-0.006896234930009268,-0.02609566170333861,-0.0042775872188433785,0.006731037744048117,0.0,0.0
1948-02-29,-0.024297861071663335,-0.02529061178544372,-0.004124877351145216,0.006529098870094336,0.0,0.0
1948-03-31,0.023728707190300118,-0.024506195925235126,-0.00398002120822168,0.006333217859063095,0.0,0.0
1948-04-30,0.008432476948766924,-0.02376056143351564,-0.0038941103425200593,0.00614307248041676,0.0,0.0
1948-05-31,0.008179310638972101,-0.02301775762435391,-0.0037511178465347112,0.005958860784044391,0.0,0.0
1948-06-30,0.007925024373424436,-0.019503476898196342,-0.003941897584804864,0.00577740028700039,0.0,0.0
1948-07-31,0.007690193558469479,-0.018489670895364026,-0.003669825194822381,0.00560577814166424,0.0,0.0
1948-08-31,0.007461454710036519,-0.01785858584335887,-0.003942156856856078,0.00543854134761589,0.0,0.0
1948-09-30,0.007237958074233423,-0.016939462170790606,-0.0035553307075407645,0.0052757674577624146,0.0,0.0
1948-10-31,0.007020677010379266,-0.016400366556518813,-0.003436992036630474,0.005117467461095717,0.0,0.0
1948-11-30,0.00688475419282166,-0.015679825177366793,-0.0031203338803108363,0.004964456216492056,0.0,0.0
1948-12-31,0.006677981598962672,-0.015210024077156608,-0.0030759893270215595,0.004815261402415885,0.0,0.0
1949-01-31,0.006475502361948447,-0.01413051380356856,-0.0025918826781174847,0.0046712482706421435,0.0,0.0
1949-02-28,0.006280995838133955,-0.013682367141813246,-0.002525501495432653,0.004530988215575209,0.0,0.0
1949-03-31,0.0011405887449848495,-0.013227815592992615,-0.002423649486121411,0.0043950849092032115,0.0,0.0
1949-04-30,0.0011064315282645434,-0.01280222851424706,-0.002328202656946005,0.004263279772101068,0.0,0.0
1949-05-31,0.001073137756900781,-0.012295512472097802,-0.0022384870936826015,0.0041351863875187045,0.0,0.0
1949-06-30,0.0010404704094882798,-0.011801749945103366,-0.002309837578541369,0.004010507005554166,0.0,0.0
1949-07-31,0.00100920559600031,-0.011070575590774167,-0.002181922931970571,0.0038895307701663955,0.0,0.0
1949-08-31,-0.009633191074551068,-0.010737633291770226,-0.0021759187062143728,0.0037725101454400617,0.0,0.0
1949-09-30,-0.009342881323388208,-0.010366428816893399,-0.0023172820709069114,0.003658016671243891,0.0,0.0
1949-10-31,-0.009062944685933924,-0.009975456432494784,-0.0021951935041252344,0.003548698838371654,0.0,0.0
1949-11-30,-0.00879107931608903,-0.009674410156044517,-0.0021864447459743297,0.00344190300424415,0.0,0.0
1949-12-31,-0.008524885790842667,-0.00973976118445462,-0.002244701937544451,0.003337485060890837,0.0,0.0
1950-01-31,-0.008268559739560468,-0.00939944292345642,-0.0021550828123602004,0.0032371044785760666,0.0,0.0
1950-02-28,-0.008022008523784391,-0.00902326659013163,-0.0020897831501996336,0.003140895119107637,0.0,0.0
1950-03-31,-0.0077812868964111616,-0.008704297730758771,-0.0020415040841777732,0.003046557260902431,0.0,0.0
1950-04-30,-0.007552582137533227,-0.00885896238404435,-0.00268637227288229,-0.029578604114806634,0.0,0.0
1950-05-31,0.051402086239706296,-0.008161106799758885,-0.002347312160662125,-0.02869086302995459,0.0,0.0
1950-06-30,-0.0499977194218073,-0.007102816315867736,-0.0015872486818636735,-0.02782981361105977,0.0,0.0
1950-07-31,-0.048496715603761356,-0.007088635552636364,-0.0017224664355047347,-0.026994718675059308,0.0,0.0
1950-08-31,0.009810697718472677,-0.006782357885169033,-0.004290215628056548,-0.026149330694601826,0.0,0.0
1950-09-30,0.009516306515003538,-0.006559377215036077,-0.022150763448532024,-0.02536474068401064,0.0,0.0
1950-10-31,0.00923047767163898,-0.006300722122157816,-0.08054990633236958,-0.024603748105302633,0.0,0.0
1950-11-30,0.00895629050629978,-0.006101299179449414,-0.07797430981654052,-0.02386524590806746,0.0,0.0
1950-12-31,0.008686189397462973,-0.005213353844419984,-0.07519541307609562,-0.023148630922541477,0.0,0.0
1951-01-31,0.008365278618242053,-0.0052919461640058155,-0.06480330977151368,-0.02242205119045413,0.0,0.0
1951-02-28,0.008127305038138157,-0.006974896472670278,-0.05817895267375587,-0.02172343811650159,0.0,0.0
1951-03-31,0.007881940113500224,-0.006677342424749632,-0.056266186107850724,0.022035144614517808,0.0,0.0
1951-04-30,0.007643646079227904,-0.006657031123889592,-0.053864321075215715,0.021373360283162873,0.0,0.0
1951-05-31,0.007415599557404939,-0.006532867931920292,-0.052156477651571276,0.01241650209580375,0.0,0.0
1951-06-30,0.007186922038054179,-0.006010662278492294,-0.04957438330301513,0.07078527326139594,0.0,0.0
1951-07-31,0.006971278501057122,-0.005784044167450092,-0.04790645303949066,0.0686615714262613,0.0,0.0
1951-08-31,0.0067585823253065265,-0.005190784368232299,-0.044263110500569816,0.06659877560421938,0.0,0.0
1951-09-30,0.0034677634363233633,-0.003588525368802499,-0.00487216543896838,0.06220272419517605,0.0,0.0
1951-10-31,0.0033632302031663935,-0.003446228122565665,-0.004684653382695975,-0.0025365221943999053,0.0,0.0
1951-11-30,0.00973567653905449,-0.0029836051011696433,-0.004108136640247844,-0.002459496060469375,0.0,0.0
1951-12-31,0.009443396336120883,-0.0028284940243118164,-0.003902004329727425,-0.0023855949099438616,0.0,0.0
1952-01-31,0.009156000832792147,-0.0027172054173803936,-0.003712227247136585,-0.006129834338198029,0.0,0.0
1952-02-29,0.007493916696309678,0.012133814628188737,0.012253310229708908,0.011057974758650804,0.0,0.0
1952-03-31,0.007267870631544205,0.011718946416110074,0.011829931656915474,-0.016493875304972996,0.0,0.0
1952-04-30,0.007024960153655338,0.010977603242273723,0.011032474049821796,-0.015994507731067233,0.0,0.0
1952-05-31,0.006821919736618262,0.010594914386094579,0.010638835764258371,-0.0033833121859937303,0.0,0.0
1952-06-30,0.002198489547277053,0.010148099221875873,0.010176688962742594,-0.002015828225117517,0.0,0.0
1952-07-31,-0.004778225514698069,0.009697097283906145,0.009708668592563864,-0.0053952000459874805,0.0,0.0
1952-08-31,-0.008869314921531389,0.009300698662319815,0.009300074990990354,0.000549819147107302,0.0,0.0
1952-09-30,0.003560404067537085,0.00910433865519608,0.009113109039431843,-0.0028825364786919942,0.0,0.0
1952-10-31,-0.02119193909377335,0.009125377832198397,0.009167249126761966,0.0006233713241763452,0.0,0.0
1952-11-30,0.06131847018764065,0.09970296491449636,-0.1281634030993704,-0.028855130693188784,0.0,0.0
1952-12-31,0.051965632097649046,0.09664510126346346,-0.12426193664715121,-0.023804845272770384,0.0,0.0
1953-01-31,0.024275204430064753,0.04860081175965468,-0.03360236308682192,0.019581267517157414,0.0,0.0
1953-02-28,-0.004905067682383874,0.04703966517258689,-0.03252790986565918,0.014124298088000795,0.0,0.0
1953-03-31,-0.0018778446113376585,0.08887189292443826,-0.0696526414412079,0.01479090268724325,0.0,0.0
1953-04-30,-0.0018218606475719592,0.011838485243462468,-0.06727057102887156,0.004665783690534643,0.0,0.0
1953-05-31,-0.003332095326501504,0.011315393054800997,-0.06146167608313873,-0.02720889854272073,0.0,0.0
1953-06-30,0.0063669153943546695,0.024982077371865703,-0.0006175973592165429,-0.026561773507402336,0.0,0.0
1953-07-31,0.01565853664252199,-0.03986635493472736,0.013076795751768917,-0.02363685881524108,0.0,0.0
1953-08-31,0.03185797950576029,-0.03851842564532277,0.012679494853562909,-0.01587086476448242,0.0,0.0
1953-09-30,0.020670535071330095,0.018418735185441903,-0.0004897722216991394,-0.014533277866033558,0.0,0.0
1953-10-31,0.020037042085552462,0.04853404592313458,-0.0008279470239816793,-0.024441776792894197,0.0,0.0
1953-11-30,-0.015401391065791744,-0.08520233691279275,0.13655050211537173,-0.026134750791424306,0.0,0.0
1953-12-31,-0.02575358793312476,-0.08261453442031289,0.13237474427017926,-0.022362587461278123,0.0,0.0
1954-01-31,-0.024870525531596438,-0.057948151314129184,0.0017798993144947373,0.0039559428786190565,0.0,0.0
1954-02-28,0.057112560074367894,-0.050327692678879286,0.0014825260844685932,-0.004879189478689194,0.0,0.0
1954-03-31,0.038142364354763786,-0.04867974237244048,0.001468896996676167,-0.004311059064789815,0.0,0.0
1954-04-30,0.028812470469463784,-0.003638995098687668,-0.05164119298887666,0.004494688052399361,0.0,0.0
1954-05-31,0.01370090128544864,-0.0035217780000164514,-0.05002163429402939,0.007274761516690681,0.0,0.0
1954-06-30,0.0005372345620962421,-0.08994680913657223,0.058939454519762804,0.009639849261333225,0.0,0.0
1954-07-31,0.021470052321417892,0.05559845091118279,-0.05325859714224968,-0.006463366562855831,0.0,0.0
1954-08-31,-0.004113941213084841,0.05388654159103595,-0.05162181201769394,-0.004593463411576317,0.0,0.0
1954-09-30,-0.011080720326187905,0.030321415925786806,-0.01747495352654354,0.009038863711628787,0.0,0.0
1954-10-31,-0.016208834661014436,0.029233859061319173,-0.01678889726828222,0.024281612528929727,0.0,0.0
1954-11-30,-0.2310556557054223,-0.547302575691003,0.8748185126841346,0.10893894472607976,0.0,0.0
1954-12-31,-0.19469387055539092,-0.003485617050781875,0.13940656144084929,0.09663077413367727,0.0,0.0
1955-01-31,-0.12470865394518235,-0.014672228810277254,0.033154978982912,0.07930990493591149,0.0,0.0
1955-02-28,0.04705149298484368,-0.014303952088065642,0.03182516396058,0.005329547339583643,0.0,0.0
1955-03-31,-0.022243740728941384,-0.01389946971538946,0.030629355634027095,0.019941911747303816,0.0,0.0
1955-04-30,-0.03322473608779491,-0.013627580371743248,0.029332991042139964,0.02401277828058633,0.0,0.0
1955-05-31,0.03758516691028273,-0.013232115797527599,0.02792258910647145,0.05739027334938525,0.0,0.0
1955-06-30,0.04225346822696458,0.0977122622152198,-0.12319842195054291,0.031303593005854405,0.0,0.0
1955-07-31,-0.00011978566276581171,0.06436930459001865,-0.10598556666448569,0.06737196597667447,0.0,0.0
1955-08-31,0.0008278253351718523,0.10294726632501408,-0.09495950054126118,0.056156181369668566,0.0,0.0
1955-09-30,-0.01903633013693489,-0.06494588958853117,0.042896976064950854,0.03607235199720986,0.0,0.0
1955-10-31,0.003599917915009722,-0.06297139029497598,0.04159493836207796,0.03499010951258474,0.0,0.0
1955-11-30,-0.002073345885547509,-0.01304173860254701,0.002464614336927122,0.015556203929208708,0.0,0.0
1955-12-31,-0.07383306798059984,-0.012906875024637525,0.0019485510556771916,0.01645567507427234,0.0,0.0
1956-01-31,-0.03503399961663845,0.08520578940417481,-0.054630088892937655,-0.05113457734094265,0.0,0.0
1956-02-29,-0.014529964233694508,0.08261697098041514,-0.05295492002242242,-0.04751342527369887,0.0,0.0
1956-03-31,0.0058604872701060375,0.07994165567075968,-0.05127965784002787,-0.03525395268339329,0.0,0.0
1956-04-30,-0.0010998184982475637,0.07719516607497039,-0.049529871367423685,-0.023832548141702967,0.0,0.0
1956-05-31,0.01191321662712578,0.08738165294416575,-0.0792968243436955,-0.01892073339673701,0.0,0.0
1956-06-30,0.04118275168928808,0.08444236397374985,-0.076695337583127,0.013782811977655962,0.0,0.0
1956-07-31,0.0007879681940180933,0.08106676760304132,-0.07356035588964564,0.006517624818749548,0.0,0.0
1956-08-31,0.006797319756639843,0.07836173287108815,-0.07114278400216022,0.007214505426427669,0.0,0.0
1956-09-30,-0.0025424199734598923,0.07563476814425318,-0.06852785567749016,0.015674421164829574,0.0,0.0
1956-10-31,-0.006035318353453888,0.07295716215624319,-0.06596653320837866,0.029180545994878803,0.0,0.0
1956-11-30,-0.005843975009577631,0.06531648899594812,-0.05186804538991477,0.028300244843892992,0.0,0.0
1956-12-31,-0.0056702227587351215,0.06258373199113176,-0.05012988375059792,0.01322042590474002,0.0,0.0
1957-01-31,-0.00550405574846357,0.0592237924544495,-0.010135854869876747,-0.009086354321494265,0.0,0.0
1957-02-28,-0.06809664239553903,0.11742185344944917,-0.03085804495393168,-0.03363427869845686,0.0,0.0
1957-03-31,-0.06604886883338063,0.11341307870589326,-0.029846211702654828,-0.013482710283521212,0.0,0.0
1957-04-30,-0.03122297274225272,0.015295337973185094,0.033847624638529,-0.009041621223005562,0.0,0.0
1957-05-31,-0.04659729784871638,-0.3062109683389979,0.459399580106144,-0.016120983946802333,0.0,0.0
1957-06-30,-0.029121089332529927,-0.0017961468284818927,0.012876152668552132,-0.007655837266795628,0.0,0.0
1957-07-31,-0.023275687921965195,-0.018300822038346747,0.010555577872203745,-0.0075933732205266625,0.0,0.0
1957-08-31,-0.01093237357451629,-0.01774537097376272,0.010224814361766966,-0.008448219683502955,0.0,0.0
1957-09-30,-0.013690145636111144,-0.017195942157494256,0.009918754053686474,-0.008685933664575034,0.0,0.0
1957-10-31,-0.04264093054473233,0.07928853789783626,0.01629239448972173,0.0148166137357313,0.0,0.0
1957-11-30,-0.04157009701333773,0.01044295809277504,0.061258297019857494,0.014372475059185447,0.0,0.0
1957-12-31,-0.04047935127127287,0.010120874632194252,0.0594020981185314,0.013290066750575215,0.0,0.0
1958-01-31,-0.02630872794729807,0.03173573414505469,-0.009951551224311912,0.013317047587419067,0.0,0.0
1958-02-28,0.026534042313416464,0.030070938598306597,-0.009637182273405003,-0.006805222544664214,0.0,0.0
1958-03-31,6.341386391717219e-06,0.02910323053766078,-0.009310058472003988,-0.003511137810635212,0.0,0.0
1958-04-30,-0.0009253385750540215,0.02807214478959796,-0.00900960469338681,-0.009550922039597573,0.0,0.0
1958-05-31,-0.050042046259482,-0.17785293658769433,0.21424673166789657,-0.000312289767273901,0.0,0.0
1958-06-30,-0.03270913277959385,-0.17244116546455912,0.20772978480949972,-0.005795338609794629,0.0,0.0
1958-07-31,-0.04207128933277254,-0.09665410476183785,0.09879346435603054,-0.01686419959477905,0.0,0.0
1958-08-31,-0.019922513935896783,-0.09371416493542772,0.0957962594104386,-0.016846806428142118,0.0,0.0
1958-09-30,0.04655966642864397,-0.17373216018076604,0.17981927185546315,0.03822856607918088,0.0,0.0
1958-10-31,0.033126797686043374,-0.16845506581349706,0.1743078779322489,0.02867491889524974,0.0,0.0
1958-11-30,-0.021059036925451996,-0.16223210660153842,0.1676214848419621,0.019981227017243915,0.0,0.0
1958-12-31,-0.01654487622509355,-0.15724227987131217,0.16250275599216807,0.019452313780608622,0.0,0.0
1959-01-31,0.009062591167114567,-0.15217441847251248,0.15700424701026508,0.006060172021210491,0.0,0.0
1959-02-28,0.02111344096477217,0.04321415349345775,-0.03210852131393824,0.01283696293630419,0.0,0.0
1959-03-31,0.07166748726246712,0.041780082241216016,-0.031157995394846132,-0.016356870282611728,0.0,0.0
1959-04-30,0.020611049493427423,-0.05455483975182256,0.05357623111894709,-0.007922333328045953,0.0,0.0
1959-05-31,0.029859732618642568,0.15363121579343775,-0.16715414168146486,0.002464982932782602,0.0,0.0
1959-06-30,-0.01715520283476363,0.14640004688914407,-0.15861086411864792,-0.006327813860649368,0.0,0.0
1959-07-31,0.022013139494229374,0.141611637409335,-0.15329401933052392,-0.008236283621411065,0.0,0.0
1959-08-31,0.0029369349614296325,0.1366110403282631,-0.14779907723844357,-0.006514762867267031,0.0,0.0
1959-09-30,-0.04396671874237228,0.13203999108603534,-0.14291936387090648,-0.022306601943783443,0.0,0.0
1959-10-31,-0.006791420562995865,-0.039797884475365586,0.0726233118223788,0.0005648348691495719,0.0,0.0
1959-11-30,0.004307862851212901,0.1816651285096571,-0.15298986574723966,0.0033445090822660666,0.0,0.0
1959-12-31,-0.046355487672318,0.17582193215826403,-0.14815528607618944,-0.015624459580864074,0.0,0.0
1960-01-31,-0.030683689880088176,0.17044491121632557,-0.14358422914103117,-0.010949694588032351,0.0,0.0
1960-02-29,-0.00592371631526567,0.16492358733762244,-0.13879702363996338,-0.014680600683077947,0.0,0.0
1960-03-31,0.006661179359797493,0.15961490557210414,-0.13421784740264456,-0.006366875938206878,0.0,0.0
1960-04-30,0.006461514852133848,0.15445484402701662,-0.1297461654331507,-0.0011977848771125236,0.0,0.0
1960-05-31,0.008726240114133907,0.04506873967689565,-0.08235065645944181,0.0028719670102200457,0.0,0.0
1960-06-30,0.008198954568462528,0.04366019877823586,-0.07974167876741997,-0.0065927503251307735,0.0,0.0
1960-07-31,-0.010413543078512064,0.04201575205429001,-0.07647453988762658,-0.022007346556433702,0.0,0.0
1960-08-31,-0.019797316379194484,0.03936992550890485,-0.0725954207830104,-0.02398579245898495,0.0,0.0
1960-09-30,-0.010121210254825158,0.038109118122863654,-0.07023061699778223,-0.006559864175323258,0.0,0.0
1960-10-31,-0.029175205985344427,0.03688507759326719,-0.06632775384886919,0.027656310268476203,0.0,0.0
1960-11-30,-0.016575517027108563,0.03555538850377798,-0.06386301706718146,0.021162717668175148,0.0,0.0
1960-12-31,-0.027140239587972403,0.03431561307629313,-0.061823230160502285,-0.0006403342262226615,0.0,0.0
1961-01-31,0.014844164588467434,0.03310689744666143,-0.05949192435633375,0.020264246586273005,0.0,0.0
1961-02-28,0.07179927027674059,0.200424323264422,-0.20520789166109582,0.04976151721347538,0.0,0.0
1961-03-31,0.056525265552263684,0.05073196150851256,-0.038307334075000865,0.038746269474606965,0.0,0.0
1961-04-30,-0.006032915442284653,0.04889891255914685,-0.03699661772800208,0.0009492099232246004,0.0,0.0
1961-05-31,-0.027212506393189315,-0.1940664378069446,0.1682012801547926,-0.001542090895470993,0.0,0.0
1961-06-30,0.03044890650066296,0.1849421051724321,-0.21336007009925304,0.03027815782664299,0.0,0.0
1961-07-31,0.008853251550256576,-0.01980425312588635,0.05973870784216642,0.01576987541703326,0.0,0.0
1961-08-31,0.020959108674823063,-0.019205594961966027,0.057916694067722735,0.009451562871510492,0.0,0.0
1961-09-30,0.03974550224954153,0.07007297515951948,-0.09234754862150475,0.010266418845066351,0.0,0.0
1961-10-31,0.03723152721639533,0.023470509685289596,-0.03202779904444434,0.005644217712282491,0.0,0.0
1961-11-30,-0.044733844795054024,0.022517964540423784,-0.03073335534357473,-0.0003233022564436104,0.0,0.0
1961-12-31,-0.03536548161691595,-0.14942653681342713,0.03363840809486208,-0.0018342754584110303,0.0,0.0
1962-01-31,-0.034302861010182734,-0.14465168982200785,0.03256003506436791,-0.0017792072931022804,0.0,0.0
1962-02-28,-0.007957264827722677,-0.14004095368606326,0.031523310910259394,0.00030565872069461693,0.0,0.0
1962-03-31,0.0005296535073202576,-0.13551118224777073,0.030465289861457353,0.005537507643005687,0.0,0.0
1962-04-30,0.0005122308800541756,-0.13089202031739636,0.0294312237621466,0.0053685536766052925,0.0,0.0
1962-05-31,0.03596777949347861,-0.1268094053153472,0.02847751827367467,0.008806258499837114,0.0,0.0
1962-06-30,-0.023517572794347526,0.0006004767066617178,0.00040135081670369596,0.0014482539861378554,0.0,0.0
1962-07-31,-0.03650355514275934,-0.08418259048910842,0.05729335317551021,-0.006800407357648806,0.0,0.0
1962-08-31,-0.03218862880667448,-0.08163535460596132,0.05556207333546436,-0.008271622627357547,0.0,0.0
1962-09-30,-0.05356888098825724,-0.16971415230636955,0.27719011594469695,-0.01872587630252045,0.0,0.0
1962-10-31,-0.022628037358958075,0.18065032204012182,-0.18489055938046017,-0.023620136097648448,0.0,0.0
1962-11-30,-0.04897420042610795,0.17517620159319636,-0.17928222095811275,-0.02509719781067661,0.0,0.0
1962-12-31,-0.11156517168028528,0.581501681611045,-0.6243259890814145,-0.009217120602125258,0.0,0.0
1963-01-31,-0.07746995368242067,0.3087376328966362,-0.2733170634209927,0.0006065929683757628,0.0,0.0
1963-02-28,-0.017925624961036113,-0.0023140760893995416,0.004915504124612169,0.013659033252867082,0.0,0.0
1963-03-31,-0.017387468485970482,-0.002242038574878925,0.004765777150919317,0.01324923295922513,0.0,0.0
1963-04-30,-0.030686910042169696,-0.002193340763901319,0.0045877926416914286,0.016150267972278264,0.0,0.0
1963-05-31,0.009710869011047521,0.04474250401117271,-0.04844735869198057,0.00568181852369512,0.0,0.0
1963-06-30,-0.027100000190543084,-0.09263787577467494,0.06014931176532544,0.01706986982948219,0.0,0.0
1963-07-31,-0.0006247629940539234,-0.08983550575587856,0.05832726181533428,0.01655775016918622,0.0,0.0
1963-08-31,-0.0016541673601523565,-0.08692792329913525,0.056405767938186135,0.010537887396667146,0.0,0.0
1963-09-30,-0.0016046355326755466,-0.08417531093638128,0.05463308986717867,-0.0006191559732523534,0.0,0.0
1963-10-31,0.007724540444383051,-0.0419321793214164,-0.02554186354739417,0.001426035687423301,0.0,0.0
1963-11-30,0.007493362418853227,-0.04062621835336061,-0.02473284609971778,-0.011422155807239499,0.0,0.0
1963-12-31,-0.014225305262773599,-0.039357852922427945,-0.02395906961878588,-0.011759215412449113,0.0,0.0
1964-01-31,0.01483147875978659,-0.03800692739224478,-0.02312099038196542,-0.004927448615739328,0.0,0.0
1964-02-29,0.026046932391902478,0.06775923397883268,-0.09931496148716654,0.0017005247243366758,0.0,0.0
1964-03-31,0.048776492445827366,0.061207685674561536,-0.10935010741984137,0.004363389926205209,0.0,0.0
1964-04-30,-0.01652537473160951,-0.09725071395342445,0.1157872638744732,1.1048096425774097e-05,0.0,0.0
1964-05-31,-0.016035908093313223,-0.09408794073841996,0.11211906522550831,7.811334056203664e-06,0.0,0.0
1964-06-30,0.03680440321358746,-0.09100431450169831,0.10789867769727383,0.026176518815296004,0.0,0.0
1964-07-31,0.020673990122191684,-0.08217275841712553,0.09725925466640088,-0.004704999540774555,0.0,0.0
1964-08-31,0.02634593899838504,-0.004397234796645971,-0.017524321091177755,0.013513691306296786,0.0,0.0
1964-09-30,0.018773802510005128,-0.0042530281980594515,-0.016953971184668657,0.009635738452569211,0.0,0.0
1964-10-31,0.0029459713707484514,-0.004114387512183725,-0.01641195515478799,0.009008645298217289,0.0,0.0
1964-11-30,0.022601459790223995,-0.0039810621640580775,-0.015862554433015437,0.009374890442003311,0.0,0.0
1964-12-31,0.007886545073607821,0.013199301044413653,-0.04924410315020348,-0.00409803217360216,0.0,0.0
1965-01-31,0.007649337357413612,0.013919592980586357,-0.04679811878422005,-0.003975016969241461,0.0,0.0
1965-02-28,0.03106263027828352,-0.01352247081077303,0.05170842980730614,-0.03199646170288062,0.0,0.0
1965-03-31,0.03285179117098591,-0.06960024213301716,0.04779626337802138,-0.030280790305249678,0.0,0.0
1965-04-30,0.011980876716316799,0.017476044727418455,-0.008814594326925183,0.0028980768247318447,0.0,0.0
1965-05-31,-0.03860289390230213,-0.09159974736610661,0.08294528653823416,0.020898504126771154,0.0,0.0
1965-06-30,-0.02046732619524349,0.07265140074414057,-0.035931630914831106,0.03471510484863006,0.0,0.0
1965-07-31,-0.011943935933966898,-0.037458616539874715,0.06001654015531507,0.0005122566295013287,0.0,0.0
1965-08-31,0.05942823558293436,0.04452048690133861,-0.07448578802675666,-0.0012683617475057318,0.0,0.0
1965-09-30,0.09985335289381356,0.07762154277268314,-0.12363892072167712,-0.031995354802014556,0.0,0.0
1965-10-31,0.04848838517879232,0.03512059507251675,0.011820311230929234,-0.026309711607069092,0.0,0.0
1965-11-30,0.047032037691023876,0.033474785589253125,0.011419439855919492,-0.022571521401266163,0.0,0.0
1965-12-31,0.04561894198563083,0.032316834039666315,0.011183719024770902,-0.0218946093267919,0.0,0.0
1966-01-31,-0.0030407629762518873,-0.05759493048562778,0.15329995101534358,-0.03190315448117714,0.0,0.0
1966-02-28,0.017927276757010988,-0.05561260013732031,0.14793168479876667,-0.005839697581774814,0.0,0.0
1966-03-31,0.03364001547422834,-0.05385627095774391,0.14330665701090498,0.0007577924245140344,0.0,0.0
1966-04-30,0.024783876287384002,-0.05223428297788567,0.13883924531802172,0.004249303097512154,0.0,0.0
1966-05-31,-0.01224671936586516,0.008307383482459213,0.013191537466123907,-0.002324618719092753,0.0,0.0
1966-06-30,-0.020505474350173407,0.008023304477225513,0.012712990341360458,0.011085089084050294,0.0,0.0
1966-07-31,0.01985171654350819,0.007737369254863172,0.01226089755450474,0.005551198251695809,0.0,0.0
1966-08-31,-0.012135006159594942,0.00689262317700358,0.011081489287091704,0.016127310799431638,0.0,0.0
1966-09-30,-0.010394888376239924,0.006631766084644631,0.01068298684299996,0.02019410968239018,0.0,0.0
1966-10-31,-0.010083346997853312,0.006478902519877346,0.010407780547215573,0.007662023958822204,0.0,0.0
1966-11-30,-0.009781484229951619,0.008877355790429284,0.012110293156917121,0.007422416571454284,0.0,0.0
1966-12-31,-0.052137261881898954,0.008584270737906933,0.011714153350222035,-0.012601659108974338,0.0,0.0
1967-01-31,-0.05057169452216391,-0.08705696857366185,0.10410238882585969,-0.012222321913396523,0.0,0.0
1967-02-28,0.025186350012687916,0.028953020834779783,-0.03847482411190638,0.00796368358710043,0.0,0.0
1967-03-31,0.028371708177382892,0.02804217823637492,-0.037245282428239254,0.021130297076445592,0.0,0.0
1967-04-30,-0.0015081734672015706,0.026754873484674004,-0.03530020546018997,-0.03605958045746985,0.0,0.0
1967-05-31,-0.0014628275586907455,0.025942191514814,-0.03421787161928571,-0.03497778751697124,0.0,0.0
1967-06-30,-0.0014123644046941245,-0.01983259040641802,-0.030756268806472007,-0.05931506195009951,0.0,0.0
1967-07-31,0.01344461003022587,-0.019232502774968355,-0.029783171104941403,-0.0553820902254689,0.0,0.0
1967-08-31,-0.015346541998043849,-0.018575593935878154,-0.02857637937506352,-0.04601745375020176,0.0,0.0
1967-09-30,0.006776439448234577,-0.01801998479470346,-0.02769863468057585,-0.03412683644984261,0.0,0.0
1967-10-31,0.023952467781702298,-0.017300030907180002,-0.024512731488637505,-0.015389876304420666,0.0,0.0
1967-11-30,0.01668351457652809,-0.01677241184149802,-0.023760060793864005,-0.01340709292215979,0.0,0.0
1967-12-31,0.04182714541121697,-0.016285926446188752,-0.02306203301301161,-0.025904034198035622,0.0,0.0
1968-01-31,-0.10987522991878931,-0.17198826136580955,0.1735588380563214,-0.010900497349485503,0.0,0.0
1968-02-29,-0.06420075712959462,-0.11185847962616621,0.1159959546936558,-0.006864530004160301,0.0,0.0
1968-03-31,-0.02450341316217309,-0.10846753924141,0.11250919448257579,-0.004685611346657517,0.0,0.0
1968-04-30,0.054039865141041615,-0.025171540123345104,0.10904072368973707,-0.004545248104288997,0.0,0.0
1968-05-31,-0.048714389675321844,0.1225361663881076,0.0447754234031308,0.07048034583284252,0.0,0.0
1968-06-30,-0.037492462820897514,0.10686936228256051,0.022591930654541514,0.06774391911527548,0.0,0.0
1968-07-31,-0.013089177877796229,0.10363179352702234,0.02191220650954831,0.058302972579651745,0.0,0.0
1968-08-31,0.06920290092815974,-0.004245930006876009,-0.008288073168857775,0.002510214351583148,0.0,0.0
1968-09-30,0.06712647952495113,-0.027583724556053082,-0.008035701125349053,0.0008545646479928312,0.0,0.0
1968-10-31,-0.010062778988214241,0.036261059687587416,-0.027393598889695017,0.004333886717083865,0.0,0.0
1968-11-30,-0.06007030397563796,-0.29778615012549736,0.279043684972728,-0.07877355530211513,0.0,0.0
1968-12-31,-0.02206035751496052,-0.288534406493671,0.27036674737277994,-0.056194413772265736,0.0,0.0
1969-01-31,-0.005968606848735819,-0.2797286200360015,0.26205821428110887,-0.038362154195916404,0.0,0.0
1969-02-28,-0.01677486238476479,-0.27103340332547354,0.25389077501716273,-0.020649678171223474,0.0,0.0
1969-03-31,0.02231050969616123,-0.25645252240990846,0.2392767672008893,0.003146634996109593,0.0,0.0
1969-04-30,0.014148169411440785,-0.2480724337461589,0.23142617407368812,0.0018397222296578565,0.0,0.0
1969-05-31,-0.011723768884392562,-0.24021087603523572,0.22397917569152492,0.011189419576499783,0.0,0.0
1969-06-30,-0.01136497426235694,-0.23249012206821082,0.21644251283308868,0.010854096702020564,0.0,0.0
1969-07-31,-0.19718961349492065,0.09289716842590048,-0.056424001149667335,0.19629318294609877,0.0,0.0
1969-08-31,-0.18774781048351794,0.058418372486539576,-0.04203130766615577,0.1894634526109201,0.0,0.0
1969-09-30,-0.11848191312903111,-0.06151772888510721,-0.04074908652102987,0.18377943308067587,0.0,0.0
1969-10-31,-0.08829742533570528,0.008029663213014189,0.04223007899545005,0.14475816252849713,0.0,0.0
1969-11-30,-0.06960492190665105,0.007787553230358095,0.040950645996184004,0.13566898169381858,0.0,0.0
1969-12-31,-0.06751624379063065,-0.1001743795481551,0.12178180165473002,0.13159777319535101,0.0,0.0
1970-01-31,0.09946223205693659,0.12536148979519673,-0.0485449107793296,0.11898297733743413,0.0,0.0
1970-02-28,0.09165845890547501,0.0377953113659284,-0.03392112674680645,0.08974420539958845,0.0,0.0
1970-03-31,0.08875595017748539,0.036658882337977546,-0.03289860256273445,0.08484591984540908,0.0,0.0
1970-04-30,0.07087248885954524,0.07290045232117892,-0.050948061869397196,-0.023877407992758767,0.0,0.0
1970-05-31,0.06841964250725129,0.07070392103012484,-0.049414551456229035,-0.022367596413876416,0.0,0.0
1970-06-30,0.04454581199469286,0.0673932045669991,-0.04723768505880651,0.002929567618688053,0.0,0.0
1970-07-31,0.025845581632775925,0.0653337415510745,-0.045786797514718515,0.002763730472230783,0.0,0.0
1970-08-31,0.025138398018200652,-0.08923712178574028,0.055823211207092834,0.0019415789280887484,0.0,0.0
1970-09-30,0.02438375472382147,-0.16769994169207392,0.1345701298212676,0.0018834113411512433,0.0,0.0
1970-10-31,0.041124163698669156,0.10392596266296808,-0.11097813234642959,-0.0008397773720832215,0.0,0.0
1970-11-30,-0.02405620468342455,-0.23854702004756323,0.2715091153100031,0.02563635494696147,0.0,0.0
1970-12-31,0.06516114216308425,0.05952150384416033,-0.06607090582899,0.007373869379321812,0.0,0.0
1971-01-31,0.04360882771054643,0.02435638551497985,-0.03667933797789871,-0.014309643164554004,0.0,0.0
1971-02-28,0.0422934147846172,-0.04248669343961656,0.026005952004060237,-0.013879820308467078,0.0,0.0
1971-03-31,-0.005156427025338459,0.027082384239542907,-0.040752047507301874,-0.012077612278053727,0.0,0.0
1971-04-30,-0.014117232597875503,-0.09212653220875108,0.06397440506881147,0.006462300514827244,0.0,0.0
1971-05-31,0.0339128413606026,-0.010325202395023755,-0.021148111806017895,0.0016206817449231081,0.0,0.0
1971-06-30,0.03289379143938048,-0.010028987204072724,-0.020533422462398775,0.0015687052852176983,0.0,0.0
1971-07-31,0.013345311395600728,0.07323103026784085,-0.019943280638200913,0.0015218600851283077,0.0,0.0
1971-08-31,0.03136594236207169,0.12017462173944415,-0.10819986756850292,0.00277500170310091,0.0,0.0
1971-09-30,-0.002670293563017973,0.11653527061779853,-0.10479454484194632,-0.004917105660600865,0.0,0.0
1971-10-31,0.004330188472621275,-0.07551425668379871,0.11436938360394235,-0.002038144637625758,0.0,0.0
1971-11-30,-0.022165198901134147,0.023258440169206834,-0.017449993110229753,0.002633223546358798,0.0,0.0
1971-12-31,0.08904768161695632,0.02235656259448485,-0.01685997550834145,-0.024085268787200867,0.0,0.0
1972-01-31,0.030146344573676362,0.0010056620663309104,0.03766750238765594,-0.01921393376299889,0.0,0.0
1972-02-29,0.021481015966121134,0.0009971596515125484,0.036471541603145106,-0.004754812960623056,0.0,0.0
1972-03-31,0.02083641089761844,0.0009793435381420586,0.03534511790643756,-0.0010672906277707688,0.0,0.0
1972-04-30,0.020211330482531636,0.0009734112747927075,0.034266875867231664,0.004914450331321773,0.0,0.0
1972-05-31,0.03563539590995804,0.0004872867468159459,0.03234875622876599,-0.0016092360357858847,0.0,0.0
1972-06-30,0.051354446554626065,0.00043906737358050194,0.03129819256060509,0.00809134895456388,0.0,0.0
1972-07-31,0.013881302456881274,-0.00026942181561584997,0.028370097875725392,0.040524670026692175,0.0,0.0
1972-08-31,0.019936131218675303,0.00770280125690404,0.037850705182476574,0.035528072518309785,0.0,0.0
1972-09-30,0.06579925390898353,0.04047848897305696,-0.10885275744119102,0.04754385179636588,0.0,0.0
1972-10-31,0.0727588566193341,-0.008890524935134633,-0.0920719483318185,0.02643971137849199,0.0,0.0
1972-11-30,0.043179720941381255,-0.008618968157313871,-0.08928466881996304,0.025687598443508014,0.0,0.0
1972-12-31,0.026753594596787843,-0.008354300096518818,-0.08657997692035274,0.025528975335841454,0.0,0.0
1973-01-31,0.026814049085302886,-0.008046131267809072,-0.0836551372987053,0.007670541123379126,0.0,0.0
1973-02-28,0.02503141302431389,-0.007789058769907525,-0.08105347528557974,0.0032989904694566445,0.0,0.0
1973-03-31,0.01848750925051245,0.004697757269457497,0.05175482241440488,0.00022386129515125338,0.0,0.0
1973-04-30,0.02084130953158135,0.004552766594696881,0.05018280477482721,0.00318099273505182,0.0,0.0
1973-05-31,0.017727976851027366,0.004418651432606271,0.04861804851220754,0.004592924613745217,0.0,0.0
1973-06-30,0.00525578116779468,0.004273845101160679,0.047136668356480074,0.005344003119678646,0.0,0.0
1973-07-31,0.00509791961190592,0.004151978701489826,0.045702390538478264,0.00518370540564947,0.0,0.0
1973-08-31,0.04577281311392777,0.0040066796911541235,0.04428024531180013,0.005028113940319169,0.0,0.0
1973-09-30,0.032239426167201775,0.024220800372269095,0.11944647228135272,0.00257187900351311,0.0,0.0
1973-10-31,0.03589691258170511,0.023487533503256792,0.11583701715206525,0.015466755002037135,0.0,0.0
1973-11-30,0.03482002829675951,0.14360752054203413,0.11219130756571977,-0.016404950175809452,0.0,0.0
1973-12-31,0.03377510738632478,0.1392812038561638,0.10877754597871067,-0.058275767114492005,0.0,0.0
1974-01-31,0.009004316908225972,0.13416794544979202,0.11866584385664204,-0.05652683029140475,0.0,0.0
1974-02-28,0.014305054716039853,0.12850610442118757,0.11450865408159501,-0.05311204707452991,0.0,0.0
1974-03-31,0.013875771654260705,0.12454070907182603,0.1110130679619735,-0.05151846525102163,0.0,0.0
1974-04-30,0.006234791740451899,0.12052399656867914,0.10749487830787681,-0.014669974118133672,0.0,0.0
1974-05-31,0.012383627745398893,0.11667118092045493,0.10410151438051779,-0.012103828609628654,0.0,0.0
1974-06-30,-0.03158807178625079,0.11228559899487926,0.10037614981740602,-0.0019996955176523005,0.0,0.0
1974-07-31,-0.03063970493196903,0.025102891600765703,0.09694521067072694,0.00834735642712754,0.0,0.0
1974-08-31,0.007488159916572423,0.024337149490131396,0.09377178195443135,0.0007654018493020174,0.0,0.0
1974-09-30,-0.0571687137819924,0.0867780725067996,-0.02764743442044798,-0.0035484497308483037,0.0,0.0
1974-10-31,-0.009836147715104729,0.00350160678272958,0.017106001299980005,0.05243714458801422,0.0,0.0
1974-11-30,0.05027185800361207,0.0033900830301509133,0.016576618939149253,0.035903264907421115,0.0,0.0
1974-12-31,0.027591540184864285,0.32569070554676266,-0.30288301702884385,0.03625286224543941,0.0,0.0
1975-01-31,-0.0805502873076686,0.11870328838649016,0.04155691626120589,-0.16416097744234454,0.0,0.0
1975-02-28,-0.07880386449504556,-0.04702699590088208,0.08693736080464765,-0.15257010250428008,0.0,0.0
1975-03-31,-0.06319620940256933,-0.01856169975986399,0.010927858131966478,-0.00381083135727614,0.0,0.0
1975-04-30,-0.0215965404104227,-0.01792484131021096,0.010607093572958496,-0.010713640978853136,0.0,0.0
1975-05-31,-0.027224765311456883,-0.01734728950783334,0.010308056775584872,-0.011809890350759675,0.0,0.0
1975-06-30,0.06220612670835006,-0.016600430968313436,0.009955213362770719,-0.012942846666723839,0.0,0.0
1975-07-31,0.00469793352765932,-0.11470920809837194,0.09831930716886683,0.0001498460714463197,0.0,0.0
1975-08-31,0.005546994979244529,-0.11119546699016357,0.09529423940856958,0.00417496614219825,0.0,0.0
1975-09-30,0.003219917823430429,-0.10783000453820904,0.09238114375214834,-0.0011287225985884709,0.0,0.0
1975-10-31,-0.0039186190930701244,-0.10407264831908536,0.08897192284651106,-0.007982586217222169,0.0,0.0
1975-11-30,0.0032263383955748494,-0.10054347353482358,0.08609641800054127,-0.0009759366769243032,0.0,0.0
1975-12-31,0.010105268298096284,-0.097507818903245,0.0834831341918038,-0.0018032222334668805,0.0,0.0
1976-01-31,0.020739194076338015,0.01927628937184446,0.08175987718867944,0.0061246603378292165,0.0,0.0
1976-02-29,0.020060332241620175,-0.0030820338261273623,0.07579771251874001,0.015282842453398927,0.0,0.0
1976-03-31,0.008239865241353917,-0.0029893215299445657,0.0733048146588886,0.019769416947023017,0.0,0.0
1976-04-30,0.010127812028705434,-0.0029709187064815984,0.07046693046566105,0.018765123251979487,0.0,0.0
1976-05-31,0.009775573709739605,-0.0035676691866588623,0.06531417330822253,0.018254497099194786,0.0,0.0
1976-06-30,0.008313517812782981,-0.0034458999842458243,0.0631849720365324,0.017656127159246728,0.0,0.0
1976-07-31,0.04654209549250537,0.15707327106099733,-0.2904282414345327,0.039148708221355764,0.0,0.0
1976-08-31,0.04287570520566891,0.0020603994651530455,0.06786874770373891,-0.0006000753014324817,0.0,0.0
1976-09-30,0.007080403689183598,0.0022568610364337555,0.06432729497273118,-0.01236401414914214,0.0,0.0
1976-10-31,0.014714430690384594,0.0022853507911297813,0.06218312972147647,-0.029024201695647307,0.0,0.0
1976-11-30,0.009395540333147708,0.0023543191497776995,0.060146792621659936,-0.025500445146508188,0.0,0.0
1976-12-31,0.02133604016104065,0.0023852565294181943,0.05828035065901065,-0.022376438431830216,0.0,0.0
1977-01-31,0.029568140225574406,-0.014840611017287045,-0.02107029638518408,-0.014621417679362323,0.0,0.0
1977-02-28,0.009983218532799053,-0.014290092786065666,-0.02029450328094179,-0.003941944374111181,0.0,0.0
1977-03-31,-0.013177922019390017,-0.013675867729376236,-0.01945520925148806,-0.012162063280592841,0.0,0.0
1977-04-30,-0.012781426338114703,-0.013125901361161929,-0.01867494306020672,-0.004160582617279444,0.0,0.0
1977-05-31,-0.041315712843889706,-0.011779141938373067,-0.01689278110409423,-0.041455770432483816,0.0,0.0
1977-06-30,-0.04007531084006938,-0.02350486889424933,0.033975078468520284,-0.04021186110537478,0.0,0.0
1977-07-31,0.01656035547876083,-0.022800125288105995,0.03281889183170895,-0.033163202991521784,0.0,0.0
1977-08-31,-0.010092638937745327,-0.020916128968565748,0.029807135695894806,-0.015429987153546626,0.0,0.0
1977-09-30,0.012934854271465528,-0.02011552794999893,0.028656107488549368,-4.44168331454331e-05,0.0,0.0
1977-10-31,-0.0064965152839268694,-0.019386648253419556,0.027769887174312384,-0.005437152560098561,0.0,0.0
1977-11-30,0.04432962803511403,-0.020301063066962832,0.017527535602131918,0.006289458910104327,0.0,0.0
1977-12-31,0.02152302965480532,-0.011131039596494304,0.020177005509762577,0.053408887196022777,0.0,0.0
1978-01-31,0.020877096611246763,-0.010279276323539071,0.01956030845128347,0.05180497068711069,0.0,0.0
1978-02-28,0.035977632709610005,-0.009550594836573417,0.018966556204700603,0.039056523931395436,0.0,0.0
1978-03-31,-0.008465828050605972,-0.00896159260349711,0.01856164281100339,0.04494345976696708,0.0,0.0
1978-04-30,-0.09916751322312393,-0.24431602615700784,0.2571573708295199,0.05462163867220328,0.0,0.0
1978-05-31,-0.09617115563413632,-0.23541831678741532,0.24862393871843907,0.05297538293204732,0.0,0.0
1978-06-30,-0.002537464486426222,-0.22762547904025818,0.24015823600724262,0.004452143457807173,0.0,0.0
1978-07-31,-0.00045549592639195034,-0.2201777012665661,0.23234438263928772,-0.0032304096687714706,0.0,0.0
1978-08-31,-0.025851828822615632,-0.2123765651253094,0.2242741736234322,-0.0019172961901399532,0.0,0.0
1978-09-30,0.008390618216151335,-0.20588238764039302,0.21734543205489704,0.0008040541712689465,0.0,0.0
1978-10-31,-0.08706253477308282,-0.0209749419051016,-0.031512783006473505,-0.014948939645740013,0.0,0.0
1978-11-30,0.003959749171230917,0.016852487426624395,-0.06436498789883248,-0.011885769435902272,0.0,0.0
1978-12-31,-0.027827180858527478,0.008884904872847512,0.047218452515631996,-0.01650496792291201,0.0,0.0
1979-01-31,0.005516707426914961,-0.02459323943456737,0.03685246054720572,0.014818363231541485,0.0,0.0
1979-02-28,-0.02140951512168857,-0.023737343169496473,0.03572879979261857,0.002438502488881023,0.0,0.0
1979-03-31,-0.0012732304908689707,-0.02054414946271479,0.03334657393413128,-0.01758169749737716,0.0,0.0
1979-04-30,0.02492890984614295,-0.019787632014781165,0.031767988351866824,0.007631400467236399,0.0,0.0
1979-05-31,0.015525386600777295,0.03899397127331067,-0.013661266646080288,0.008060604710262929,0.0,0.0
1979-06-30,-0.01834949326808051,0.03770063131894739,-0.013011531731026964,0.021913264307099938,0.0,0.0
1979-07-31,-0.019153701031674505,0.036295216738798715,-0.012525943752961346,0.008822106082916148,0.0,0.0
1979-08-31,-0.013006541890347872,0.03515594047282149,-0.012141193253311785,0.008676728363074038,0.0,0.0
1979-09-30,-0.04246406619020379,-0.09305771878074466,0.06448834290941294,0.0600160340007732,0.0,0.0
1979-10-31,0.09857673029270372,0.06276040291998641,0.051375840525973396,-0.030559860885692,0.0,0.0
1979-11-30,0.04686625084354106,-0.020668828796863437,0.05433961537503702,-0.02359916452392566,0.0,0.0
1979-12-31,-0.07053490411878233,-0.019771698318645493,0.052837270935611635,-0.033110967910521774,0.0,0.0
1980-01-31,-0.015796219350457226,-0.019141110786162076,0.051224508671538396,-0.019807813121898422,0.0,0.0
1980-02-29,-0.039331764254266946,-0.01855947743100822,0.049510087283438045,0.009267019178240452,0.0,0.0
1980-03-31,-0.04398463900319635,-0.029114782518146892,0.0480965771842871,0.014635357121989125,0.0,0.0
1980-04-30,0.03619949036654262,-0.13517927413007785,0.06544976093689955,0.03147591521658946,0.0,0.0
1980-05-31,-0.0010269860986431081,0.035746689397505055,-0.016367077241314684,0.0020121310841535144,0.0,0.0
1980-06-30,-0.000996172053057463,-0.005919437112693937,-0.01587311893794571,0.0017955650475302112,0.0,0.0
1980-07-31,0.06519693617394559,0.21285757603132135,-0.29406110428563875,-0.04463460869080006,0.0,0.0
1980-08-31,0.0632223270027694,-0.01699375957694027,-0.2805920040321167,0.011136574279185109,0.0,0.0
1980-09-30,-0.01412708349570279,-0.016365105655014662,-0.271051613189982,0.018342976232130572,0.0,0.0
1980-10-31,-0.012872478972233273,-0.015834707800319564,-0.26269140110784034,0.02556370077238594,0.0,0.0
1980-11-30,-0.012485537307588555,-0.015363554176246534,-0.2543569918320963,0.02479680502290926,0.0,0.0
1980-12-31,-0.02792034150488831,-0.33399487168368586,0.13817331232678176,0.022317699779569516,0.0,0.0
1981-01-31,-0.027075822339973993,-0.32252309654778477,-0.055014833204069524,0.022066296805769395,-0.0011455698902090362,-0.0008297681516213303
1981-02-28,-0.01970241615085382,-0.28841949925025767,-0.05175128061280761,-0.011558365709208932,0.001818478182161749,0.0014477469292855946
1981-03-31,-0.01833362849536429,-0.2793470169703373,-0.050142141608258445,-0.011977408874667438,0.0019514613489557886,0.0015518415316147284
1981-04-30,-0.017776146719530563,-0.26562679171905007,-0.04808293950334206,-0.011617198652133068,0.002591963165630926,0.0020487670830151876
1981-05-31,-0.07486201574720106,-0.251647965010821,-0.04359449800410232,0.025028570502909915,0.01745892621941367,0.013348163050141904
1981-06-30,-0.07261069704851517,-0.24362057499182832,-0.042011165122243344,0.024275516842706485,0.016799500894212553,0.012866857223459371
1981-07-31,-0.2149572688155315,-0.22552701494582086,-0.03615456116725959,0.0814997813353386,0.021231793473356735,0.016437280039538336
1981-08-31,-0.20849886875687929,-0.2185127192333515,-0.03504230770654794,0.07905465968466631,0.020476393510303666,0.01586547725241575
1981-09-30,-0.20216927567723583,-0.20870155639125243,-0.03368628554919346,0.07659907827694946,0.0189834886165589,0.014829455101031936
1981-10-31,-0.19609775789927258,-0.2019015138026347,-0.032558298779924034,0.07430028265919567,0.0182285591445645,0.014266209215501901
1981-11-30,-0.18582002436895972,-0.19511674478530633,-0.03158814153920922,0.07303040107466773,0.017543745461084892,0.013768889249026103
1981-12-31,-0.1801985925406993,-0.18853435606133204,-0.030586285722784746,0.07083854989822605,0.017015027761461222,0.013363437757929041
1982-01-31,-0.11833960351825579,-0.18270052708129125,-0.02962614007675145,0.0640116332891835,0.016502174234872775,0.012966353493994245
1982-02-28,-0.11476388105801125,-0.1752880264629116,-0.02860660405533706,0.06208853589975476,0.015828613396338138,0.012468749818674556
1982-03-31,-0.08091797977116763,-0.16516657099389545,-0.027435035832706917,0.06409985900386125,0.014388725093925456,0.011569668892748035
1982-04-30,-0.07345625065602487,-0.1594156688769036,-0.026277519026424778,0.061887218765632815,0.013822004627159592,0.01114143842786518
1982-05-31,-0.07332625754495396,-0.1542941187963511,-0.025291587405019484,0.059279641114587354,0.013221063478450508,0.010678640655001351
1982-06-30,-0.07112356922033714,-0.1488289438554822,-0.02450549964987515,0.05750096683105554,0.012659208438505204,0.010250945026816073
1982-07-31,-0.047040134862499944,-0.14376659381193818,-0.023803479203402977,0.06029055522851823,0.011618710483238362,0.009492171022270054
1982-08-31,-0.04846865451270083,-0.13908173698055598,-0.02287404416751131,0.05713005278289625,0.011546087696798359,0.009408204695027018
1982-09-30,0.016604133985221176,-0.09036083762630193,-0.010821206354401711,-0.07320451097669618,0.010339367941093074,0.0092612307092099
1982-10-31,0.01610616243854481,-0.0875987508525446,-0.010415170554107069,-0.07100825790086343,0.010067708675908638,0.009015314455135018
1982-11-30,0.015576162497584685,-0.07821968966454312,-0.009393333949952523,-0.06875556498661586,0.007336966834436733,0.006880180626347897
1982-12-31,0.035168701286908605,-0.07578772187221573,-0.00915893912516018,-0.06807190704073196,0.007511060200647376,0.0069835369698655276
1983-01-31,0.03075978921361676,-0.004309393224162059,-0.008861639040808068,-0.0660296798729984,0.00728364581248782,0.006772869257369015
1983-02-28,0.02983661112239957,-0.0041780092969831845,-0.008575463538834578,-0.06404859773959358,0.007135660443445576,0.006625219314998041
1983-03-31,0.03962955003894667,0.04484731447981565,-0.008391371527113063,-0.0621261739060954,0.006601924160132108,0.006194885133664556
1983-04-30,0.031728535347235395,0.04352029947330206,-0.0077964041772139595,-0.06813331287905915,0.006565018564563997,0.006130126948183538
1983-05-31,0.030673019152637385,0.042258109551536326,-0.0075191539339670285,-0.06614792133153892,0.00587315479704369,0.005587217146542879
1983-06-30,-0.05651257175829935,0.040783943834130615,-0.007613731327379608,-0.012429950367082616,0.006744267018035512,0.006194894224541127
1983-07-31,-0.05424727529201337,0.036326547092450256,-0.009112166756508156,-0.011979848491161377,0.006626004110219448,0.006206783930778854
1983-08-31,0.06090967937773966,-0.01230416103943053,-0.012379772228116289,-0.07353895207629005,-0.007707148773045726,-0.007705718421588078
1983-09-30,0.05909905070934749,-0.01116117657303589,-0.011957425619007261,-0.0713296129240695,-0.007546261359953909,-0.007521695887849682
1983-10-31,0.057320721247872755,-0.009688855424141959,-0.021510588256747235,-0.06918547759434893,-0.0070010495239442045,-0.00708187723422766
1983-11-30,0.012645006863118313,-0.009388272273436658,-0.020835679771012267,-0.047873599051477325,-0.006764888038144837,-0.0068516859080254185
1983-12-31,0.011938097129680006,-0.002102434069126871,-0.016219345884287834,-0.04618087613074003,-0.0022744804462929147,-0.0035755633616738783
1984-01-31,-0.009056386496660499,-0.0016158964156151802,-0.012315095895325317,-0.005180282338096816,0.0025164219019584368,0.0005592865978203518
1984-02-29,-0.01249462005582261,-0.0017064024523189445,-0.012035497317017524,-0.006066706256997578,0.002896383403076068,0.0008992511383948362
1984-03-31,-0.014187059287004478,-0.001908596749593101,-0.011913353061369031,-0.004642590301878314,0.003508234770699739,0.0013948121306615025
1984-04-30,-0.013606754817550715,-0.0018798739624576845,-0.011524287464493587,-0.006193182766451095,0.003995521414267495,0.0017913312848364781
1984-05-31,-0.03223181281615701,-0.002191829634585384,-0.011207604568860132,0.03346271691956277,0.0028655971015952002,0.0011165396428364687
1984-06-30,-0.031264110760872404,-0.0021080472068231394,-0.011043977465888529,0.03245900579909632,0.0027645469765764626,0.0010789798665581242
1984-07-31,-0.008327598867567506,-0.001872410369027605,-0.010484644114048544,0.029531034491191235,0.0025663070543102792,0.0009735920783126059
1984-08-31,-0.036625275991052475,-0.002183582831068873,-0.01053349708292941,0.035515410567390264,0.0027081667877792673,0.00111036468480538
1984-09-30,-0.024113904998111217,-0.0021096889327853704,0.05165327737904195,0.034449796007284345,0.0025766314480757634,0.0010484527535593693
1984-10-31,-0.02338995611914847,-0.08760905122847662,0.05010332907201869,0.03341633874515681,0.002617231630282022,0.0011037507640597986
1984-11-30,0.00735913433400907,-0.08481005940994361,0.04847047948909859,0.03241326992074782,0.0021323612158577017,0.0008193043115876598
1984-12-31,0.01627293837083047,-0.08224695321997248,0.04695447801714838,0.031440576452718236,0.0021403124266722432,0.0008500582877331567
1985-01-31,0.015784914338501054,-0.07965465698115905,0.03970031250662028,0.030496593329753532,0.0021802841068966974,0.0009142097465158853
1985-02-28,0.015249454775774482,-0.07374255721115502,0.038075948870848066,0.02957957993092534,0.002019157941067756,0.0009239984537648391
1985-03-31,0.03689450226704637,-0.07132933235315286,0.036933779660355166,0.019080969022583646,0.001645639818499528,0.0006775522991741228
1985-04-30,-0.0245689365977085,-0.06802160679602054,0.035779588282529515,0.02615025729326883,0.0009551238863503463,0.00022518430223157713
1985-05-31,-0.030508506863217832,-0.06554452029730193,0.03442794348019088,0.03564622291605499,0.00035182500652134786,-0.00018261894710609787
1985-06-30,-0.01717415984751004,-0.06345952127308241,0.03324585121030717,0.032828055182162405,0.0005374972885848201,-3.169674601368106e-05
1985-07-31,-0.01664811418299777,-0.05567784593863727,0.04092341223594866,0.031596837144292726,0.0008427956665368232,0.00027805987169630096
1985-08-31,-0.019369953226560224,-0.05249177734019331,0.039906313649892146,0.0288606514941163,0.002167127385456157,0.0012750083734557253
1985-09-30,-0.018786613560440917,-0.05266229347335292,0.03870501349924175,0.02799816866536576,0.00209128751171388,0.001233787753251589
1985-10-31,0.02767735082638898,-0.05084345711493927,0.03745296205671918,0.005494179851989658,0.0016761417018103918,0.0009476226009341837
1985-11-30,0.017033765320519853,-0.04919366261930684,0.03628192925181678,0.009125958220537238,0.0015713347384413634,0.0008831247066143468
1985-12-31,-0.031047997240043906,-0.03403537628627643,0.02485636263529965,0.042024695562499326,-0.0032337056275227186,-0.0029098463234934805
1986-01-31,-0.02119389004334639,0.014301535939165076,0.04773712630327441,-0.10423087488040891,-0.07287374544936409,-0.06538649039220962
1986-02-28,-0.021469158117201532,0.013937945128025627,0.046293957150102795,-0.10045617282884571,-0.0704926895918554,-0.06328595071021205
1986-03-31,0.0063407769472911095,0.013002245094416108,0.04417446839341346,-0.0187020865630948,-0.06784945699341345,-0.06104991146439305
1986-04-30,0.006147700496272951,-0.018784543304929853,0.04308053192621084,-0.018140028030132507,-0.06431625819417137,-0.05817685160347302
1986-05-31,-0.012922733734928575,-0.017928530165430712,0.04185096932295344,-0.009055209372362458,-0.061545484050865816,-0.055877061461960434
1986-06-30,-0.0035943175940335303,-0.0035396061144519833,0.043206233151393915,-0.0730231937677692,-0.018362140529765578,-0.0212486074437344
1986-07-31,0.057438176942690426,-0.003929360451581644,0.03986089587240055,-0.04600524320801516,-0.016579021473967236,-0.01950645185792162
1986-08-31,-0.015708591562543915,-0.006687070619196463,0.023450517313027677,-0.012928872853930955,-0.0026079477149828605,-0.006534861437199561
1986-09-30,-0.015236725004481587,0.07304931302598648,0.02216000057125718,-0.01254529937219243,-0.0026023331726203035,-0.006330681389679012
1986-10-31,-0.014779224921670182,0.07082308205008607,0.021450747055329556,-0.00543488477287798,-0.0025118252264346393,-0.006112347412628953
1986-11-30,-0.014339231152276158,0.06859405973705446,0.021343773695933415,-0.005271726037879872,-0.002582058215454172,-0.006017916435820952
1986-12-31,-0.037920600407121544,0.06642267628934688,0.020701573234215252,0.018379844695251717,-0.0025968210520548466,-0.005878438618202827
1987-01-31,-0.0703361057319403,0.06268432370483945,0.020230258245087222,-0.016926768435140807,-0.014060079007904135,-0.014129914718695924
1987-02-28,-0.04511634358215624,0.06058560214602871,0.019457066083167985,-0.017211118563569997,-0.013525026588805732,-0.013620893352041915
1987-03-31,-0.02911611010179742,0.05846129252566446,0.01875675459191113,-0.010866575275577349,-0.012563007968139694,-0.012799969513135761
1987-04-30,-0.010156765250040608,0.0556835407998509,0.017763205756247735,-0.01945545924083586,-0.01120824230292588,-0.01168313910868681
1987-05-31,-0.009851777217861913,0.045131042069916055,0.007334592642248403,-0.018871859835811158,-0.010901209142149742,-0.011349148210134075
1987-06-30,-0.009449128279271616,0.043469011641972984,0.007006855201047904,-0.01830421006194059,-0.009898347284906949,-0.010512485215217726
1987-07-31,0.008062560573709332,0.04206904353165681,0.0068773372607748885,-0.003674903478406495,-0.009968744934457773,-0.010452125323838324
1987-08-31,0.015912083233321724,0.029966720755195506,0.0011198047710571403,-0.015016947962086876,0.03151674316703485,0.020532870089538142
1987-09-30,0.15482787837992637,0.03201997769851586,0.0053641273685830606,-0.12015951442344026,0.049438686627837236,0.037193035745546874
1987-10-31,0.09491587503844726,0.03135382166776083,0.005529010495113586,-0.059664736129277966,0.04818250657629854,0.036364097486841766
1987-11-30,0.09211189440440366,0.03077788553627462,0.005374551341933587,-0.05787494894441297,0.04634298618270381,0.03499376766920581
1987-12-31,0.08934369339465291,0.030123670780437435,0.005130163995771428,-0.055723915898930436,0.04448240686753187,0.03363760172931375
1988-01-31,0.08241949183557266,0.05150841262876886,-0.11318712796447186,-0.05359435316443023,0.03147972619985079,0.030247508779539006
1988-02-29,-0.07051916066300086,-0.045404587048593396,-0.10913904469480927,0.10514829280211574,0.009106218134009452,0.009596338279145761
1988-03-31,-0.06840155874946306,-0.04398028719193311,-0.044642298524003365,0.10199337127484825,0.00883488894347003,0.009309175043328174
1988-04-30,-0.06634798621362314,-0.04202740025061128,-0.04330651918664346,0.09893149522769083,0.008984734848601857,0.009319666561056386
1988-05-31,0.014954567540344396,-0.03772151819238357,-0.038998044269130464,0.05931808462047427,0.007429649698816824,0.007928985234370446
1988-06-30,0.014323620868460148,-0.010452194907478226,-0.037762919554870225,0.05744630969906358,0.010800269002786581,0.010635982327890578
1988-07-31,0.023215810009298312,-0.009847315573254885,-0.03637271643671939,0.052947118052289056,0.010198009136842875,0.010102370679066615
1988-08-31,0.07961545110573699,-0.009012163687604534,-0.034625482353708346,0.016048494052584912,0.006731873416893635,0.007461005674499385
1988-09-30,0.07721707583454063,-0.003530393025944039,-0.032872826267414626,0.015566429808218818,0.006431648615921933,0.007158655429760727
1988-10-31,0.07481449615626444,0.02273958545221535,-0.017390141501315768,0.012550206857131726,0.002234585285281333,0.003453285855838794
1988-11-30,0.021889764155102173,0.02202764962865382,-0.01682550604454549,0.012173609699623928,0.002127299656454534,0.003313818616679842
1988-12-31,-0.05452105032771523,0.020927599771651144,-0.014962940464236562,-0.012672462746440552,0.0023150383526598884,0.0033255201896540405
1989-01-31,-0.05285817198012426,0.023225927339970347,-0.05391902509436819,-0.012266877336000105,0.005851428416897179,0.005890092589908434
1989-02-28,-0.05115554675829153,0.022499211730146143,-0.05193805899028467,-0.011900384702405611,0.005262489727607277,0.005398892356934272
1989-03-31,0.014921491374183873,0.021826541991983212,-0.05004036100471307,-0.016466636015075555,0.005192133275195178,0.005300532470898986
1989-04-30,0.01447170581827947,0.02058893404605403,-0.0474209691095597,0.007042843715232363,0.0037637666785774876,0.004182809176044942
1989-05-31,0.013311473303877847,0.019214535929591863,-0.027217727882135664,0.007191192048852644,0.01887496173818427,0.018529842030554775
1989-06-30,0.013050446554299933,0.018804611988774755,-0.02640110304821538,0.006975090061931154,0.018207828026969207,0.01789793753509107
1989-07-31,0.012613972284809118,0.03466987858715223,-0.025301706651994216,0.014784129845828746,0.016925845390754694,0.01683889387194052
1989-08-31,0.004919845007583792,0.03355529217617879,-0.02443844325605309,0.014579293087956621,0.01619265099105029,0.01617286866266246
1989-09-30,0.003609432778047572,0.03237693214120314,-0.02275035803026471,0.014141207724028751,0.014852318880713596,0.015082973641862547
1989-10-31,0.05619072333528453,0.030987837222790523,-0.02260978399699309,0.017645287112605886,0.015346373523714915,0.015287798507040791
1989-11-30,0.054502322744522776,0.029956928569233078,-0.021801572549905748,0.03299185058904518,0.014791371339586301,0.014763740142358333
1989-12-31,0.06486354461170815,0.029774259238564568,-0.017508925027774586,-0.107768471524937,0.008464603567365298,0.010116945115747709
1990-01-31,0.030178536099985796,0.028512041696380348,-0.017444408992203227,-0.10452935149299344,0.007733476619767636,0.009387561239343171
1990-02-28,-0.002851375813591038,0.027620401076221716,-0.01690451256626781,-0.09072770494076945,0.007326380701008425,0.008973279441289528
1990-03-31,-0.002667602089116694,0.02668509936496859,-0.01618527088972553,-0.08063242237781737,0.0063869509559958074,0.008149216859209595
1990-04-30,0.02231612829791241,0.02582819453398229,-0.01547904595635383,-0.0036690562902519375,0.006702385723494796,0.008231110922887558
1990-05-31,0.017700805828871173,0.024722191858520152,-0.0149978100378475,-0.0023259373730184253,0.005304567756958681,0.007108223093990286
1990-06-30,0.021396547973195495,0.02636083144216103,-0.010118440067580604,-0.03715305502547283,0.0078122236776248044,0.008618266670023602
1990-07-31,0.004283905853169585,0.018949943812718,-0.0018045336371769003,-0.01011986081647039,0.012505450522591954,0.01229769047630665
1990-08-31,0.05564021018002561,0.01816224114554543,-0.0018086648630276452,-0.014352780784147926,0.011195801788567106,0.011160230650508595
1990-09-30,0.05174349812102515,0.0176640595291024,-0.0016244882459073955,-0.0013562682300735096,0.01093786760219968,0.010887046992226477
1990-10-31,0.050190460124530274,0.017067105348027568,-0.0015931255343444774,0.006365924850377918,0.010358515370595421,0.01036866026915418
1990-11-30,0.04868272048318344,0.01658192571607171,-0.0016596389438878851,0.006175206057334869,0.009982682544342775,0.010008957468989508
1990-12-31,0.04720759005080918,0.029329938848600447,-0.01420115935724119,0.005990216799899639,0.00982391408368743,0.009812251948739584
1991-01-31,0.045791604623972006,0.028416410835018464,-0.013748659092567233,0.004407873403749311,0.009508457692960893,0.009502781083101007
1991-02-28,0.04441651774340062,0.027343021683247946,-0.012974105047662091,0.0042744817026498655,0.010224463742028851,0.00994517744267346
1991-03-31,-0.08501495488005326,0.02793667265971887,-0.008527212151696623,-0.0757746346098508,0.02202704854187994,0.018693615261608412
1991-04-30,-0.08246063956017828,0.027176855316708475,-0.008272743591065475,-0.07349814662221023,0.021029250431340282,0.017916424446184097
1991-05-31,-0.07993206615406188,0.023517408073905743,-0.005135679501104313,-0.0711336061291233,0.01749201275777234,0.015397508964576442
1991-06-30,-0.07746648685548282,0.0266081443959342,-0.003512965037667092,-0.06808639855483514,0.009005350687935466,0.009070955228704708
1991-07-31,-0.07384919439930406,0.023427221338840173,-0.004457328079394857,-0.06541485713336351,0.005906247525550274,0.0065829678921097996
1991-08-31,-0.07140573857930338,0.017836373245034114,-0.019703183935529417,-0.06135626635087929,-0.004362808580309843,-0.001979882401373265
1991-09-30,-0.06922239777515014,-0.004140534841155168,-0.017576524373706347,-0.05861818148719416,-0.006870004782756306,-0.004144008211846122
1991-10-31,-0.061723698820535425,6.830732939254458e-05,-0.009687350343413401,-0.05172696993374256,-0.015649978598523545,-0.012482621795421426
1991-11-30,-0.07534081074900674,0.00012979773587393326,-0.00931901510564959,-0.0332537185264115,-0.015265250223085114,-0.012180236078303795
1991-12-31,-0.07316873966373727,0.0065470847258046975,-0.01904480117036134,-0.032261736617989444,-0.00755400364683598,-0.0062043546224653185
1992-01-31,-0.058351853379905394,-0.05612085471505146,0.07508292125793176,-0.027015278778847376,-0.015807650158647293,-0.01561442067027379
1992-02-29,-0.026249172895075487,-0.054397509370981,0.07279189655413086,-0.026203996181733247,-0.015307863644240638,-0.015127431334694505
1992-03-31,-0.1641778950479662,-0.6065315207584103,0.11947606151540846,-0.02548240611882142,0.006655077505525745,0.0009558723312029782
1992-04-30,-0.15839447600902673,-0.5459442230749629,0.10312720693605607,-0.024702174304945045,0.00613359678268403,0.0008857533541787279
1992-05-31,-0.028794519416593473,-0.5265885093030755,0.09945834715860319,0.06118649382543831,0.004524306050490563,-7.110375536499049e-05
1992-06-30,-0.02792395313530616,-0.48551485758808605,0.0930256125805245,0.05935965955954954,0.0002187466341738633,-0.0029064786816615975
1992-07-31,0.021433000290548326,-0.4688216920900786,0.08989261921307429,0.03193080676545473,0.00027455244994883005,-0.0027475664331508567
1992-08-31,0.01252683461542929,-0.03430521342532855,0.008144877469559858,0.04418766234069416,-0.02336772975274954,-0.02318926643804541
1992-09-30,-0.019960889283907927,-0.031575963503064707,0.009209906167847847,0.046291101341778024,-0.030236488523069475,-0.02791804855038607
1992-10-31,0.002144455782815559,-0.030201752211594525,-0.00711624112750628,-0.014243003091943679,0.012316651960745228,0.00687893683983358
1992-11-30,0.004369550570728161,-0.02920234678171098,-0.00686325966866286,-0.005935661113233582,0.01192354574643688,0.006673342006067577
1992-12-31,0.12837121321442574,-0.028044163173533154,-0.006535759268593458,-0.04948437050544417,0.01193495737085133,0.006796811218687793
1993-01-31,0.12450089976839357,-0.025100704701939938,-0.006230271146044489,-0.04799967916463296,0.011529972779690454,0.006598219506079508
1993-02-28,0.12076444349255015,-0.024287702135665157,-0.0060048659136426675,-0.044092710043301106,0.01112611758723961,0.006372955115194825
1993-03-31,0.11705368967333662,-0.021657634496383353,-0.005481704964511931,-0.04297670124555499,0.011379098951907009,0.006693771490988021
1993-04-30,0.11323905386191928,-0.02049465091726227,-0.005260561635462882,-0.04169238711762555,0.011481450252784974,0.006858526903082544
1993-05-31,-0.01786320225123228,-0.018854671118875385,-0.004353330768382252,-0.01668088212018293,0.010516248088395559,0.006383941631537616
1993-06-30,-0.0944354620707386,0.005625482817734489,0.021915155383415742,0.020969999481231502,-0.001940915003883166,-0.0022716213934035464
1993-07-31,-0.05632055453137409,0.009004041675760046,0.02202608194609823,-0.008992685828488157,-0.0017514739007654938,-0.0020219161663364467
1993-08-31,0.0076448647216874055,0.00846043409664513,0.020587118565546538,-0.018145768905593322,-0.0013099508980726577,-0.0016476797214046604
1993-09-30,0.007581136343083052,0.007731799180616413,0.019264609247474338,-0.023940663034348966,-0.00025650695991694616,-0.0008210063775925447
1993-10-31,-0.0007155058794396279,0.00675456846013657,0.017570676404287652,-0.019414810973118507,0.0014781702773746367,0.0005224616092035605
1993-11-30,-0.0006945880974515612,0.0065955417256013905,0.017061481895129987,-0.004392502167840427,0.001419192693747366,0.0004984264646101335
1993-12-31,0.011563252664447705,0.07642072457653312,-0.10032050217690096,-0.005405689497037235,0.0358191325036825,0.0356369830144408
1994-01-31,0.011253070759890502,0.07268207911905361,-0.09680566518580362,-0.033122065686422356,0.03437253087064583,0.03485594768339433
1994-02-28,0.010476288965535971,0.06874728069118141,-0.09327488638399287,-0.03212964498011085,0.028879785190609953,0.14672963314290638
1994-03-31,0.010157557976786765,0.06668004648736832,-0.0903807281078119,-0.031163807638635153,0.028022166584041837,0.14204404097566903
1994-04-30,0.009818298815709125,0.017995112228685002,-0.03775381707204984,-0.030222536855295478,0.0015180631662156385,0.12630660428815615
1994-05-31,0.009516078735214442,0.01737853842332917,-0.036094016846238336,-0.02928987918500294,0.0014072936428884124,0.12170788052114281
1994-06-30,0.008399801649087152,0.016213903668379197,-0.029915036828076284,-0.028244832487448378,0.0068175357557344485,0.09402292296189874
1994-07-31,0.006456200294255593,0.015519453744683378,-0.02821775310169967,-0.027381145181168513,0.0065800332982855515,0.0898878112280106
1994-08-31,0.006323084799945657,0.01267530454031807,-0.02683342681183823,-0.026555409671953162,0.005534540044582963,0.08325291038508939
1994-09-30,0.0065596686042512726,0.012294636986915887,-0.025895714278644698,-0.025737707393391162,0.00554408548879086,0.0804522452505241
1994-10-31,0.006362729565875376,-0.012894978403498061,-0.01274181562944937,-0.024965366430190927,0.005417161810878182,0.07785448675162934
1994-11-30,0.005178801720493929,-0.012488862905610666,-0.01233180921324907,-0.02420180974984431,0.005399417331972967,0.07537087524705019
1994-12-31,0.005024724623868952,-0.011855857682412499,-0.011714790759345135,-0.02348510667031527,0.004914703736786268,0.0728949911115327
1995-01-31,0.004913192961345659,-0.011273241183537324,-0.010868698030882062,-0.022777285274294085,0.004857997297851873,0.06954952707636315
1995-02-28,-0.08112787607992693,-0.00925345516720602,-0.00840091291290053,-0.022103576248530387,0.00537134319742753,0.06603223436791794
1995-03-31,0.008648029237250415,-0.008938019949366844,-0.00816736540897921,-0.021366537598302992,0.004598493865642238,0.05674597552527493
1995-04-30,0.0032768755673882044,-0.005798593880755206,-0.004629778401098666,-0.020456059576318276,0.004193997593512721,0.04354316670494865
1995-05-31,0.003178338432093402,-0.005654406266343034,-0.004528876652625346,-0.01983436602016312,0.004069582375039805,0.041992493966411554
1995-06-30,0.0031424831229905728,-0.005269120398609141,-0.003831831240317253,-0.01923646172835438,0.006779892696266434,0.03829566958425191
1995-07-31,0.007410365554822159,-0.008345630556073734,-0.008306606516848654,-0.005890660771242407,0.0033250329658980355,-0.0016783166036138941
1995-08-31,0.007158118889114199,-0.008160562786629756,-0.008129503116895856,-0.004933608411609656,0.0031928275990347733,-0.0015695715734629703
1995-09-30,0.006945159719498375,-0.007921288708978631,-0.007872604444665716,-0.004785511825655393,0.003077059197792276,-0.00154089202216423
1995-10-31,0.006737864190073368,-0.007536096381764283,-0.007351586543965619,-0.004641237934277221,0.26032766916579037,-0.20931878494189046
1995-11-30,0.006530343845935803,0.32235572260428785,-0.007393417580661887,-0.0045033978925356636,0.5408438155648886,-0.4362308611478667
1995-12-31,0.006421665166807927,0.3107107241382904,-1.4112681075633543e-05,-0.004389626940769005,0.5142572624697557,-0.4176243757868521
1996-01-31,0.0053377562590669345,0.25562930584381155,0.002277900967385926,-0.005118694935226186,0.362395273961551,-0.3366192843254648
1996-02-29,-0.006593782161363256,0.17227865099637962,0.009121488213681547,-0.005380594514997318,-9.750252737861231e-05,-0.16921049310226552
1996-03-31,-0.006603479883315726,0.16591456613843367,0.008910156609581603,-0.005251968444163415,-0.00031908498723442097,-0.16194255335595742
1996-04-30,-0.006323442311932977,0.15832953685484813,0.008445147066919177,-0.005099553107428982,-0.0008358660598876276,-0.1556529403725546
1996-05-31,-0.006132995675343353,0.15337182119525639,0.007298999962897231,-0.00494658877521142,-0.0009028183035563108,-0.1504357416058521
1996-06-30,-0.005938623305914376,0.14599039407764564,0.00711859534812068,-0.004797649416574173,-0.0008699831967382133,-0.14565029484830588
1996-07-31,-0.00641209126159309,0.14006141554289742,0.006107901426352079,-0.0046528948767785095,-0.00047295219209406814,-0.1388691735334319
1996-08-31,-0.006078602726435672,0.13347785350371108,0.007697464184110297,-0.004541739356464079,-0.0020126933686900198,-0.13126836126975583
1996-09-30,-0.006053820679359162,0.12932513647827298,0.007485320446856496,-0.004401892202861064,-0.0017302041623885732,-0.12701397863280636
1996-10-31,-0.005428306329530398,0.12369922796972772,0.007216488881140465,-0.004290359577525436,-0.0041999966358638435,-0.11814031119016447
1996-11-30,-0.005264652080763273,0.09194118174944937,0.007015085630637585,-0.004151122569953329,-0.003978993224777198,-0.11424824259211222
1996-12-31,-0.0051086492483904435,0.08814810078553607,0.009975040898751472,-0.004034179315246658,-0.005613821785708491,-0.10997642803703157
1997-01-31,-0.0049628617875776375,0.08556292582908984,0.009866523891618266,-0.00392165400402203,-0.006309399367172045,-0.10606844451234732
1997-02-28,-0.004816033822726265,0.08280298319414107,0.00944165569478749,0.003847588467421573,-0.4716475631568889,0.30264295768899396
1997-03-31,-0.006445940432129833,0.08009971780333387,0.009179614427616768,0.003760588032865691,-0.45449436015240496,0.29239563569315796
1997-04-30,-0.0062372187242884574,0.07252573873374354,0.009313022343521521,0.003639037468271936,-0.43603257569170406,0.2817888813729091
1997-05-31,-0.02863585518507143,0.07011402866953892,0.008911683321356119,0.0035294779469694513,0.02593852204031999,-0.07094775566197636
1997-06-30,-0.018433837345092657,0.06770977851227056,0.008695173064776436,0.0034239084556245115,0.12820774139787255,-0.06597470288075657
1997-07-31,-0.01788075647066238,0.06189074084098983,0.00953125195648066,0.003305938821719952,0.12411999820335362,-0.06391627855539482
1997-08-31,0.004708127341242829,0.04564474946380295,0.018026214865796038,0.003474300109574118,0.0836981184342005,-0.04990219140068746
1997-09-30,0.004490371626565692,0.04427669212049003,0.0176140470680977,0.0033587437372773433,0.08037043461032815,-0.04829180098106149
1997-10-31,0.004355062936214865,0.0429087847367388,0.020929608629762016,0.0032663287948094463,0.0778792187532399,-0.04679531762607818
1997-11-30,0.004209338345653151,0.04120928271892761,0.02045918932983146,0.0031694448272893633,0.07553134742061114,-0.04532886627649163
1997-12-31,0.0030493607055365806,0.039850415019969165,0.019852190061841028,0.0030331619151817983,0.07211510003604205,-0.04387036905996543
1998-01-31,0.07635343352896234,0.057641099085268314,-0.07658592269221115,0.011209077590145413,0.06621292374503525,0.01937064395334183
1998-02-28,-0.017622391571553916,0.054799282467301404,-0.07188924834728752,0.010854368341190168,0.004669274108447745,0.0188118525158348
1998-03-31,-0.017101734082236322,0.051563888638177714,-0.06654260061780003,0.010465747246980479,0.0046916648693805015,0.018471445065445645
1998-04-30,-0.01658886106866654,0.04997719165646222,-0.06439362905748135,0.010152097559151429,-0.3032191182941441,0.25948702666064954
1998-05-31,-0.016098989871586516,0.04846615414029924,-0.06229185365631069,0.00984474032550484,-0.2938265007630427,0.2514641144523129
1998-06-30,-0.015594252306723922,0.046980273585881624,-0.06035263127802928,0.009548997872488266,-0.28465110221774287,0.24365007296537847
1998-07-31,-0.015203671471647737,0.0456020818628027,-0.058440541489507385,0.009250515910093019,-0.27595254544276887,0.23616133157465238
1998-08-31,-0.016637652775460768,0.011242181678204191,0.009876032178842281,0.043889259698616304,0.0008826560745084366,-0.04109633059816978
1998-09-30,-0.01613880276155308,0.010790739051011994,0.011600495121447202,0.04257222731177078,0.0008606201829826857,-0.03982707298423258
1998-10-31,-0.015646564202324614,0.01040042250376315,0.0111770371131897,0.04129491244952279,0.0012921741522304228,-0.03929482310281005
1998-11-30,0.05359634464364604,0.018675082382980844,0.019167933234225568,0.048211933686971936,0.03286955270863839,-0.022629781945839277
1998-12-31,0.05197879935359634,0.018112802403322706,0.018590598554053442,0.046733228509454244,0.03187360916683642,-0.02193831384624976
1999-01-31,0.050416633914650066,0.017344538130764985,0.017982363104940537,0.045340740551319765,0.03002438864975871,-0.02095004304472912
1999-02-28,0.04889974434990227,0.016883531430056668,0.0172625037549698,0.04398075606073056,0.02916884880768287,-0.020394805735939745
1999-03-31,0.04742038998511211,0.01628933364585532,0.01669703361850321,0.0426235897908253,0.02834697473904908,-0.01961677497326544
1999-04-30,0.04601977928704566,0.006444746870360658,0.006145275556343106,0.04191420523745432,-0.261184677415145,0.13022353571435347
1999-05-31,0.04458869512727274,0.006263761489524629,0.005974912372490436,0.040624365291836925,-0.2529264353896079,0.12603174291125502
1999-06-30,0.04321150108505591,0.0060453374739111165,0.005763375407980349,0.039375820646928,-0.24465914044129486,0.1216097800464887
1999-07-31,0.041904589086379354,0.005914620489645629,0.00548769553756464,0.038180826748456055,-0.23637016547436415,0.11734622329008727
1999-08-31,0.040772042985378336,-0.018231664545369966,0.002622972406157684,0.005897649859566676,-0.1548100051732384,0.08714360933719789
1999-09-30,0.10653217445257236,0.03303069504642461,0.0338167231868914,0.10903977991311381,0.00528211789809091,-0.08630602182530575
1999-10-31,0.1033327721240402,0.03115538817543021,0.033699369235371604,0.10576754789181902,0.0051777049599106995,-0.0836463296468829
1999-11-30,0.1002362993919746,0.030219644390552535,0.03237772491491241,0.10256856651341373,0.005208757808316646,-0.08103571969441804
1999-12-31,0.05830334697109662,-0.0011993565038196236,-0.07996692150217594,0.0765311321371778,0.03520983162945563,0.0649433590733956
2000-01-31,0.056390569394883516,-0.0001665454974877508,-0.04960206145078931,0.07410402293374868,0.034108267480578956,0.06175017913623013
2000-02-29,0.05469670392466595,-0.0002123041423755655,-0.04814926431289129,0.07186911146806224,0.49727539958666067,-0.3157383335930726
2000-03-31,0.052599936666119694,-0.001340742471236583,-0.047479582849981536,0.06983135312463379,0.47834663239706526,-0.3014381966247136
2000-04-30,0.1273427722546106,-0.0017438946771650664,-0.045794139186584364,0.06770793035728902,0.45579819596675897,-0.2843920101166662
2000-05-31,0.12351649126924823,-0.0015989790063139558,-0.04423049843349059,0.06567348466223326,0.4416283770184028,-0.27566606005824246
2000-06-30,0.11978721614515497,-0.0014563779911641154,-0.04287253639360114,0.06369851070331348,0.4258523833186853,-0.2655450341264041
2000-07-31,0.11323748774455931,-0.0013128960477926661,-0.04125904952197775,0.061786179785241035,0.41006533770998665,-0.2554578853668525
2000-08-31,0.10983782914631696,-0.0010976748082697951,-0.04006602018703474,0.059933504435254324,0.3970074576698379,-0.24704554986206012
2000-09-30,0.10651198979849444,0.0038623509227273404,-0.035295037049784074,0.0576420416647239,0.35555465245814954,-0.22518857918137494
2000-10-31,0.10332082291522952,0.0037442270550718166,-0.03440705197919001,0.05591299589586408,0.3447694505641746,-0.21835373809966085
2000-11-30,0.10006056786933716,0.0038603191533041867,-0.0320177466347219,0.0542162374099959,0.330131182062312,-0.20912675004243136
2000-12-31,0.09705798728815972,0.0037553073793876136,-0.03104248479169236,0.052589976589188694,0.3198855565046882,0.2686427855383333
2001-01-31,0.09414606267972037,0.003655399459167869,-0.030048886809031807,0.05101898408839712,0.3101574754940309,0.2605240989086737
2001-02-28,0.09132009475707378,0.0035532768568549335,-0.02912989824155301,0.04948878851568301,0.30068991414551477,0.2526462264786177
2001-03-31,0.08818892461698766,0.0034238702322705573,-0.028260617026732215,0.047993663995351064,0.29135574910885925,0.2448909824676865
2001-04-30,0.08553835041725527,0.003306562385607797,-0.01079902138021032,0.04653281226937784,0.2804999822054165,0.23629815223909176
2001-05-31,0.08286205221157286,0.003311918919164645,-0.010016526409559974,0.04512755269112233,0.2691953153526036,0.2265720636850316
2001-06-30,0.080362875114382,0.003202326682994546,-0.009721432481689007,0.04377585038375829,0.2609384411218289,0.21966500263006608
2001-07-31,0.07795182459216497,0.026235463241810374,-0.010758984567926,0.04246262870146445,0.25275368804226933,0.2128327330990887
2001-08-31,0.07552001556813255,0.02544820114598219,-0.010424144365523549,0.041193837550873746,0.24497043116098963,0.2063171590951047
2001-09-30,0.07325132226468645,0.024466397965168783,-0.00858185433685259,0.03995779773676986,0.23721455625174925,0.19988992749577345
2001-10-31,0.07133465561155106,0.02371857345146399,-0.008298929392062558,0.03874915047337195,0.2295500662639907,0.1935614940605346
2001-11-30,0.06915815556757553,0.02287595453553244,-0.008056101364554905,0.03757846260214924,0.21965375647080873,0.1858774593745732
2001-12-31,0.06711947253806924,0.02218954008242675,-0.00779145622724138,0.03877527793194222,0.21260367644682615,0.18008172199397118
2002-01-31,0.019024380775716658,0.021535119427143524,-0.007534134170524265,0.0376120401385935,-0.15355389269728065,0.2684109405450958
2002-02-28,0.018451565596177968,0.020733932582943468,-0.007345779010313613,0.03648286622767949,0.05170319028019141,0.014555626272293065
2002-03-31,0.017897933744222886,0.020110309633787314,-0.007185475515688991,0.03538823960977235,0.050147917971717845,0.014121594322497544
2002-04-30,0.017357728262253878,0.019455833740145183,-0.006988400001087534,0.03432727049557609,0.04879273527892417,0.013672003330466734
2002-05-31,0.01683737528826233,0.01883789262369033,-0.0068044358895435406,0.035022545687841966,0.047342176201478216,-0.0734369703185016
2002-06-30,0.016351770521320298,0.017781762455647717,-0.006482739969462976,0.03397168692133778,0.04549603661073545,-0.07111625516485662
2002-07-31,-0.027311387927927706,0.017134708621784785,-0.00625810960739169,0.03295180872313546,0.17231138272307198,-0.16680759807004097
2002-08-31,-0.025197395308485485,0.016526176448374678,-0.006151561579393593,0.03196599000394484,0.16711795158778187,-0.16178963112743175
2002-09-30,-0.02443800338045625,0.019406556615649138,-0.006044021816499749,0.031006567314596337,0.1620094470021066,-0.15689849660098792
2002-10-31,-0.023705397136335408,0.018810628710696876,-0.005873622709296173,0.030075639177542097,0.15712409929871418,-0.15217254719470033
2002-11-30,-0.022994508040813502,0.018247764579046814,-0.006234257223839163,0.029173350886743922,0.15232307512670834,-0.14756850943923655
2002-12-31,-0.02229428506258103,0.012923659850788622,-0.007296219363564902,0.02828739535674227,0.14237002575638902,-0.12533292092411313
2003-01-31,-0.02162470527393609,0.013091965959035631,-0.007114757176786757,0.027437694705569924,0.13648068816234943,-0.11777762122069449
2003-02-28,-0.020836970874367866,0.011885357414856534,-0.004343270499387104,0.026464261565027087,0.008578868386975372,-0.10071406233727902
2003-03-31,-0.020212013806642275,0.011530220640339064,-0.004227565914455751,0.025650972986114476,0.00832545038746011,-0.09760072697507349
2003-04-30,-0.01960530481716113,0.01115696176924667,-0.0041030471717068365,0.024881316565851623,0.007793902729384327,-0.09453094582602935
2003-05-31,0.08190801274799794,0.018722932080780064,0.009175186485278493,0.024772660007190243,-0.054487739299795175,0.06686754996033013
2003-06-30,-0.07033327803023623,0.01826851307591984,0.00905265017036185,0.02402512976317126,-0.17477311372619347,0.26462759280824766
2003-07-31,-0.0680559233124669,0.017787811424078374,0.008424751776176334,0.023297429837828648,-0.1584434319901909,0.22251642533638988
2003-08-31,-0.06558397962425794,0.022019075431357442,-0.3126414391974035,0.022533023815713947,-0.263682005789298,0.21640429856732857
2003-09-30,-0.06361665516735872,0.0212406915395854,-0.3031621774313432,-0.004446485764422303,-0.2240169348861462,0.32827125850695016
2003-10-31,-0.06166736333882796,0.020380629761230347,-0.2933719902584627,-0.004312737227976293,-0.21557301238605248,0.3176752317505073
2003-11-30,-0.062243303739958185,0.01944376997383157,-0.2817803632925946,-0.004178948533118482,-0.19598615005553338,0.3054379273300993
2003-12-31,-0.059961586563799095,0.018984605448124834,-0.2668019363847504,-0.004042862507541463,-0.17034205787782417,0.28813705111808235
2004-01-31,-0.05826438074808822,0.01866424737430845,-0.25607264504054184,-0.003917613478359152,-0.15921505983603718,0.2757920231521911
2004-02-29,-0.05540341197318386,0.017115744625840475,-0.20561068549637565,-0.003697386781842331,-0.1216605565611259,0.18869230689909922
2004-03-31,-0.05373499291841009,0.013059396552221016,-0.19187187641735962,-0.1209692486055671,-0.18743369365795956,0.15245944867348368
2004-04-30,-0.05214281234854416,0.024772165764904437,-0.17363824260232436,-0.11731277705872607,-0.17661271638364148,0.14532033226260563
2004-05-31,-0.036617708665483424,0.02118486258217026,-0.1433893195509653,-0.11371713652019647,-0.11281443175163691,0.13051056460625976
2004-06-30,-0.03549766623833763,0.02026101682007543,-0.13893717811760323,-0.1103048350095207,-0.10906903738111895,0.12641330722191174
2004-07-31,-0.03440350085246247,0.01898720895697336,-0.13386273490645142,-0.10699241103767339,-0.10448400718952923,0.12125316121836324
2004-08-31,0.006427694510369959,-0.02372361049546813,-0.024150776609728558,-0.03338982551112789,0.05004634627488366,0.0419815707502717
2004-09-30,0.006069568855159588,-0.007394327928015193,-0.014101046108775616,-0.02012043666714019,-0.006798053713260817,0.029994568827292428
2004-10-31,0.005888520592480314,-0.007185669795706617,-0.013685699405845003,-0.01951768634635723,-0.0066485036912433265,0.029884771399613718
2004-11-30,0.005715511065578895,-0.006902824961374933,-0.013223945625651408,-0.018932089644868408,-0.006762671670172834,0.028647194075748807
2004-12-31,0.005543173708841074,-0.006687935121936076,-0.012824762505911901,-0.01836381424635665,-0.006552447283104185,0.027729529725972122
2005-01-31,0.005376904067627116,-0.006518646680005584,-0.012426431471386223,-0.017812160908337656,-0.006272049449308298,0.027007693253379324
2005-02-28,0.005218068817635993,-0.006422832141236186,-0.01187632961880797,-0.01727759278763757,-0.006614263780771629,0.026094171809914996
2005-03-31,0.0066788506289320836,-0.006409864469290182,-0.01157622591625279,-0.01671736274630014,-0.004613168957547786,0.024319006042811876
2005-04-30,0.010552635365339801,-0.011122138700725185,0.08107884675844884,-0.037146632842119005,-0.10995516607253109,0.07590196939669018
2005-05-31,0.010213157219269374,-0.010675130368680424,0.07754816185030516,-0.03602726510717351,-0.10374892546724829,0.07328831461839612
2005-06-30,0.009909041611602627,-0.007211383201510647,0.07161579098823871,-0.0349343743892703,-0.028654803507551868,0.06861874673243462
2005-07-31,0.0009026455540584507,0.012217762349097881,0.023463671904024118,-0.027370178310704398,0.002535020760279366,-0.005800317534222041
2005-08-31,0.0009043114775219106,0.011543752244210776,0.017026690150966837,-0.026336700782544912,0.0029555890594494326,-0.004178011802813694
2005-09-30,0.0008594838034686301,0.011199758262437985,0.016501004236643566,0.013123217092158985,-0.006563480218824818,-0.004096941049285506
2005-10-31,0.0008660062000915759,0.01014614145932588,0.017648255065614786,0.012692132608497003,-0.00696220847941923,-0.0021135777057108953
2005-11-30,0.0008276547303164152,0.0069966588973093165,0.012140534957849593,-0.01125306579777466,0.0011493012867147372,0.03354746830530928
2005-12-31,0.0007980884638192283,0.006785017068961661,0.011914223752382488,-0.01091572337740939,0.0020859341464527902,0.03249804032132004
2006-01-31,9.900980987323353e-05,0.00496622786424004,0.009450378682876277,-0.010598574082072968,0.0024331635117539477,0.031104047604240646
2006-02-28,9.99374406641303e-05,0.0051321353385824385,0.009010955487381211,-0.01028840801409293,0.002074823305118095,0.030078815894655477
2006-03-31,1.3609995857730492e-05,0.004802644044393404,0.008468312449397155,-0.00997716458881386,0.0022673529488319542,0.028824070132960455
2006-04-30,0.00027761361853576467,0.00041731109527854554,0.0033474023486950114,-0.009694416234937338,-0.011585999376611556,0.0404719503210194
2006-05-31,0.00023890752785212405,0.00036885358137852615,0.003184083303327171,-0.006238512053276701,-0.001970607002484411,0.03843779649645702
2006-06-30,0.00025699587570497277,0.0007895106860595572,0.0033831759131202487,-0.006052226797902275,-0.0017035278235937458,-0.1861870915394076
2006-07-31,5.655269625772901e-05,0.0009146088279101839,0.0040047026188667085,-0.005944615756222673,-0.005878692873499911,-0.1789026342520464
2006-08-31,0.00017981385426501443,0.0002178269230023902,0.002881064286136631,-0.005759311719381061,-0.008109707568978627,0.014443305719117644
2006-09-30,0.0001713608094747018,-0.0009690133207966247,0.003820105802358619,-0.005588013775684344,-0.007888283276745145,0.01414519892113004
2006-10-31,0.00016279899045514167,-0.0010013848381060916,0.003753040552064716,-0.005419724970007502,-0.0037302798954167837,0.013561614535860595
2006-11-30,0.0001755779607370322,-0.000811079729964506,0.003769335980493627,-0.0052426401502758445,-0.0036251613725693413,0.01283127432373173
2006-12-31,-0.00047225797862721677,-0.002516498225967828,0.0002674173505991433,-0.005019287190979705,-0.00186284420651676,0.009109078599549139
2007-01-31,-0.0027103771821715967,0.008382703888019863,0.008385956881333475,-0.012948994849067504,-0.013052254451848247,0.01294131184946443
2007-02-28,-0.0026311431383958367,0.00812201314332367,0.008099323665081995,-0.012560054284669622,-0.012344288062077846,0.01302164591807209
2007-03-31,-0.002556347434305349,0.007801109892488536,0.007769776170081276,-0.012091378648373606,-0.012899863811220677,0.013055353006750913
2007-04-30,-0.002482354575835131,0.007348000902063134,0.007289705975620338,-0.011715312628429673,-0.012121278979411579,0.01161290594602574
2007-05-31,-0.0024084621162834574,0.005853685292567185,0.006366715311978384,-0.011361918153225466,-0.00641743587857938,0.010574705748914453
2007-06-30,0.05581996917741834,0.029133024350102357,-0.006311252518084772,-0.007220411338533475,-0.005842620254749718,-0.0058146306835954245
2007-07-31,0.05413504169857392,0.027311719611618206,-0.0057202833534335555,-0.006635574025359496,-0.005059364274825867,-0.005735562424383892
2007-08-31,0.05250634806770096,0.02631935247319593,-0.005359336748727588,-0.006430606037495327,-0.004875583679064214,-0.005545952876929065
2007-09-30,0.050809433748472306,0.03994330507681132,-0.00439810521345071,-0.005903154323481162,-0.10342775967792792,0.044729768828275854
2007-10-31,0.04922238172673612,0.03869506586502991,-0.004030637119040975,-0.0057217199945879755,-0.09979166668267345,0.04274075110946217
2007-11-30,0.04772870582801904,0.03747050567198287,-0.0036194522693253958,-0.005565332317861789,-0.09538015827186155,0.05121768728866397
2007-12-31,0.043669117104650546,0.023528006045906436,-0.00459773605756381,-0.005450562378601999,-0.048497626538336225,0.042550705735956915
2008-01-31,0.042355977622563136,0.022736411833665503,-0.004425107266042023,-0.005205272537693773,-0.04654635633023767,0.02238400841834334
2008-02-29,0.04106635483106392,0.02204816285778889,-0.004193322375122478,-0.005049534156653755,-0.04423596298733648,0.021527124784832995
2008-03-31,0.039166741398042604,0.0249466182813295,0.0036084472535100063,-0.004710191158259318,-0.050079232199091946,0.021716063001602528
2008-04-30,0.037925170110239007,0.02186998981684915,0.010604352958054699,-0.00997089361057564,-0.017693948546291353,0.023342639805459503
2008-05-31,0.036794836360864655,0.021210013290418488,0.010306396194709532,-0.009670700292895027,-0.018021680970493142,0.02261008068725118
2008-06-30,0.03567302036615906,0.02054652309119503,0.00998195310562335,-0.009380910206370057,-0.01716895380473778,0.021784073105925863
2008-07-31,0.03460599385124923,0.019407680626472995,0.009223346584538775,-0.008889781710569505,-0.013101026329579352,0.020770588832589823
2008-08-31,0.033569832975710104,0.01883037476709219,0.008915849256015991,-0.008622418915762906,-0.011786146014574955,0.019764776632357768
2008-09-30,0.03256106712525811,0.018253523194630993,0.008693381869028812,-0.008363874647155569,-0.011085278201631462,0.0191187038705896
2008-10-31,0.031564539666001305,0.018071747659186455,0.008927052923522446,-0.008124932700095452,-0.010570838717536798,0.019452754570073814
2008-11-30,0.03067131871568156,0.017642675500007428,0.008406625028845451,-0.007881803753819938,-0.01029762472709712,0.01845194718792027
2008-12-31,0.029742839248594548,0.016983292552207187,0.008040949544630397,-0.0076462632408695755,0.28842342428283907,-0.26449314981126787
2009-01-31,0.028847345559839747,0.01613001667699613,0.007831046412402442,-0.007415284130702214,0.2796232320542328,-0.2564205873816484
2009-02-28,0.027981032952828448,0.015693053691895185,0.007651525167205973,-0.0071929404652071125,0.21878101148545764,-0.203064175610152
2009-03-31,0.027142360556220452,0.015306893954507114,0.0072535439259008684,-0.006977218264189267,0.21220009614796298,-0.19696590599330618
2009-04-30,0.026328292644505116,0.01501254150942552,0.007183699856849429,-0.006768246568191696,0.2057095538882934,-0.1909500530665236
2009-05-31,0.025532555182906695,0.014472148608295777,0.0069600364134086,-0.006565067028026616,0.19078110208128993,-0.18113935310818996
2009-06-30,0.024704972201628095,0.013982858538027628,0.007014991504063616,-0.022586731053941878,0.17656017445514366,-0.04859832047687307
2009-07-31,0.02396118226344346,0.013591602990809547,0.006813358563161668,-0.02191046553029067,0.17150272795894234,-0.04709570885993285
2009-08-31,0.02324360833170463,0.016210967386809303,0.00673757907926025,-0.02125308360433057,0.16513490408503756,-0.0424460171653894
2009-09-30,0.022534305511866498,0.01523495581510533,0.006002395026307895,-0.024051700563155993,0.3436979200226172,-0.08332750711046141
2009-10-31,0.02180617469009945,0.012621319401124972,0.00473121299131014,-0.023328233542210707,0.3284266418595486,-0.08042436465451305
2009-11-30,0.012921511996207809,-0.007346230073819017,-0.008348283229069522,-0.02314582582643043,0.0726355273059606,0.05391277877030326
2009-12-31,0.011006132566942804,0.0028156870752092883,0.002596116077289932,-0.02244029525049758,0.12472712340490846,0.039951886186255225
2010-01-31,0.010604544476060391,0.0026665872631634058,0.0024496034921862547,-0.02176974453497464,0.1202573446201091,0.04221581562080217
2010-02-28,0.010458386722119954,0.0028641330638604612,0.0026905246521209633,-0.012418891013761806,0.10936733758049498,0.03905686155296793
2010-03-31,0.010018257701751949,0.005268841656588127,0.005344219836926954,-0.012398821162987851,0.09225173144958126,0.042946214704376276
2010-04-30,0.009694891106629824,0.004848639245292595,0.004895081180702964,-0.012027237956047956,0.08322031137196648,0.040153839449574916
2010-05-31,0.01507980591488222,0.0019672140581252977,0.0018833407146763908,-0.019838310976426965,0.05250570384971972,-0.006311214211876512
2010-06-30,0.014287584975706917,0.0004876651024150458,0.0003113037675141221,-0.019374124005571838,0.04820751203669277,-0.0020746612954819056
2010-07-31,0.013634303116338483,0.000383748774878355,0.00020972211902575485,-0.018740633423395395,0.04573078923604129,-0.0016894177028413029
2010-08-31,0.0003496402058133126,-0.0019797734390112906,-0.002350159576484181,-0.018205665254078768,0.2565173683041663,-0.003256326685981178
2010-09-30,0.0004199902442797956,-0.0014075918762203991,-0.0028786797800119633,-0.017595248834593402,0.24229847364770518,-0.00042210049241748994
2010-10-31,0.0004122267653172178,-0.0006593520176251941,-0.0020188944898834075,-0.01705257707201417,0.22932221939507888,-0.047503179399243256
2010-11-30,0.000375819500254609,0.000548016104444531,-0.002661563922706985,-0.016451230678597783,0.21054320269044505,-0.04509985373726931
2010-12-31,0.0004149570084793623,0.00032172140958251354,-0.0027674958700632316,-0.015952522727973373,0.19916127607491166,-0.04286666184076771
2011-01-31,-0.0034075519999695173,0.002538555059848493,0.001838488528327865,-0.006148863705097277,0.021631230168694143,-0.009372666041668615
2011-02-28,-0.0032967230279072448,0.0025436647607855792,0.0018719732228272294,-0.005942767721457391,0.021138532717595894,-0.11239719095330596
2011-03-31,-0.0029981341802790746,0.0024663090541608185,0.0018418026076590227,-0.005466094829566423,-0.0022375710542444083,-0.10749057025192606
2011-04-30,-0.002905899223149133,0.0023326924231008585,0.0017878636842585912,-0.005301653608612995,-0.002302772180296422,-0.10307781046815531
2011-05-31,-0.0028184334466037626,0.0023716836283922686,0.001792218654134549,-0.005142747038932375,-0.002290592817067114,-0.09955228209734306
2011-06-30,-0.002795711569976404,0.0021711751789178866,0.0008190366829506292,-0.004977455401849986,-0.0024961153528633585,-0.07545412128675466
2011-07-31,-0.0027171175457447933,0.0020762239446810884,0.000763570072004836,-0.0047800327660293745,-0.002342417442536596,-0.07280915221962933
2011-08-31,-0.0026313321890626146,0.001974723418672118,0.0003776384605129833,-0.004636218585716613,-0.0022744003713801287,-0.07059818134850403
2011-09-30,-0.0025646494615692364,0.002011525151857498,0.0004811586251672756,-0.004508881357200815,-0.0021552426127764523,-0.06812361450318624
2011-10-31,-0.002481186771913644,0.002034002287464009,0.0008897194542469602,-0.004374302657681015,-0.0014499296987182792,-0.06565572427158978
2011-11-30,-0.0024052936065053353,0.0019840754911923837,0.0009010199596207595,-0.00424267649938825,0.03810370097416023,-0.062259606404837915
2011-12-31,-0.0023332323639901676,0.0018780555545081944,0.0008227953475036993,-0.004122323230102857,0.036953202456157366,-0.042540539527262666
2012-01-31,-0.002279323181325652,0.001080625219801686,6.23412633922345e-05,-0.003994115954384716,-0.06717139165265223,0.032654586699973696
2012-02-29,-0.002196387481084606,0.0009506867075899587,-4.163108658204141e-05,-0.003854776479267073,-0.06509181186121168,0.031393618570801224
2012-03-31,-0.0021345949481188383,0.0010553053566205155,5.408059737864191e-05,-0.003738243975959516,-0.0628376810515777,0.030172716960040362
2012-04-30,-0.002061592174141727,0.0009719650594539631,0.00026781436377567577,-0.0036267238299466506,-0.060799593409242264,0.029282887202847316
2012-05-31,-0.001975718115484071,0.0009932340766167554,0.00033265322888901606,-0.0035142925299315652,-0.05523952311580319,0.02784835836010481
2012-06-30,-0.0018980788239838162,0.0016362508101926926,0.0010988223587531714,-0.011712168341951787,0.04239436862105307,0.02598289589768866
2012-07-31,-0.0018265576805827546,0.008044227148515874,0.008231332845838638,-0.011527335082329485,0.0331105691458044,0.06173591806079985
2012-08-31,-0.001790630335909747,0.007640909899165332,0.007754847395164861,-0.011181559336894326,0.031984941520350696,0.05966944676893623
2012-09-30,-0.0017321933969043136,0.00752317053135375,0.007641584218377661,-0.010836791697871885,0.030845792567682127,0.05557009830425594
2012-10-31,-0.0020919131978044767,0.012671739572299197,0.013111293922795019,-0.010487285391073057,0.0026834707161049708,0.042256754608977244
2012-11-30,-0.0024396209056733913,0.004465033091659732,0.008085601130130331,-0.009922076732446054,0.002915467547440636,0.036806086952987226
2012-12-31,-0.0023635900729707107,0.0036894153043928153,0.007666929795114614,-0.009604848176492166,0.00336996844048967,0.035491155291129034
2013-01-31,-0.002304568363283224,0.003598262755359788,0.007431769071034339,-0.009316144673706537,0.004051757616603958,0.0336140755638072
2013-02-28,-0.002295764449358882,0.0038709338712523337,0.007521069954770082,-0.008985495640718292,0.0025578919890072854,0.03291389271012077
2013-03-31,-0.00215818961274565,0.003950456769702285,0.007483447394027837,-0.008701249527131354,0.0020525357381563462,0.03090064243575566
2013-04-30,-0.0010247246522100914,-0.009111361350126801,-0.047156032262532344,-0.004729325711440559,-0.025805166931662543,0.042078885226682926
2013-05-31,-0.0010157452745661584,-0.008781369506831132,-0.04564327925140624,-0.0045925719726700835,-0.025521736458626237,0.04076996529310683
2013-06-30,-0.0009898963037356418,-0.00851466467729545,-0.04418034759363745,-0.00445192341614355,-0.02477916397358298,0.03912515140729312
2013-07-31,-0.0009505208037664236,-0.008211745746867035,-0.042694693788194335,-0.004583502755652872,-0.023886044837039964,0.03777419899366592
2013-08-31,-0.001915931807731245,-0.0008574652930516714,-0.022861080060047327,-0.005613103424273432,0.00899285680316416,0.011369665984240104
2013-09-30,-0.0018762225566917438,-0.0008740776107789128,-0.02208852197879401,-0.00543662760513141,0.00856058281486424,0.010791581650080574
2013-10-31,-0.00181954744085499,-0.0007715105928715429,-0.02123319033366821,-0.0052731514083638525,0.008871433642211057,0.0004165906017600633
2013-11-30,-0.0017294635162858388,-0.0010953956694742203,-0.01812369234049224,-0.005134532049497653,0.009058251165130891,0.0007646986656304525
2013-12-31,-0.001678015349848519,-0.0011131283973289132,-0.01757363086581088,-0.00498702451726574,0.00843627666984745,0.004219143146751627
2014-01-31,-0.0017021964128815315,-2.4434204068314374e-05,-0.017144258623371673,-0.004888518307098919,0.00792118840436462,0.012771242303655027
2014-02-28,-0.001859567691318906,0.0005282536234623354,-0.016331918272635696,-0.004604115716773339,0.007497178094012995,-0.0044698609377900374
2014-03-31,-0.0012821705363411364,0.0013495274194341464,-0.01754889858707365,-0.0044353909297530775,0.006530313928084496,-0.009949928426256341
2014-04-30,-0.001329241521650021,-0.001177560703968719,-0.019132929706493187,-0.004142109232889449,0.005191944071672077,-0.010770856840894934
2014-05-31,-0.0012791628976818092,-0.0012082396078400063,-0.017850329196372437,-0.00402313941142724,0.005001285810807035,-0.009920146707626967
2014-06-30,-0.001243215199036443,-0.0009650671471392211,-0.012314172084879003,-0.0038679731444251704,0.004721583608325166,-0.00965249513037875
2014-07-31,-0.001182714968871328,0.05747865214584275,-0.030674956329401988,-0.0037271776723895762,0.0043529928379369785,-0.010010386131804877
2014-08-31,-0.001121931664756084,-0.051516210242478225,-0.028894903749697883,0.020549563695989873,0.004133253692506152,-0.04616693183239563
2014-09-30,-0.0009951382076439455,-0.04635720786423789,-0.02314973383479852,-0.01621757334256044,0.0036193378818986685,-0.0440846239901039
2014-10-31,-0.0009641563258829772,-0.04491325053171813,-0.022363780862273763,-0.006369615530968136,0.0034904080809558167,-0.030500167685291693
2014-11-30,-0.000959822427616572,-0.043090222387029135,-0.021555007091206665,-0.00615335298871807,0.003312366712190715,-0.027856057570205876
2014-12-31,-0.03691441506382168,-0.03776664659342073,-0.017220031517036546,-0.01619715497578271,0.0025181784730434207,0.03219517969592217
2015-01-31,-0.035806231590018577,-0.03668299570924001,-0.016677701362916374,-0.015710836636933765,0.0024353123742299866,-0.08470652361521007
2015-02-28,-0.034734127788257504,-0.03293016949814197,-0.013867465333291347,-0.015245097929014016,0.0023197613915473844,-0.08195758225504507
2015-03-31,-0.03369893758073391,-0.0317722716299517,-0.0134888050282426,-0.014789027380869282,0.0022426711023329766,0.01478718055798954
2015-04-30,-0.03269394538947169,-0.029650982655058757,-0.0128533600494797,-0.014334945278593074,0.0021184638400406535,0.014529889758393547
2015-05-31,0.015657563378395058,-0.028449782326926812,-0.012254272840288682,-0.018756238452890137,0.0020377898580750684,0.034984044504282726
2015-06-30,0.12419256953939974,-0.027000378754220677,-0.05657843379895855,-0.018190539356401775,0.0019542932676033828,0.03370024134925765
2015-07-31,0.12041816482642727,-0.025673811810623476,-0.05505752119920002,-0.017592622243634233,0.0018702097279606348,0.031276183763644105
2015-08-31,0.11676751837628886,-0.02466727715734621,-0.05322887539542009,-0.01706973461392581,0.001801142150283668,0.02936185014500222
2015-09-30,0.028578151247620878,-0.023880387052997862,-0.049933422598563766,0.017842228913964385,0.001597426388287335,-0.06828816362790721
2015-10-31,0.03275973495544253,0.06973441508288582,-0.047324790439204165,0.01727722954576885,0.0013245598622439558,-0.06337914254101673
2015-11-30,0.03178256363810055,0.06760291348598431,-0.04578596518438458,0.016758949746159657,0.0012806212546909034,-0.06142918503397291
2015-12-31,0.10276614843431159,0.0646886858604254,-0.04538686231058262,0.02362579546731283,0.0012264805530904346,-0.18280125370506822
2016-01-31,0.033351227011777076,-0.04560701720095067,0.07805043835280728,0.02226424271840356,0.00017687162405568418,-0.10561165839671477
2016-02-29,0.09603135975399293,-0.04444246623791669,0.07529550697028439,0.061509901316127616,0.00017090071262490029,-0.21236952805415837
2016-03-31,0.0931514195433226,-0.043150403307673925,0.07297125872566873,0.05966388514168566,0.00016561005024132226,-0.20575024376270784
2016-04-30,0.0903554928453434,-0.04179430226483942,0.07074412753960652,0.02966284202889809,0.00016038377470060895,0.039605590609727986
2016-05-31,0.005591385968763088,-0.04017385563328485,0.06794795959024844,0.012581219589566428,0.00015368091901723512,0.055896106382806066
2016-06-30,0.005419691926418006,-0.12492920364187929,0.00797567515044572,0.02073433334435148,0.00014714097286512196,0.05382610815692405
2016-07-31,0.005255492909498557,-0.12057439259725976,0.0077571064386362945,0.020104100665751922,0.00014193641054874523,0.04261273518106444
2016-08-31,0.007349028770742972,-0.11198633607023774,0.007802329863937136,0.005580198778884793,0.00012196743805181652,0.053253032007422985
2016-09-30,0.009266621781855968,-0.10846977722547023,0.007396671057724459,-0.0032599205276469334,0.00011752275705046391,-0.008166744380706144
2016-10-31,-0.017300210278767304,-0.1048562870749409,0.007074092840100163,-2.1691828166072943e-05,0.00011304244704748899,0.059905969850591864
2016-11-30,-0.016780500880800533,-0.09985624880783321,0.007028370954605515,-2.0748831816601136e-05,0.00010891415183420407,0.055994192802666494
2016-12-31,-0.13432733256688126,0.0481613637760889,0.05300028277513424,0.10421613429240793,2.7483005125425794e-06,-0.02616106789299849
2017-01-31,-0.13029431730782876,0.023667473946493312,0.05130276066236477,0.09521103698279457,2.6607672214461733e-06,-0.07026311099246793
2017-02-28,-0.12633492755489012,0.02253424753724582,0.048362612364724895,-0.0078754841013602,2.5134786187234863e-06,-0.06688085704988667
2017-03-31,-0.12253741399334896,0.42457300847909735,-0.3613608459874782,-0.0076389146557994,2.4244578185715426e-06,-0.32619610874324295
2017-04-30,-0.1186870352024147,-0.05328245266847276,-0.3425583958335587,-0.007409525489233694,2.277469064871249e-06,-0.3082636520056359
2017-05-31,-0.11510701889545671,-0.05019565087825999,-0.3302956960812472,0.01236787009663888,2.17836339685784e-06,-0.21049161333001065
2017-06-30,-0.1113805684135175,-0.046995989535837376,-0.3034783713070854,0.01198396530936421,1.9770410430684168e-06,0.06628349079913265
2017-07-31,-0.10789821622142362,0.08786749786340148,-0.2623606511182428,0.011540743423777105,1.8554971859289179e-06,0.06414980077364658
2017-08-31,-0.10465088718715088,0.0006196066899178398,-0.253413273449694,0.01119322060696042,1.7895593673440096e-06,0.06149340843705096
2017-09-30,-0.10150545824810867,0.0006112159144717957,-0.004439825353160232,0.013027551403620193,1.7287659732065951e-06,-0.016232967711723514
2017-10-31,0.001089776367422593,0.0001235173890154801,-0.004442617700404485,0.03925253913355991,1.3701398450250258e-06,-0.0499362680419227
2017-11-30,0.03146659602086277,0.0012942720447076013,-0.002506755862191776,-0.02619038755952935,7.59826068157615e-07,0.07248112937826268
2017-12-31,0.014418716653234732,0.0013692902672458984,-0.0022851988238204958,0.00223070507771337,7.228804173637296e-07,-0.03659189035026568
2018-01-31,0.013978523503163368,0.0020985338797644636,-0.0014004109681949718,0.0021636423584005166,6.847032268151192e-07,-0.03479226641782788
2018-02-28,0.02686023108729492,-0.0005318501524163664,-0.00393562387871519,0.004861083210021017,6.521293048729139e-07,-0.2272561433022582
2018-03-31,0.021478709594444523,-0.0004861896762857591,-0.003754530138130223,0.006378642940385509,6.244485453855151e-07,0.01309673839864789
2018-04-30,0.020838045242348804,0.00014558904141392606,-0.0029430471442263174,-0.01813456435306731,5.94460034539526e-07,0.012869008986865273
2018-05-31,-0.018299153530211148,0.0019958457353221174,0.0002258848852842812,0.007289111175755876,3.2828762770619186e-07,-0.008400706012623561
2018-06-30,-0.038009765404335594,0.0016426389734557666,-7.491933538257808e-05,0.02399039366820783,3.1497915198516244e-07,-0.01903665026576906
2018-07-31,-0.03578201525768234,0.0027452281204399373,-0.00015964388676119751,0.023269912486639146,3.0358128601260785e-07,-0.008230336675655488
2018-08-31,-0.03469564976222229,0.00257047050040438,-0.0001341294285858389,0.022571123702805253,2.913216875275736e-07,-0.009395626465741413
2018-09-30,0.0707299399662879,0.0030166724964129643,0.000508990375565269,0.007648800786376864,2.773043898106626e-07,0.12691802339190916
2018-10-31,0.10553897129916082,0.006255642997806917,0.004307607276676171,-0.0005758701517691919,2.628996506796345e-07,0.23798980640882716
2018-11-30,0.10735423298092941,0.006053675153077133,0.004165155334424343,-0.0058106884882336415,2.545999847221456e-07,0.07838525616610731
2018-12-31,0.10413136605118552,0.005777396220146311,0.004005746837322602,-0.005636669577140128,2.46716682025709e-07,0.07593935555498849
2019-01-31,0.10098375068196218,0.00610078726810212,0.004520220295891252,-0.005468800775962146,2.2962106837285675e-07,0.02733792829812038
2019-02-28,-0.1027236108875571,0.05123280038434062,0.052723388773677896,-0.1418873902163646,6.690580063846378e-08,0.10369431457411397
2019-03-31,-0.026891854918107555,0.04961615782810787,0.05105163701019313,-0.13166681926005097,6.466993921660002e-08,0.032558833712321614
2019-04-30,-0.036513886138693594,0.048075141003688475,0.04946006290152939,-0.11537017101754293,6.258386033638521e-08,-0.05264132918495628
2019-05-31,-0.010167523418602106,0.046556011751228435,0.047890246200089616,-0.11190847511190942,6.058989510745335e-08,-0.051024350292718956
2019-06-30,-0.012959314768993641,0.044468632499142596,0.17195060348826469,-0.10855074447299295,5.855083406281992e-08,-0.04931350978329928
2019-07-31,-0.050327164540889334,0.04559643976259445,0.16586075842654663,-0.10165885914145541,5.4589390584175726e-08,0.04232886922476513
2019-08-31,-0.04881654488423404,0.04058011148082491,0.15584911891181819,0.053235517894046985,4.982880090809353e-08,-0.10993988447814994
2019-09-30,-0.035714923590729024,0.018669899203108683,0.14796538168835394,0.051637089948323105,4.707668324920742e-08,-0.1058517121017595
2019-10-31,-0.012844659957817979,0.01811923950496929,0.1432248009458181,0.0374892026233655,4.5472499086886365e-08,0.06128950993268949
2019-11-30,-0.043653334656321215,0.0032361948073118593,0.030127549021543604,-0.029996339557012572,1.0235688451993165e-08,0.05540678923585011
2019-12-31,-0.058542414129414425,0.003101181363872183,0.029136530703125302,-0.030064515396407972,9.914923522708816e-09,-0.0556788043171687
2020-01-31,-0.01907845084744024,0.003038371016562275,0.027931367117933547,-0.03876259707314761,9.469755545280268e-09,0.0031486990233138834
2020-02-29,-0.01850545634222132,0.0031017944840928684,0.027158445787081948,-0.0375995153143402,9.13439063671281e-09,-0.052047657755425365
2020-03-31,-0.10518083597023639,0.0026838589699643123,0.025806893685147606,0.039829838862945804,8.806782563858938e-09,-0.3231819586087546
2020-04-30,-0.10202489555295753,0.002606287809951949,0.02520023341087425,0.03863407950585848,8.536967008757386e-09,-0.3124561036645343
2020-05-31,-0.07842062479262524,-0.03146643573519252,-0.12158204371033757,0.22525718405536957,4.336199843933877e-09,-0.25209883087900153
2020-06-30,0.019824957140937682,0.216394230068796,-0.11788969424582023,0.2070207980956354,4.194449723515787e-09,-0.2439237015276761
2020-07-31,0.12249789201246461,0.12060329357512317,-0.11448444308489017,0.12309344239529918,4.038111835015598e-09,-0.2343862384441242
2020-08-31,0.11800910326820088,0.10680754383881157,-0.09391122099295626,0.11015533881928881,2.8969511882372075e-09,-0.12240020907856114
2020-09-30,-0.0021221095964365083,0.10001290469772335,-0.08634342619766168,-0.013019951691494766,2.5795925988079994e-09,-0.008856528747447037
2020-10-31,0.007947802045520761,0.09701227981242438,-0.0837227631708614,-0.011536148674860391,2.5016907737062495e-09,0.1920495478802192
2020-11-30,0.010291885033668851,0.0929109373267018,-0.07432346773648324,-0.011186095621953948,2.319697064230082e-09,0.13663509513649
2020-12-31,0.010031045373858648,0.0900782432564207,-0.07205430501727927,-0.010850743289922127,2.2479269249163186e-09,0.13253038516827811
2021-01-31,0.15689936520344205,0.08806547628875305,-0.0729049021580569,-0.010505366565966075,2.1629229341582434e-09,0.10824750239738445
2021-02-28,0.15218788838379205,0.08530996531166933,-0.07065450160646397,-0.010189204508638543,2.0957179293633976e-09,-0.08926919089185388
2021-03-31,0.14761344451838582,-0.029478113094846478,-0.06295484931322926,-0.009883185941613032,2.0216472095804272e-09,-0.08637445829573548
2021-04-30,0.1336876441745454,-0.028586176375385446,-0.060978228903036655,-0.009149748796043562,1.958508275381733e-09,0.04708150897212969
2021-05-31,0.11071587364254744,-0.029460528676436462,-0.05981205866486781,-0.018439135157281652,1.527267693681692e-09,0.030664073881723708
2021-06-30,0.0670211643346319,-0.02856454093151601,-0.057874724581444034,-0.01132486270309616,1.4755020727637215e-09,-0.009382333676871437
2021-07-31,-0.005361394220501747,-0.02563897448497889,-0.04688019271754583,0.009112001770475973,1.1703323645760804e-09,-0.004406862253485906
2021-08-31,0.007544277746657788,-0.024752965635254046,-0.04513850680031657,0.005710027513670411,1.1285003635702796e-09,0.05066275274573738
2021-09-30,0.007317559661491114,-0.0232211530672424,-0.042188238302615054,0.0055394184282993655,1.0892461623159709e-09,0.049029301444760455
2021-10-31,0.017391021676539695,-0.022479816222930965,-0.04079985501234918,0.004439333354949995,1.053107938902625e-09,0.009597378885898303
2021-11-30,0.010058259180730826,-0.021996663882596624,-0.03984088195361855,0.005583846280429616,1.0204697301742743e-09,-0.12529629017763688
2021-12-31,0.020126161375133973,-0.021288071970923222,-0.03856843884818796,0.004515313161343286,9.893594509042387e-10,-0.05576848427453751
2022-01-31,0.01952430010325551,-0.020189403541280987,-0.03766641140588222,0.004375733363354148,9.57680507694341e-10,-0.05401330859947627
2022-02-28,0.016353277008520413,-0.0016962930679919434,-0.025641863358726445,0.004126560284958171,7.404482318417675e-10,0.25108419736941073
2022-03-31,0.00806668139342099,-0.0016035334544718717,-0.024856140837966636,0.004002729190887619,7.179708959144347e-10,0.24350803942060006
2022-04-30,0.007824628736854118,0.04748689927592288,-0.024091919992968846,0.002945571675588188,6.958747850742578e-10,0.046013537696707074
2022-05-31,0.007584223310020231,0.05593423804303921,-0.031239401578304456,0.002870887370495716,6.68908782137405e-10,0.04473123453516433
2022-06-30,0.007140938998096095,0.05354768547167629,-0.021359982693735027,-0.018687611877798188,5.327256779259108e-10,0.00236078010711558
2022-07-31,0.006921876106740315,0.05160183335863801,-0.020606045881007628,-0.018130091880744825,5.138288680314841e-10,0.004862210321176419
2022-08-31,0.006711180469883218,0.047062497626804325,-0.018411108347121067,-0.01759181675786511,4.967500725364098e-10,0.004799135296249401
2022-09-30,0.06397069636053414,0.045494164444417604,-0.017912994244903727,-0.006826292555364832,4.80207348746097e-10,-0.009174060239069332
2022-10-31,0.0750121090096491,0.04420355231215753,-0.017128608397719965,-0.007282936500111544,4.6472584896060695e-10,0.0030927111561808284
2022-11-30,0.07274704191998357,0.04281317189157597,-0.016591458696770305,-0.00706426853294052,4.495609219724416e-10,0.0029356936566971594
2022-12-31,0.07682007229646069,0.04155075622535341,-0.01605115407031813,-0.007443279692233407,4.3598654999374424e-10,-0.08086479151911306
2023-01-31,0.07451157871358842,0.04226080266880431,-0.016556546159258046,-0.007220406100782991,4.218414016874946e-10,0.0968826264734959
2023-02-28,0.07229014893054998,0.04087372195285334,-0.01596427710574039,-0.007003099994578761,4.0829808232279797e-10,0.09214285514444279
2023-03-31,0.07010918190087108,0.03777014177961069,-0.015457755202032823,-0.006745539115951088,3.926392681126017e-10,0.08658113749332205
2023-04-30,-0.007361074549479818,0.03626072767714644,-0.015192322839968261,0.004483367798294033,3.7839584069261284e-10,-0.045067835002814235
2023-05-31,0.004611756263857546,0.034283631217571386,-0.011127795524718898,0.051273588688319015,3.3042511898616023e-10,0.06060024864514175
2023-06-30,0.004475032225382009,0.010225949554021452,-0.009442395989524467,0.02399924194093019,3.1545900781986504e-10,0.05749674753944861
2023-07-31,-0.00986790157075085,0.009912794067990895,-0.009133290562595988,0.023430086742613692,3.053937685622896e-10,0.004593206402198867
2023-08-31,0.0263471572498316,0.00957013880829522,-0.008812061978325432,0.015538753711509227,2.942797286283058e-10,0.03899792843966568
2023-09-30,0.009584074788994808,0.009258310407981763,-0.008545278028654932,0.02333456322087559,2.8479555983849646e-10,-0.02529629554025796
2023-10-31,0.014865953593066571,0.00928813411375045,-0.0076835193503027276,0.02066281474158392,2.7368561746909274e-10,0.09304823404159873
2023-11-30,0.014390472192543484,0.029716860477768635,-0.008341344259346435,0.020159518038850233,2.552881386495759e-10,0.10601204598542598
2023-12-31,0.013958397163664173,0.02874358814925336,-0.008044162659724685,0.030440393830840497,2.4631918930201615e-10,0.10267510444536587
2024-01-31,0.013538778806762951,0.028120753296739673,-0.007297706166465092,0.029526060679654062,2.357325655361845e-10,0.09814420879213107
2024-02-29,0.020503194023141116,0.027164426680957563,-0.00714638285879328,0.03050448542509884,2.2796962431778705e-10,0.04915503708173339
2024-03-31,0.019883169440764428,0.026211922858457113,-0.006920383093742322,0.02959313337883577,2.1903818915437941e-10,0.047098947097125025
2024-04-30,0.01908013778695156,0.02583199822055661,-0.007804326951303395,0.028748272566148557,2.0824014395635185e-10,-0.3163864975439397
2024-05-31,-0.021939419751258984,0.02506703212148685,-0.007428434168936884,0.0105617379712078,2.011851379846954e-10,-0.06449237342162256
2024-06-30,0.08337017308475125,0.011136568151246298,-0.023368274856087373,0.10534584005882222,1.8440028571344528e-10,0.4163174722776412
2024-07-31,0.08086816606466796,0.013659429392116569,-0.022383036499560853,0.10216080615307228,1.7839037782631158e-10,0.4035529362554462
2024-08-31,0.1030323274312957,0.011476506821426896,-0.021510706664866274,-0.004636034910887724,1.6014452105000123e-10,-0.007085497085261572
2024-09-30,0.04270792310665347,0.011346091885478405,-0.02002931973288779,-0.008075792723320426,1.525920271878201e-10,-0.0034368017502318226
2024-10-31,0.04949014992845635,0.01172853656547622,-0.01810962811054732,-0.008786217953322017,1.4609014837617625e-10,-0.09890186089615856
2024-11-30,0.04799802660902029,0.01021729051645861,0.3571598826927709,-0.008522550034110513,1.411592590235547e-10,-0.09640717935944237
