,sig_momentum,sig_liquidity,sig_volatility,sig_value,sig_quality,sig_dead,sig_momentum*sig_liquidity,sig_momentum*sig_volatility,sig_momentum*sig_value,sig_momentum*sig_quality,sig_momentum*sig_dead,sig_liquidity*sig_volatility,sig_liquidity*sig_value,sig_liquidity*sig_quality,sig_liquidity*sig_dead,sig_volatility*sig_value,sig_volatility*sig_quality,sig_volatility*sig_dead,sig_value*sig_quality,sig_value*sig_dead,sig_quality*sig_dead
2000-02-29,0.0025912198533557373,0.0051431237394031545,-0.003278362829119099,0.0002125847742572206,0.0024401160836225637,-0.002539643368956767,-0.005825250288766269,0.005613837598330615,0.004996713831748369,-0.007076549539314351,-0.015447873159111038,0.003203567949000995,-0.0016943588755650712,0.007574701884110398,-0.011875895053622751,0.0036975364255943137,0.003919813773781927,0.022857396718680586,0.012818589898003586,0.009361377591125663,-0.0019226119560262274
2000-03-31,0.010277132587978343,0.005245204906360761,-0.0031437608957333575,0.001979466890228943,0.0023614461827803066,0.0020623066847731035,-0.010744430766789815,0.011261264729838339,0.008244308043957965,0.001111705456143852,-0.00905808099093558,0.010747746964174625,-0.00444474589258997,0.007553714436709672,-0.005718446781014036,0.002323308416163024,0.005752175912874214,0.02308282098456246,0.008624092328345831,-0.005887733187304706,-0.0034454784269912697
2000-04-30,0.007516302056866158,0.0015672854814290354,-0.004211121430244771,0.0024088757732914105,0.0018340392105635657,0.0009172961480626214,-0.0050496946745086785,0.006659391878702649,0.008774813717955842,0.0010661589416526814,-0.0015596402080270714,0.008769660945274479,-0.0054690182096373665,0.005430868152294358,-0.001700924460229668,-0.0001836901533262482,0.0037364147515212497,0.019181053604118075,0.004848461597712492,-1.5931475749126137e-05,-0.004768694886450004
2000-05-31,0.010364397010497885,0.0008034751134205135,-0.003990058617922466,0.0037791228084349034,0.003168454250067913,0.002276808537694217,-0.004219922158268473,0.004115548885881755,0.005444316117019638,0.0011708939387049056,0.0001730167309003704,0.007084050498115229,-0.004122688321082783,0.002694774436433601,-0.00907294608534351,0.0010797139915802313,0.0014736505249472727,0.011120453816792853,0.007689403237644727,-0.0026136139840579674,0.0007444198669868934
2000-06-30,0.008421773522343447,0.0019709767673261962,-0.0021176390228406492,0.003560398509019411,0.0032690700050823987,0.0011393880309039895,-0.004450836637862136,0.0019447864448753427,0.006990248288410447,0.0037727936008378807,-0.0014226037522219047,0.008629084687207267,0.002475731888786411,0.0006096774601830903,-0.007726251574795579,0.006392798483023587,-0.004999566497639051,0.00800324878967075,0.0069425616047711506,0.0018457877211823849,0.0004508932902569015
2000-07-31,0.007789555005341247,0.0023801790209796387,-0.0009196638274230535,0.004273214101153892,0.0033072376638387346,0.000997727464538866,-0.004519443465947684,0.0014128978571101547,0.008052484335064669,0.0028894752414556136,0.0013417814926218205,0.009252154026929131,0.002007427307834324,-0.0014296061326935438,-0.007761541345689888,0.006104266410168147,-0.0036897749156803526,0.006698153724970934,0.006059628465536342,0.002067164548519804,7.071067969346084e-05
2000-08-31,0.006648043043568174,0.0025462489537699706,-0.001185751582562236,0.0034970554499097507,0.0033943238809701647,0.0008255763238876738,-0.00583089143022735,0.0009635377266758373,0.009098586396312175,0.0016341711687325882,-0.0003760004855205216,0.007167858014790016,0.001106687851633629,-0.0008427341426496599,-0.008159955823048019,0.00512211190917249,-0.004598569408631399,0.005802743867393241,0.0050514868966212954,0.0009425786675660507,-0.0012950497636721495
2000-09-30,0.0074299478309083865,0.0016384880986330373,-0.0007467010994710662,0.003923128087464515,0.0018974670949845362,0.0005403338458243009,-0.0034818780861213005,-0.0017129758878080318,0.010458936908868136,0.0009380498937262044,-0.0004259439807405742,0.005748802201518372,-0.00016843821408858662,-0.0006785249591815656,-0.0060502809930538855,0.004878404103064844,-0.003713390385394981,0.007819293778617727,0.007475821610242726,0.00040972367101132644,-0.0027972281014158494
2000-10-31,0.006888466145281013,0.002699832479566515,-0.00011701013621443011,0.004140661189452122,0.0024580996485306823,0.0009719320579255819,-0.004905339836559528,-0.0015266831257680173,0.010768317114014318,0.0027861047262655834,0.0001167100476448687,0.006767945121951729,0.0001972654019900705,0.0002914528989669371,-0.006756641244959232,0.005424297185021909,-0.0027156446567923637,0.006113832772545224,0.005317799257810201,0.0038673028459699434,-0.0034380304615737596
2000-11-30,0.007149200477846167,0.0019241609194758447,-0.001297141105570715,0.0034140874877007124,0.0037080496530658763,0.0006339873365282145,-0.005351616673854327,-0.0010316307731861268,0.01091629696619398,0.003394970929888802,0.0004693432307991269,0.0054216460820650575,0.00044772098031054284,-0.0006013042426042484,-0.0069788496027482026,0.005694801097334301,-0.0024173694836415113,0.004524087731512944,0.0029825247386082734,0.004941225407999328,-0.004224403708128768
2000-12-31,0.007876951391657876,0.0012251004750160359,-0.0008934345372591211,0.0029584015878507935,0.004097943781410839,0.0002712811122052758,-0.0033279851185430646,-0.0018854027011773727,0.01232890465685787,0.0032111555763269578,0.0003893143893851765,0.004688041686433617,0.0010642103291989473,-0.0001380360675367671,-0.007880181124860768,0.005360209997611659,-0.000905222676313637,0.0028654065017230113,0.0020207569926360045,0.004678990571085964,-0.0024791979325020073
2001-01-31,0.0076141261201080924,0.002068484446561545,-0.0009297634483597595,0.003029841475317944,0.0034853910809334475,7.647544471765626e-05,-0.0038130293617779426,-0.003121031029787253,0.01190759753916086,0.0029203707760129573,-1.7158903788430733e-05,0.004194627986368965,0.0015897034491310553,0.0018275625398440994,-0.008451008095128892,0.004522737366426592,-0.0017701025240137026,0.0025756848577186387,0.0022188078644288533,0.004756219145132444,-0.0016439710165321907
2001-02-28,0.007320209698104964,0.0014972116675642034,-0.00017583700527741065,0.0024284770182554294,0.003644118954110944,-0.00026295537784861063,-0.0017877890797906148,-0.001877468274532857,0.013111803811229776,0.0036954066710281628,-0.0013760877087236805,0.005134402284069412,0.0010972601996890458,0.00022534139137440337,-0.009431037694876217,0.004082715177151275,5.630556493667815e-05,0.0019286537215712743,0.0016164650752521922,0.005036269674986619,0.0005684889745224382
2001-03-31,0.007270100674037621,0.0016200217573617516,0.00020186368403371762,0.002936715079434168,0.0038901388429428965,-4.071029924250581e-05,-0.001165272467519237,-0.0016853193391293663,0.012861190201383701,0.0036216929804135252,-0.0006233295920985539,0.0037283459987222656,0.0008235135613901893,0.00011894065125984886,-0.00889912733268146,0.003126420425848928,0.0006008242767763083,0.00171553920855416,0.0012931051525485308,0.005161278139631084,-0.000528614893889199
2001-04-30,0.007121063201514056,0.0015523812982626633,0.0006450295837998582,0.0036899317412481866,0.003422145142500052,-4.639983425467422e-05,-0.0022345613560946966,-0.0014000995025344233,0.013572215028661898,0.0028676675279423946,-0.002172951108837352,0.004448810513667715,0.0007244743564748984,-7.044410947375195e-05,-0.009081879004139162,0.002500471216059328,0.0006013238666974669,0.0006848735215930222,0.0014005099551963668,0.004014094942396882,-0.00015052936290535062
2001-05-31,0.006969128384400489,0.001560671061376821,0.0017009608897881356,0.0029539715523204694,0.0032623036003666867,-0.00027554939692022183,-0.0021280742572813293,-0.0017785635567911951,0.013520719657916935,0.001961414490778475,-0.0015517641016939043,0.003604369798912815,0.0006319871508153934,3.0489536231832415e-05,-0.007897113689232871,0.003452182350303968,0.0005795423865256526,0.0004449341880808353,0.00210402479702121,0.003576995132622875,-0.00020202399521121852
2001-06-30,0.006882275732244138,0.0017992576650011443,0.001657008135511492,0.0024039517545511235,0.003193489020276358,-0.0006642856595167432,-0.0020635375858102994,-0.00146726883061991,0.01485502617232256,0.0004412059580877275,-0.0013021132688283148,0.0021609356075940845,0.0003978994305435955,-4.1676509424651306e-05,-0.006532161033737735,0.003446059949651816,0.0008721658674754667,0.0006255364925830992,0.0015822723182277246,0.0026787192922017155,-0.0006286517865342336
2001-07-31,0.007310574724536012,0.0017588308266177856,0.0020914440655201384,0.0019053585507593936,0.003386111567652258,-0.0008383033124063074,-0.0012833656774511588,-0.0020495914693434577,0.014820583521436155,-0.0002590045932823433,-0.0008871925995717646,0.001988241435214719,0.0019533264653201076,-0.000869145281768789,-0.0058454453916829035,0.003425304617429355,0.0006749030524922934,0.00011513497676890862,0.0010048428825158834,0.0037637579396430057,-0.0006553958637751064
2001-08-31,0.007440027050318524,0.002503995308032654,0.0025744788203868993,0.0015483605433127586,0.0035183998832433545,-0.0011277302817403246,-0.0009994562825704396,-0.0017245252999848228,0.013818277279993171,-0.0021434224817747415,0.00044851122715922835,0.0029792954459207663,0.0013485922117121955,-0.0015505225380628,-0.0050863156563468945,0.0025695536837538105,-0.00048388851764604194,-0.0006619582420054819,0.0016468028956153056,0.004528840556809588,0.00028622544747427777
2001-09-30,0.007459609875486287,0.0025734938906346524,0.0023310673381527324,0.0014506055733329334,0.003565527512131429,-0.0009034409515670829,-0.0009065076595679122,-0.0023030505359990625,0.012941348025096834,-0.0028911802044584555,0.00042511684747211344,0.0029893448494776004,0.00010310446381327242,-0.0013560845725425995,-0.0048451322227925225,0.0020475961197602066,-0.0003885478633002555,-0.0008482392268736999,0.0019524796792719924,0.0037636107018619645,0.0004346264645983224
2001-10-31,0.007647215146439423,0.0027237223161821304,0.0026519770623966085,0.0007168488849180415,0.003518419675705269,-0.0010910036721388451,-0.0006030191897672841,-0.0016590024114263894,0.01425393462302431,-0.0019570425921188127,0.0009878850381109421,0.003013362682006848,-0.00038819580315843633,-0.0010042096625753258,-0.004842984790100494,0.0016743185613871476,-3.8752456876123926e-05,-0.0008895413543469477,0.0032080000325219278,0.0034130962236938703,0.0008898459343512544
2001-11-30,0.007205814809283142,0.003095647346405385,0.0023343118225839436,0.00035683538022058235,0.0034157569380488403,-0.0010624454839282913,-0.000633806322004054,-0.0024327732363228728,0.014389602420728837,-0.002230200688592245,0.0014726822187497391,0.0023949441308903485,-0.0005180201688474891,0.00042189958030502245,-0.0040625185684813455,0.002171730286395287,0.0005029289085427706,0.0005309065802636257,0.0027857209560092026,0.0030097259801579804,-4.483855657467985e-05
2001-12-31,0.007437638523063317,0.0030854147412796643,0.0024502944069310167,0.0005280510271276607,0.0037424218266055467,-0.0009398317955891841,-0.0007917638091697684,-0.0023781470895577615,0.01433534305965463,-0.0018218343164669148,0.0014027746815929378,0.0018012827399250888,-0.00030420738568328584,0.0009989722564991209,-0.0036486987869485746,0.002714883002184955,0.000531949459419625,0.0014664356182509442,0.00249665022822189,0.003750064934788273,-0.00044016602454830954
2002-01-31,0.007689276185364149,0.0032556151380966924,0.0028258847615716546,0.0012867053136546307,0.003503259782622661,-0.000892153378819915,-0.0009099993221857132,-0.0024895388420764406,0.013435715745463907,-0.002005066792351567,0.00026080762256776627,0.0031070439880885262,0.0006779660626494806,0.0005928904691691009,-0.0037766580149864813,0.0027536615676809185,0.000309186667741596,0.0015978895853700746,0.002368080623036186,0.003197114054089901,-0.0009194079241935918
2002-02-28,0.007286095989575176,0.003119263326899707,0.002698596342156095,0.00125658273519135,0.003596639046123372,-0.0007998546759003686,-0.0008875678000913476,-0.002966145585966392,0.013329661631958867,-0.0013706298206062543,0.0006405462525419007,0.0029358128741139586,0.0008460347760757364,0.001352004330690878,-0.003771007123991481,0.0036160024898822126,0.0002408740697009828,0.0015204574678371516,0.0013315746502183202,0.0034801109612745723,-0.0009634898551545199
2002-03-31,0.007140441860318781,0.0030303307930440123,0.002672860154114852,0.0013715528271944842,0.003434357972526923,-0.0009257752645699931,-0.000917212139455564,-0.0027775560453603336,0.013393900823195031,-0.00046149275477821007,0.0002865446273334831,0.003093918504131021,0.0006739075877593779,0.0018734283653086665,-0.003813664395334462,0.0038964497093334142,0.00040019067729155165,0.0018534188883141938,0.0015782815412690291,0.003576628713473912,-0.0009058111747284535
2002-04-30,0.00703049563775332,0.002955991967780471,0.002637710262147929,0.0014863745885115712,0.003468265895984415,-0.0008815393527016949,-0.0005865356517440549,-0.0028529501731274745,0.013537691173213245,-2.3775923438744872e-05,0.0011476798593371134,0.0031372185469326743,0.000264054793125645,0.0006776110115278868,-0.003479861842246976,0.0036265877583661955,-0.00016318312940867525,0.002056115536652102,0.0020412389012690077,0.00333656325078389,-0.0011373731482035273
2002-05-31,0.0071402466398670815,0.0028333542808302178,0.0028465067457653344,0.0011109713011678215,0.0035879016725585155,-0.000876765544619012,-0.0016473551169196759,-0.003070428361391885,0.013370957920464225,0.0005021736434058056,0.00018358576539265474,0.002606418599388226,9.177356197134873e-05,0.0003312278396608627,-0.004096380347427948,0.003038548069664286,0.0002844555665301537,0.0021690694679701345,0.002040006138757781,0.0025985991326781524,-2.4094617281551073e-05
2002-06-30,0.00703141852204982,0.002729827207029401,0.0028514899662063246,0.0013050493199885248,0.0033489599912563716,-0.0007999747035548072,-0.0015334800404977846,-0.0030243768327777015,0.01345152638368844,0.0007395527194868883,-0.00044176381497762333,0.002200997362783316,-0.00010466802704406467,0.0008727321074000237,-0.0045133114313642975,0.0030770624996225722,0.0003631471761780117,0.0025690445977833163,0.002716482113413604,0.0025556613909688743,0.0006112989327280581
2002-07-31,0.007107375806128969,0.0025572563416034616,0.002627830321673336,0.0009702739596053329,0.0033900605662129882,-0.0001378667777110654,-0.0023455746152275456,-0.002649074378679621,0.01341769964293857,0.00039351863592661566,-7.432684043900668e-05,0.001456236594117484,-0.00016560707852687024,0.0014868117338322114,-0.004288193190605703,0.0022457499105208566,0.0013080922142550734,0.0012557729474583234,0.0025671063888080188,0.002087683679592149,4.767025964415891e-05
2002-08-31,0.0074393075523283515,0.0026011782935990093,0.0027601659087839346,0.0005660390736739642,0.0031655746903385333,-0.0003736920237725145,-0.0018850007150776247,-0.002744069718045126,0.013454033452829906,-0.00024125321676903878,0.0004713510117040587,0.0018832315707025397,0.0004408736998473926,0.0008634234646517787,-0.003413966517708659,0.002565653033914705,8.718427429140721e-05,0.001604349066952654,0.002851370405927027,0.00200737810414414,-0.000652559720011654
2002-09-30,0.0073251713104446866,0.0024697525752616916,0.0030323048526843185,0.0007861614102107117,0.003071670628375239,-0.0002328112838955123,-0.0015232741075614925,-0.0030109480231482843,0.012980731330948233,-1.0359202920564724e-05,0.0006605643930478477,0.0020775298403943967,0.0007381308065619195,0.0005261053675134161,-0.0036113898199041853,0.002724581363514353,0.00043945438911651834,0.0018745399039764336,0.00301222076087256,0.0025148223304355772,-0.000382581195120669
2002-10-31,0.00720506052548682,0.0027605581842926087,0.0026366338105430903,0.0013761717340755458,0.002645025653949005,-0.0003784075302600258,-0.0008559069536762782,-0.0034809889983507033,0.013137222684546717,5.729165980237363e-05,0.000264942620046283,0.0013720051398511965,0.0012485045953252898,0.001114738534986068,-0.003550631504066079,0.003227341974299155,0.000435335023489562,0.0015575148501656769,0.0036260369001209283,0.002483598896215447,-0.0003001193192031137
2002-11-30,0.00720768554540798,0.002463640391912991,0.0030073167225883987,0.0018420936481664632,0.0025533417039720003,-0.00033394939625216096,-0.0005049867239517124,-0.003213465577952094,0.013066321831323037,-0.0004688431857285034,0.0009911746399831713,0.00028636641464039854,0.0006479368120893094,0.0013352132730156542,-0.002561757697957264,0.0031623049755248483,0.000578882690497277,0.001388023864820405,0.002873307740157276,0.002008991539727262,-0.0006661402825590834
2002-12-31,0.006926911723257654,0.0024295439794994283,0.002966997606197697,0.0018305858460983878,0.002776589418950947,-0.00028509566002770265,-0.0006676105154303474,-0.0032314336216950766,0.012567095393606708,-0.0007124989033500446,0.0006703789363797945,0.0007303387398164365,0.0010523457165876218,0.0010936578597384996,-0.002413332849648438,0.0028803480365965405,0.00021399721153774826,0.0017431179611793655,0.002228731272970944,0.0017757930484051344,-0.0009743420035531471
2003-01-31,0.006813869257836514,0.002439054698536485,0.003074844259772537,0.0016977420944722676,0.0023603621103058916,-0.0001965914292309944,-0.0004249379905935907,-0.002508381859247301,0.0133861876614152,-6.504435893978002e-05,0.0014786954793738192,0.0007502101245053062,0.001930479771591734,0.0013553690608426403,-0.002633974469668446,0.0027465683541250483,0.0005293224094398828,0.001285618698508484,0.0016398844583967148,0.0010507810066554867,-0.0008299943177603759
2003-02-28,0.0066921057369316245,0.0023077786980898038,0.003128438849312413,0.0017345991588143543,0.0022902253442384254,-0.00010991676890601644,-0.000470247964540187,-0.002391103611350113,0.013139985873163488,0.00027088088122490965,0.0016570058553683016,0.0007740435151991779,0.0022216339913348213,0.0013954539304075113,-0.0024527563923876193,0.0028988428213570674,0.0007859108966273829,0.0011351112006317717,0.001487645135881053,0.001033939517212184,-0.0004173161276184451
2003-03-31,0.006449936471683089,0.0026529973929795355,0.0030929096258473427,0.0015676934181492526,0.001987907459618808,0.00023466049796447996,-0.0005528676017182721,-0.0030765037175537963,0.013588524585037209,-0.0001834983447838694,0.0009805733865367369,0.00046930055781349095,0.0017276400440292788,0.0019056492850703193,-0.0031706673793962556,0.0026876359102577727,0.0014076427356991379,0.001568252418939375,0.0018242604421625315,0.0008531257343337324,0.0004164286835995317
2003-04-30,0.007220341333457733,0.002715208819750839,0.0032308986915585702,0.001676705236000262,0.002279705054681427,0.0002858087046245619,-0.00034737976446763826,-0.0026543655769200236,0.013915921103462372,-0.0002974819425889256,0.0008265364813266971,0.0007436296340158741,0.0018528113496653572,0.0022007041269472157,-0.0017241399943656625,0.0025589796839410725,0.001573481931560652,0.0008492126114252975,0.0011899158070528214,0.0013102376030077504,0.00028610400810534075
2003-05-31,0.006865457697786306,0.0026178380832958584,0.0032748339998311497,0.001398508118647396,0.00224786036204618,0.0005344754219189221,0.00020665880770295625,-0.0022305299200187988,0.01411063077842271,-0.0008499856532941774,-0.00021623954225741347,0.000815945308680706,0.0018709185816434284,0.002642745709961453,-0.0009177529505881363,0.0023140362386282745,0.001914294177310154,0.0009244081113764429,0.0008742546583757381,0.0013293707363330456,-8.273421510133702e-06
2003-06-30,0.0066676580736634425,0.002238087843861286,0.0032515852808782165,0.001389797831287939,0.00246776470139589,0.0007890886945730801,0.0003400054957123949,-0.00337298293300758,0.013851058978067925,-0.0003841356080626093,-0.0005798324885539039,0.0010797031380512041,0.0027147005427686196,0.002617882711802037,-0.00018093458635525146,0.0019417536521902764,0.0023369608166106354,0.0006945608303850823,0.0010023058581345996,0.0005664059904332431,0.00022216569416025125
2003-07-31,0.0067155662836508555,0.0021780738616488755,0.00322281889943403,0.001673147234001774,0.002566868619917485,0.0007176422487849596,-0.00012203937851547423,-0.0037001528281560923,0.014041138625458107,-0.0005210796082894271,-0.0008460943422231525,0.0011905087277406697,0.0013637159138091116,0.0024885187586892385,0.0005393752390630242,0.0013617965516422026,0.0023092303616095845,-0.0004378617882951308,0.0009091055629717266,0.0005311031747202136,0.0008443064583450507
2003-08-31,0.007136614480937581,0.0022177899972395648,0.003352130340892732,0.001660521315330668,0.002634310888951844,0.0007037198059484817,-0.0005425837169815864,-0.00257506400000762,0.014257427518602032,-0.0003989036026449248,-0.0007736520923421046,0.0013955745333798942,0.001153232061027291,0.0019613479734572575,0.0011616690006630952,0.0009524939879876965,0.002905747958093485,4.499187884546074e-05,0.001442934764885983,0.0002955066110520136,0.000878542926196078
2003-09-30,0.006834868385269191,0.0022388022465308416,0.0033455012802156877,0.0017409824800130353,0.0029111737049068737,0.000820877658788069,-0.00046796604434733884,-0.002361421910968313,0.01432233024199275,-0.0006985101922662702,-0.0011203902175260954,0.001602182458564026,0.0009507508393475866,0.0019636491367091757,0.0012807717893200776,0.00021610810625147172,0.002292141405393973,0.0001815847888315585,0.002083197691606116,-0.0001545194856110325,0.00038905992350867955
2003-10-31,0.007064124688119387,0.0023008142807693388,0.003064868123000057,0.001820299812537955,0.002560604712679011,0.001144353525980869,-0.0006594622408500504,-0.002591018323047173,0.013713759422718505,-4.391429088923028e-05,-0.0004995475104075998,0.002194909367496149,0.0007453874998979168,0.0014128590382442231,0.0014270254458717856,-6.183799081350015e-05,0.002017836145190008,0.00048798983179928503,0.0016713642948666888,-1.2096464496295906e-05,0.00010271661642526661
2003-11-30,0.0070985290650649275,0.0024700222717228444,0.0034021764100562184,0.0018072762765943707,0.002533045309464315,0.0012753014345889266,-0.00018699191205613581,-0.001984464596700993,0.012822899657032628,-0.0004989734194861242,-0.0002887841342890916,0.0025823135679101513,0.0013348329498551396,0.001418838806908301,0.0012878626967932965,0.00014488754652691176,0.0017530132322066043,0.0006796991956132977,0.0011731053083127781,-9.470690895616749e-05,0.0002661960494638405
2003-12-31,0.0070224491551911915,0.0023711263216710707,0.0035463678239218387,0.002023335752663299,0.002592599923023845,0.0013130339194166655,2.5617539077684885e-05,-0.0021581139834221086,0.01297015718926985,-0.0010459013454580423,-0.00023236570608390752,0.0025273062991607803,0.0013972030879692394,0.0016375662576963706,0.0009569830435445033,-9.625282054087408e-05,0.002227677549599787,0.0010915681119851085,0.001412052568210379,-0.00044721208766121943,-0.00012323925413503423
2004-01-31,0.007085577564731229,0.0022955263417600087,0.003140494101830952,0.002260636165083842,0.002821265853511567,0.0010352739388888841,9.0077826080387e-05,-0.0029276820076968987,0.01297520120095705,-0.0008770004041983247,-0.0006604112272066425,0.0028110800046787024,0.0010721972998159587,0.001041489549755763,0.0007789119442963593,-0.0009500381902527778,0.0019187793604190304,0.001209865833670563,0.0007635451196692408,-0.0013815081816953097,-0.0003990781256508886
2004-02-29,0.007015976317958967,0.002665878510923052,0.0030961325872152596,0.002467466830556952,0.0025213274200782637,0.001125044707431356,0.0002741996334988866,-0.002959537488330453,0.012780640387700838,-0.0009354144805258733,-0.0002538374340464084,0.0031034946727450724,0.0015117323205019882,0.0006574362101280643,0.0011421462414634952,-0.0010960998388894845,0.0022265746142089062,0.0007811684811689342,0.00034255191357082036,-0.0015026547448611098,5.82760594802513e-05
2004-03-31,0.007219897853075531,0.002655200289356237,0.0027484839128720196,0.002694469356280186,0.0023692060126682944,0.00039263957306034144,0.0006414470201527077,-0.0026374160480469697,0.013583111153087128,-0.0006150982866361325,0.000409748768636344,0.002114679089459576,0.0011067366445485808,-4.162861523430853e-05,0.0007066749515791334,-0.0010238225304598707,0.001922058050740959,0.00014942249221784035,-5.115750382236997e-05,-0.002384523003682407,9.592445297745876e-05
2004-04-30,0.007272083287837651,0.0027031483922378137,0.002698790170359487,0.0027120730654232074,0.00269959568064886,0.0004524227487098972,0.0001816235078482757,-0.0021926123197545883,0.01309278992264891,-0.0006417556912234753,0.0009666856938433229,0.0021313101508023172,0.0007089335639089392,-0.00048579347678639936,0.0003801926787161016,-0.00101369732644174,0.0017486210228155159,0.0001631417824863748,-0.0007153450973756602,-0.001576932373043731,-0.0002708015218492347
2004-05-31,0.007058040479377725,0.0029929031828391296,0.002737863886942206,0.00220950844624162,0.0029156199239343157,0.000744327267582686,0.00022147317481293295,-0.0015034631474786062,0.013672851476605755,-0.0015403695996577674,0.0007151820955975585,0.0015767603460927256,0.0008043273936564942,-0.0009927999277012467,0.00023319594901724286,-0.0007455785810430576,0.001976833762838951,-0.00014515014592242844,-0.00010031611107860273,-0.0018022240784036241,-0.0006376346010801783
2004-06-30,0.006974552531055752,0.0030869052553353427,0.00283796645669466,0.0018700860513241287,0.002919886517226993,0.00072659310296243,-5.9079583816454864e-05,-0.0016593075041209059,0.013603851722493591,-0.0013270980066899811,-0.0005313902121941769,0.0003311985901948303,0.002056287434492439,-0.0009220570841774798,0.0010184074788873244,-0.00040389943054848227,0.0016649893185524693,-0.00030976498496233036,0.0007421864455175192,-0.0012543771134604835,-0.0007522576645503999
2004-07-31,0.006962282333239693,0.003040463941114228,0.003151490931742297,0.0020841897045149015,0.00316864075486691,0.0010076939772893812,0.00021819253813297986,-0.0017076611012197763,0.01351931637309751,-0.0017875652888879024,-0.0007383178646177906,0.0007971398690862008,0.0015232638861199426,-0.0015988771773973415,0.0010487060023461252,-0.00029996119634400194,0.00074320315101684,-0.0004696516828870198,-7.810199236989732e-05,-0.001484607614670494,-0.0006235941746888749
2004-08-31,0.007027142183253351,0.0029413178692893503,0.003058817073234911,0.002105192749379817,0.0034524680380570646,0.0011146280421268219,0.0003822890298945612,-0.0017527220545753405,0.012491599517144363,-0.0016045658482894832,-0.0014231587700481723,0.0005844235362114882,0.0016992823028860664,-0.0019570102514259824,0.0010959728610124195,-0.00018813796812154593,0.0009388522175871426,-0.0003771878709097491,-0.0001116990039283582,-0.00045130198321384463,-0.0006660005945063398
2004-09-30,0.0069655512329718115,0.002882406189010425,0.0032131335780122075,0.002265365979568198,0.0032228788448047455,0.000986436318152765,0.0007253267471511745,-0.0020612044082778873,0.012569556909779471,-0.0017254571540606409,-0.0014199745217285493,0.0003839549913638065,0.0014872967837193842,-0.002026793999783468,0.0012325414292713248,-0.0012560591312864328,0.0012731484227798593,-0.0011911170571321475,-0.0005287816376690112,-0.00016182451590930364,-0.0009052966340471494
2004-10-31,0.007067159403223079,0.002883677596580456,0.003256983927821302,0.002244509880903461,0.0031098892222141904,0.0008780516169540571,0.0005813565122658784,-0.0009154356081645411,0.012907206636530357,-0.002316201615443404,-0.001479330496597682,0.000491451761052203,0.0013785407666460495,-0.0020944556836548743,0.0011034197747059396,-0.0011071566313512599,0.0013500337191042263,-0.0013611467848258802,-0.0007355233025772246,-9.39969466964692e-05,-0.0011003425725500027
2004-11-30,0.007224091069514016,0.0030676278611491714,0.003393519657116868,0.0020288333824558242,0.003066128270823543,0.0008343259963834089,0.0001246136034080343,-0.0009208986623011635,0.012739033859891374,-0.0021624840948946465,-0.0013067094076040912,0.00013392964355690668,0.0014825981331601553,-0.0016658915227330791,0.0013837473417408206,-0.0016742236601065934,0.0011881768050096585,-0.0013490238493844174,2.2039304844174708e-05,-1.1317455585530537e-05,-0.0008839420122531693
2004-12-31,0.0072832522246916625,0.0036227102256428728,0.00336430061439593,0.0022955067462292083,0.003303251789351372,0.0010698414391642017,0.00029338741219431496,-0.00019858688128229795,0.012685600670784182,-0.0023106181333321517,-0.0013131034401162706,7.1331505175836e-05,0.0006604912209300052,-0.0017014945895281535,0.0012151231498760391,-0.0006105512605590212,0.0008659978820363898,-0.0018432560221704449,-0.00040773744816901484,-0.00021947701209300781,-0.0002966697009200124
2005-01-31,0.006859438408425639,0.003878180727526214,0.0029667785087892054,0.0023041995518980852,0.00392586057405612,0.0009466051125124315,0.0005256562206678844,-0.00011277818396920537,0.012168262015371429,-0.0021108771635533633,-0.0020180384496219783,-0.00045292791761339434,0.001248114735480914,-0.0013199903113181926,0.001196634686514636,-0.0006069869831375407,0.0008343794737832389,-0.001469315693478481,0.0004137463891271399,7.933172823399481e-05,-0.0010498056508922177
2005-02-28,0.006500481060560853,0.003997758294633223,0.0029197736544901856,0.00260228454299597,0.003402959585677427,0.0009463378395400779,0.0007067342406029107,-0.0002733312829958734,0.011771196929772952,-0.0024849709878150277,-0.002021820729663234,0.0002976623940100076,0.0010236871826117288,-0.001336523692900617,0.0011000277011052044,-0.0008433627260313896,0.001157057324027076,-0.00102005122391738,-0.00031364325033672146,-0.0002041726979714581,-0.0007088742742774298
2005-03-31,0.00648174464304107,0.003649242191374859,0.0032406786613448564,0.0018296154165116751,0.0031210930603109274,0.000798351061376974,0.0005578146302948612,-0.0006243810622821902,0.012516412869082724,-0.002409302932499463,-0.0014302283776643475,-0.000992868082866563,0.0004352508335991385,-0.001483479462234714,0.00116085124536691,-0.00036885626700757944,0.0010288721281304922,-0.0007879556098460903,-0.00026807859338433325,0.00023437448871129287,-0.0004392097664812018
2005-04-30,0.006305453189512689,0.003896161098273621,0.003392161749022847,0.0018806181065461117,0.003088255410244819,0.0007205878642292245,0.0010088955843746633,-0.0003836445425930751,0.012740626930463975,-0.0024682691764517767,-0.0018721550896820711,-0.0008483205155952168,2.1189082480232296e-05,-0.0011907083351585693,0.001192716867701062,-0.00036781181338312654,0.0011734366768539678,-0.0008493527094883528,-0.0007136978901605185,0.0006708909524179196,-4.249725548676733e-05
2005-05-31,0.006023299895049743,0.004290384994726155,0.0036682818223279425,0.0015681485146918504,0.002702942589118993,3.826910751623166e-05,-5.583595361024346e-05,-0.0007058694665514325,0.012540084075398595,-0.003307565199274245,-0.0020378353829848808,0.00029924266612660886,-0.0002547914859288475,-0.0013154249615209396,0.001084522097260103,0.0014069536403882364,0.0014883416954786103,-1.0921231941288224e-05,-0.00019053664644435404,0.0006505801712984232,0.00011971837790105568
2005-06-30,0.005969027188372475,0.004014074305897812,0.003912150560683681,0.0015805349021860903,0.0023035204219566036,0.00031894118026663197,-0.00037101258352515863,-0.00017255791067129255,0.012580475335975156,-0.003384662449081285,-0.0015760151859676814,1.7913942023596e-05,-3.318926089130995e-05,-0.002136395047968503,0.0016588900881108054,0.0016168779290388609,0.000652926471996055,3.7258346594224087e-05,-3.0213181671451337e-06,0.0006396906519326838,1.3600290427119018e-05
2005-07-31,0.005795750238549775,0.003989004571552891,0.003934626612077902,0.00143143331150703,0.002173391425836964,0.00020212663999291046,-2.669437426891405e-05,-0.0005795700990920494,0.011818851262458139,-0.0032273908225063336,-0.0018644391662757114,-7.938832656844533e-06,-0.00011240815481645796,-0.001798830270039911,0.0017569674628883523,0.0023932130887748424,0.00035030850823887755,-0.0001206686923103698,-0.0003656952342443453,4.748310949316461e-05,9.214823903747269e-05
2005-08-31,0.0056899752618910955,0.00427873294125316,0.00424493282691866,0.0019537324597039235,0.002208244146926861,-0.0003091455307312541,-0.0003569667887278805,-0.0003641191938313636,0.012133527789782116,-0.0035801011474411726,-0.0012814395356216231,-8.633521918088954e-05,-0.00018393327852953925,-0.0018973128231402074,0.001737825015241814,0.0024196991686606887,0.00036143531519289946,-1.8671065273932755e-05,-0.0003171542603083986,-0.0006021075960995386,0.0001573199651571211
2005-09-30,0.005685457322410196,0.004229579547050355,0.004060832273836242,0.0017568753108297747,0.0019692981280955446,-0.00013728704495366562,-0.000684961988761776,-0.0014463447564216608,0.012986122469067019,-0.0024268735835945403,-0.0011511280166595157,0.00039877843202916697,0.00016585912924465548,-0.0010814161029921254,0.001995702589897741,0.002314607674672303,0.00017942271037114195,-0.00026392573641501873,-0.00010414441573452344,-6.605815040506581e-05,0.0004580146242278295
2005-10-31,0.005655741874574052,0.003987865631116503,0.004117467954250813,0.0018578738843037326,0.002055250268483091,7.548434771661625e-05,-0.00014695397827243974,-0.0011087934635882451,0.013331399789587261,-0.0029635476732466463,-0.0005399968531745806,0.00051248497017482,0.00041195228182730974,-0.0004989421493568419,0.002261500774377062,0.0025113520372483955,0.0002829836203731032,-0.0013236638046352758,0.00013499389078120084,-0.0008300933399032391,0.0003837331687114724
2005-11-30,0.005634658940959681,0.003954938903970365,0.004118281018775182,0.0021098163472192755,0.002195111274183492,-0.00011744053552410461,-3.0343565030876963e-06,-0.001389727498115155,0.013359942313458406,-0.0022219651908058653,-0.0008079809589994905,0.00046215680875407177,0.0005248452592836654,-0.0003804042400509987,0.001716205933633098,0.002053319200199888,-0.0005232750287898875,-0.0010875660198722704,0.0002375318893639537,-0.0009851391909557073,0.0006477009419816526
2005-12-31,0.006065946399215515,0.004159407217273162,0.003950192170769315,0.002043152583745566,0.0017854634383553457,-2.269542076162179e-05,0.0012289544041005254,-0.0007266200176461889,0.013155879717066906,-0.0023401175683843644,-0.0006848289198515106,0.0002868487400665271,-0.0007851657673709326,-0.00045907446345772236,0.0021060349332516254,0.0017573830193371995,-0.0015853251715272608,-0.0009056903965797711,0.00031516467072645294,-0.0005723879011401043,0.00019399924447241625
2006-01-31,0.006196741058925889,0.004136964761107555,0.0038214269112142626,0.0021853302239142587,0.0016540889294352084,-4.703418160295721e-05,0.0012686243098720552,-0.0003985330773297016,0.012864287340762871,-0.0019222643959930401,-0.0004290697863961,0.0002340318859690968,-0.0008789650920590111,-0.0006047297574389219,0.00183701265398245,0.0014611690832719009,-0.0016963845197633008,-0.0006111840673067118,0.000373729456142636,-0.0003596744925644767,0.0004648272640968342
2006-02-28,0.006404413717353084,0.0038624259171082163,0.0040106880309811075,0.0021364164015511187,0.0016232534125317478,-0.00025341368673651766,0.001340711593182695,-0.0007070955147813567,0.013118946239005414,-0.0019073980913705316,-0.0004823577923029201,3.598266130854747e-05,-0.0005103712480307749,-0.0005734934192973895,0.002441535228746489,0.0019552766839868226,-0.0020379899173583326,-0.001414529280353653,0.0003948027631669387,-0.00020176237246497672,0.0007708864875193387
2006-03-31,0.005914346961578535,0.0039149946783496575,0.004026520441634921,0.0020937490183328632,0.0014938581935816093,-0.0004045299337211382,0.0009392649630213003,-0.00019732227748021274,0.012914562438911217,-0.0015689445984342762,-0.0011185162548944753,-0.0005030512270773797,-0.00070535236409829,-6.211589549830112e-05,0.0026878490038066962,0.0012563125675905857,-0.0019430609605820422,-0.0005120640976626454,0.00043455316892440415,0.0005205345039402212,0.0004149096848198349
2006-04-30,0.00564163265855053,0.0038531773939687883,0.004124659263572401,0.0019199163387301852,0.0017147706579048432,-0.000450494942189775,0.0010745147952748062,-0.0005462005918590046,0.013793313848220103,-0.0015160001820095014,-0.0011950052996839314,-0.0003435055232564216,-0.001409428218305057,-0.0002794137875389461,0.0026712083112560413,0.0013866139174795503,-0.0023061351627909708,-0.0006262347218759173,6.396202955233875e-05,0.0004744877304822827,-0.00023705365003121335
2006-05-31,0.005574261671923939,0.0036821219635084276,0.003768123977500054,0.001902015211267507,0.0018551863850485852,-0.0005450011800484099,0.00103576859540048,-0.0008036447983297006,0.013351631997253983,-0.001784666588869882,-0.0009519425014690322,-0.0007118885812424658,-0.0006617816617845071,-0.0007648207230211614,0.0024040596231661346,0.0013172285232060878,-0.002142282578907864,-0.0009939561672826715,0.00031996185601372107,0.00038328311863219196,-0.00030469253263399736
2006-06-30,0.005714331977971199,0.004025103886409221,0.003770127545290636,0.001997301090612744,0.001577952140313539,-0.0001734970749860691,0.0011284307220866376,-0.0007252537282617768,0.012694669672671315,-0.002196498275876281,-0.0007582491033318038,-0.0005734464876946709,-0.0005429494394224904,-0.00056054804294488,0.0019473837903433524,0.0014756098408691078,-0.0015367292455403681,-0.001304191875443101,0.0009377926339840901,-2.7358919917874194e-06,-6.555988739570686e-05
2006-07-31,0.005890675250239756,0.004078699992622847,0.003676735603200743,0.0020697387214529623,0.0015378001533499803,-3.1879527861541625e-05,0.0009582587099350279,-0.0003973202731957536,0.012224982122820688,-0.002441934993703345,-0.00033833741636032645,-0.0008937791507160854,-0.00012601308745469243,-0.0002853692273912701,0.0016532896211159972,0.0014377925902774287,-0.0013993367463498768,-0.0010417250761544437,0.0012426545899221668,0.00025238257751473536,0.00036741102722337145
2006-08-31,0.005656581157788352,0.0037672525473071206,0.0032921952414167416,0.0022819205405546477,0.0016847214209267916,9.165843177308964e-05,0.0014149956103413205,-0.0009662374490902269,0.011978842224500044,-0.0019442461550625498,0.00011864586747272144,-0.0010665405927103094,4.031396910937751e-05,0.0001562672709569519,0.001632362641314599,0.0006553076909430594,-0.0013049878075160975,-0.0010131243783665406,0.0010081990547125025,-0.00042647344003550247,6.91664303885088e-05
2006-09-30,0.00575913266685054,0.0036244535369364572,0.003347954916727811,0.0020866834968095074,0.0015046285536191857,-0.00019381574373860668,0.0012528379672415023,4.0027744448536224e-05,0.01237819068483536,-0.0015471849234261089,9.012069604720586e-05,-0.0015012711385099164,-0.000399616914188364,0.00028273691848623684,0.0011713969018807323,0.0005332724700288095,-0.0007606891426671212,-0.001419742353077834,0.0005792483395089731,-0.00012878532366041376,-0.0001563635404914871
2006-10-31,0.005753577872893184,0.0034597301136458265,0.0033245090514178277,0.0020031201273024405,0.0017045720520670756,-1.9693659885281796e-05,0.0010512007580001667,-0.0004368264041451629,0.012259163196787866,-0.0013767903535823894,0.001005566155421605,-0.0016504259786353098,0.00016567645628002176,0.0006662454650568024,0.0013612617869196927,1.5016004011139585e-05,-0.0012760026955030146,-0.0015495255576131453,-3.890945527376785e-05,-0.0004350342123756721,0.0003068624622083398
2006-11-30,0.005754271876664007,0.003425918420707888,0.0034752379643287084,0.001910569919817917,0.0016494389501004255,-0.00020943532876561082,0.000546789689732884,-0.00027873732347476107,0.012525312500852957,-0.0022054625612236054,0.0007189511345173072,-0.001309135526049371,0.0003356480415528392,0.00019004650613656547,0.0016382714339798743,-0.0002928898213924792,-0.0010238108713726674,-0.0013464218684029008,0.00039422627501610333,-0.0006375871211559323,0.00039650809660384304
2006-12-31,0.005487161217326351,0.003099765898701428,0.0038448829142313907,0.0019131928310435115,0.001841932085021639,-0.00013031048915061418,-0.00028124822144231685,-0.0006595071425489898,0.013009993092020817,-0.0027520971372441186,-0.00010101377655687767,-0.0014920338913178017,0.0006437632853114258,-0.0006928675201392244,0.0014121482789351794,-0.0010160044098283326,-0.0007322678495854224,-0.001254733242819429,0.0014339278051386402,-0.0007585067408611177,0.0004348367872135267
2007-01-31,0.00528564900283844,0.0030508437712903416,0.0039290561150066424,0.001318286857070236,0.002072576020923217,-0.0004109043682902904,-0.0006511582755385826,-0.0008648177976146466,0.012922972027295067,-0.0030387035442857417,-0.0005855631652391397,-0.001632769755263817,0.0008153446404641037,-0.00042795192628230735,0.0012224182553414115,-0.000887000713841267,-0.0003910711974785469,-0.0014876917474571931,0.0015148239563708846,-0.0005040269384480787,1.4445755658875237e-05
2007-02-28,0.0053023740705401765,0.003206814519628895,0.004482993436449521,0.0014977644288851164,0.002080389812898999,0.00020607691229683174,-0.00037372105661445437,-0.0011226169689201898,0.012101305302338546,-0.0032067617513206552,-0.000615047522804801,-0.00099784117049632,0.0006353269812000828,-0.000645776938872037,0.000878513342870165,-0.001133171874459436,-0.0002751561501442289,-0.001370479070263075,0.0018592664456504554,-0.0006947002541298619,-0.000575898437302002
2007-03-31,0.005157494380177745,0.0035538720173968236,0.003969694065750564,0.0014444325446366804,0.0017979599792247458,0.0002769367538010357,-0.0005714275658904509,-0.0012317019708698188,0.012275235218644676,-0.00314512055199651,-0.000542248232619192,-0.0002692062534900442,0.00045838955724607244,-0.0007532188433350309,0.0008948465136350199,-0.0004814425985340911,-0.00039384969843427964,-0.0019617004001318246,0.002530875245867439,-0.00036234930117859686,-0.0005531636301127253
2007-04-30,0.004782756734833986,0.0031713950186606343,0.0038726518336329725,0.0013989936371550267,0.001540721196027172,0.0007270913651472031,-8.113115284869455e-06,-0.0013835026759491161,0.011838809660228263,-0.0027029342109254257,-0.000927351277261963,-0.00023531927097497654,0.0008673151992779952,-0.0004173175022756616,0.0004907482648843333,-0.00029302509933624516,5.7207345621072163e-05,-0.001340975434813537,0.002130549559179518,0.00013442157047992905,-0.0008250077215204974
2007-05-31,0.004970302491427983,0.003092817270019305,0.0038527815167434553,0.0014886454391400445,0.001329405642359131,0.000626729690555686,0.00011133635981157351,-0.0005652209943070041,0.012693649075564093,-0.0025252099073584757,-0.0009760735029791476,-0.00020602744438307232,0.0010016405058025529,0.00012247407180611029,0.00012632818938662356,0.0006077499451852977,0.0003874027726064759,-0.0011698267890876866,0.002786663963753079,-0.00014114156623906706,-0.0011992697369847345
2007-06-30,0.0047046635059143724,0.0032573685248573426,0.0037703105483898954,0.0016678512417345364,0.0011531121697958792,0.0003150093946281217,-1.4212059481309301e-05,-0.0002516827803994734,0.012917699555408318,-0.0031607066109447194,-0.0015685051757280148,0.0005156037030104027,0.0008673443568766581,-0.000656673783636665,-0.00037316110850280125,0.00113051190096654,0.0005900915977866087,-0.0014484251608840484,0.0026260222568120343,-7.342372275521836e-05,-0.0015534833679484925
2007-07-31,0.004732880922397947,0.003558886869949372,0.0037582562992869157,0.00151796723573641,0.0013367190989139544,0.0005334152517010471,-0.0003955301389675325,-0.0008024183380673192,0.013096544867734929,-0.002556045046240119,-0.0009149324168620736,0.0006666241610676054,0.0008865883543719727,-0.00043593220317650317,7.795676038385366e-05,0.00043754122470565085,0.0008482634601039962,-0.0014940401160654462,0.0018767818091318133,-0.00045806244272754,-0.0007218926358989734
2007-08-31,0.0047544012310872606,0.003215515066321724,0.003651150908431299,0.001744401220773308,0.0008262147091927455,0.0003892240391502456,-0.0013138755590354218,0.00010958336992989857,0.01349312281257835,-0.0024086384077157633,-0.001173104523797256,0.00015403253856695115,0.0007377647267964925,-0.0005928252498321449,0.00014879534975307894,-5.433602460331373e-05,0.0014239222188565394,-0.0004916169583895867,0.0020453844240921155,-0.00012196433006809418,-0.0010535442047433384
2007-09-30,0.004510074213331813,0.00315668144176132,0.003926015833338568,0.0018020331654503333,0.0013600794713311802,0.0004987103808762637,-0.0015443587129394924,0.0005230466222745268,0.014054287180607635,-0.0025527843484439987,-0.001743971052238279,0.00018028796072759882,0.0007293868962741248,-0.0003608719391900518,-0.0002720725690976101,0.0001635116133393871,0.0016632640683226889,-0.00015981617629837755,0.0021119866684984655,-0.0003912611575283819,-0.0012894985707059868
2007-10-31,0.0048257557394856595,0.0033089862553485243,0.0035107981529903867,0.0025343300524278776,0.001657531730867294,0.0007714336045064559,-0.0017570679991559509,0.0005250915615548686,0.013532289637714657,-0.003076651580593191,-0.0018097654336065234,0.0007194353672121895,0.0008220303177132628,-0.0003517473596497825,0.0004832885918044114,0.0003248130766002464,0.0007252054607555372,-0.0007128198077962177,0.002408823540135963,-0.0005070850753932466,-0.0014331422482183494
2007-11-30,0.004892682098277526,0.0034229734854617534,0.003510484242797783,0.0023713708843024275,0.0018573318974035042,0.0007118187858820598,-0.002197494558913869,0.0005789848492070734,0.013701918710076248,-0.0033776281989020165,-0.0019640021573357597,0.000686185972648284,0.001293037811966114,-0.0009931969646725294,0.00020727825043019213,0.0011087558204424938,0.000917990288388103,-0.0012568053060754657,0.002641132948057235,-0.0004052044721357902,-0.001771806320097106
2007-12-31,0.005203652829835269,0.003562430587858512,0.0030664156336869357,0.002207202811815207,0.0018014807274597492,0.0007897023131781585,-0.0026242255942849073,6.426433282969086e-05,0.013930807799251165,-0.003676552230421193,-0.0014353791534375657,0.00034934144004496073,0.001109623857749379,-0.0010842358147780278,-0.0001491836028388011,0.001085341765384459,0.0009275821214885038,-0.0012216087959352633,0.003170333593317162,-0.0008671422035127184,-0.0015301291550706732
2008-01-31,0.004913969022544354,0.003406683962906426,0.0030506334048932917,0.002332778837007217,0.0016113368156856376,0.0004495280171921441,-0.002625981610876342,1.9625917666006676e-05,0.014192048449695816,-0.003370023541795618,-0.001566937594102276,0.00035937783157106323,0.0008001106246765268,-0.00038118993250745676,9.110145673923243e-05,0.0015036631364660495,0.0011492661824988048,-0.0003361587222614205,0.0029236994814731813,-0.0009970559183373024,-0.0008515865341081269
2008-02-29,0.004680416955583365,0.0035744580168269955,0.003433815743344083,0.002326037159920206,0.0017634227045651197,0.00046604190672564313,-0.002817711581563344,-0.00018279491750539738,0.014439422974185701,-0.003361726551355668,-0.0017700267073507846,0.0004793860107580048,0.0011145933962558897,-0.0005502859854924987,-1.7785988535549323e-05,0.0017321846448557579,0.0015364291200754667,-0.0003964867123528021,0.0025359205972029907,-0.0010257426117803651,-0.0010749700911075488
2008-03-31,0.004741278556725328,0.003694575003967864,0.003262356598943915,0.0023071441691385353,0.0016143875616137688,0.000559684545682385,-0.0027518795932796147,-0.0003935527745498657,0.014045113815718836,-0.0023427145421364504,-0.001366250200951235,0.0010596958452423675,0.0007764282038920097,-0.0005846697874481652,-0.0004265760234130956,0.0018244891384530226,0.0011825237111406618,-0.0006677290746781328,0.0027788541936398163,-0.001024282844919198,-0.0007299930314229443
2008-04-30,0.00528503314214177,0.003636189876988835,0.003879330711309459,0.0023619120776329685,0.0017289059605486911,0.0007904272838440797,-0.0022255289750799934,-0.0005301026424587504,0.014081960374573411,-0.0017065851755140205,-0.002307544716920009,0.00017994268406560092,0.00033450703067426706,-0.0007173006832209084,-0.00024797747711763807,0.0010961838406634613,0.0009662882812869129,-0.0005696864669699991,0.003392745560286512,-3.547295953192152e-05,-0.00042184962711707785
2008-05-31,0.005217187100451184,0.003580177330438391,0.0036850199251323087,0.0023606203557881814,0.001717008002729367,0.0005855865638656043,-0.0025050778723177155,9.743214985927858e-05,0.014396515375598821,-0.00207507915669698,-0.0023860368332089413,0.00021759818220564844,0.001075197474404854,-0.0010061546261910515,8.97002511493343e-05,0.0011996502033618894,0.00066008239911634,-0.0009558750789584428,0.002674289964600207,-0.0006343442462004512,-0.0010646598477409728
2008-06-30,0.004968020027161735,0.0036167163063593475,0.003693594286959502,0.002292673118447668,0.0016677823502972827,0.0006795297297698249,-0.002613904622822046,0.00036582078343048606,0.01436694718042542,-0.002622543298606281,-0.002118618310439955,-0.00023749908114262982,0.0010852869424865879,-0.0007712661031739894,-8.581400440576165e-05,0.001794205583834525,0.0010438368128341882,-0.0007795502030884975,0.0025954479335607754,-0.0008651095121462461,-0.0006425503215781118
2008-07-31,0.005186003209740638,0.003939311068596021,0.0034711093926107486,0.002377763866708161,0.00182130912980656,0.0008281219526774913,-0.0019426278829663287,0.000588209330192028,0.014555421891315845,-0.0026106661069948095,-0.0015068148328435068,-0.0003436471649065206,0.001358258850401074,-0.001362138357568244,0.00017537698231744438,0.0019197502194705268,0.0005988512371259219,-0.0010238740603983386,0.0027137241442610144,-0.000775215857814471,-0.0005961791340059
2008-08-31,0.004918034282073941,0.0037896307481289824,0.0038103753726335928,0.0022164949447500675,0.001684031147862942,0.0006354293209591356,-0.0015401048929542399,0.0003475050880887993,0.014858658549706773,-0.0015378898164219855,-0.0014944937333731365,-0.0006593358778700252,0.002062259640285454,-0.001415507640835443,-0.000193893470053691,0.0018220341874284611,0.00023491391080485542,-0.00014557122192783878,0.0027905992160313516,-0.0006733094187138997,-0.0005923672154037668
2008-09-30,0.004793490506599318,0.003674512187793942,0.0038538381787648394,0.0023234397462640844,0.0016497981506324384,0.0008855237996075306,-0.0015532157313455223,0.00020247529833974074,0.014666388844220588,-0.0018190737219034789,-0.0016123098615228068,-0.0002729489295952746,0.002117568978667697,-0.001688696442643457,-0.0004680563453265078,0.002106437193544386,0.00037082647195284604,-0.00022482546586794942,0.002889182547665453,-0.0009228189919140019,-0.0006661091072983388
2008-10-31,0.004592461707787606,0.003848070655643385,0.0035394022255773507,0.0022128730301380324,0.0016567395715714325,0.0010376705118217847,-0.0013685470753123465,0.00025922811006705916,0.014734024250272199,-0.0021526406345738804,-0.0014849153751449315,-0.000496249020175966,0.0025638769775418466,-0.0018662028423559874,-0.0005114026695742264,0.0021557589468567382,6.475635574049215e-05,1.3750525100472634e-05,0.002959958294130262,-0.0009306370273069469,-0.000539916908415393
2008-11-30,0.004555961145060545,0.0035914806792950557,0.0032974012041224934,0.0023241679005151466,0.0014207962629172901,0.0012040747427417271,-0.0007896139874565503,-0.0002901616701680394,0.014985193907156155,-0.0019287925653384424,-0.0016431885417767884,-0.0010479842551305216,0.002101478125250645,-0.001066540918437868,-0.0001680161448721148,0.002313876752182913,0.00011698566840967633,0.0004734445929905816,0.002899203222634329,-0.001667308984320327,-0.001001556207681061
2008-12-31,0.004602779297154519,0.0035716890843426235,0.003127288897980099,0.002573361975981279,0.0013611660736718252,0.0013118506114254934,-0.0006109088144281024,0.00020048045353818786,0.01477097608847116,-0.0018750918318510457,-0.0009786722062348624,-0.0013783657895124906,0.0022959642361964497,-0.0011995134456864634,0.00017397895108222842,0.002571394393137652,-3.710083456621191e-05,0.0006943670627259055,0.00263316373396828,-0.001288246495524616,-0.0008805522647500897
2009-01-31,0.004243617251909679,0.003403189734272334,0.0036219219235825587,0.002815373911057025,0.0010121925657445166,0.0011122358516219121,-0.0007302378880156753,0.00011945955785616745,0.014468868187166535,-0.0019340663534830839,-0.0019216540320763625,-0.0017091213448302842,0.002875945651746882,-0.001439048210023942,0.00015479071227103545,0.002248790356987505,-0.0005586837780850018,-0.00011934416246473,0.0026112580496666874,-0.000615608927999556,-0.0006711039700907338
2009-02-28,0.004199951355691547,0.0032154212082366675,0.003579308108085752,0.0028864996444083676,0.0009143591992033388,0.000976624109944998,-0.0010161231380813678,-2.53202055138947e-05,0.014259845077207576,-0.002158310777905942,-0.0016646074218693214,-0.001810124732955134,0.0032728373501889375,-0.0014714069967791423,0.0003799817490002446,0.001567794446682894,-0.0005030857084088104,-0.00012557795145869775,0.002634524968896845,-8.993630216566216e-05,0.000252000644676946
2009-03-31,0.004637277549932196,0.003166504828162118,0.0037489388172620504,0.002819476402037548,0.000763382035258043,0.0011721400648095567,-0.0008520005568455188,0.00022867475540555584,0.014353971196830637,-0.0025818308094656913,-0.0027084048151426567,-0.0022558157051456827,0.0026626962506335634,-0.0006970436356032972,0.00022510496029463188,0.002382882354549284,0.00037431710494861717,0.0009723230692405513,0.0021670350195751387,0.00015423222714392224,0.00012500697708718115
2009-04-30,0.004436672826870824,0.0029480524180097705,0.0038459803793110016,0.0028696871686961683,0.0005781972675349613,0.0016686099367634365,-0.0007238538450164068,-9.885539053590503e-05,0.01409603421642632,-0.002787564914479651,-0.0033107741994812413,-0.002604028774547641,0.0033217491003513363,-0.000530834678418964,8.169151853293117e-05,0.0030377439246571346,-5.8834956994973514e-05,0.001152049737511427,0.002658678734337019,0.0002700252308439851,0.00012561154577020654
2009-05-31,0.004646137726529198,0.0027701412327373947,0.0032374718257667874,0.002617513005849377,0.0008164560813707566,0.0016801150432454433,-0.0005306333160203482,0.0003136434654585934,0.01396523245448115,-0.0032343558014421374,-0.002880466832230223,-0.0025426423621820733,0.003569223635671755,-0.0006168409432834469,-0.0005293766089950103,0.0026420065542408404,-0.00020020857046339652,0.001053763239413049,0.0021409142399395776,0.0005627169795855271,0.0007995290699668012
2009-06-30,0.00438448399957401,0.002868608784216736,0.0032536529310112135,0.002758594787325759,0.00041530859891697355,0.0016603552515280368,2.285764177535534e-05,0.0008212396624324063,0.014300273462000386,-0.002767460453114614,-0.002309230742710367,-0.0027351991154828583,0.0036707962801177125,-0.0004683724190821625,-4.966002523740313e-05,0.002281641613393098,0.00012324364550639447,0.0006502889904309638,0.0018247753247546436,0.0001560604623796502,0.0006748047470306373
2009-07-31,0.004481918234773999,0.0027637484781867306,0.003145849435844054,0.002763835697077136,0.0005039777237734928,0.002091733799497313,0.0008168345482088454,0.00117447489035093,0.014768707834940905,-0.002731230419797774,-0.0017142122756447567,-0.002033944512029086,0.004421184564580108,0.0001938208394105222,-0.00035239132640324256,0.003371813642862447,0.0014759274300004922,0.0005140204097469861,0.002109764534432306,-0.000390655647394796,-0.00018866690999722068
2009-08-31,0.004323195007203202,0.0023684588991518775,0.003428556282932016,0.003117732986519267,0.00047769741776063497,0.002253454071435912,0.0007267233126702897,0.0017912083593418656,0.01511211107364091,-0.0021770054453904546,-0.0020332992273723142,-0.0010207031747225042,0.004131091681332002,0.0010643367017892562,4.310044535366808e-05,0.003723513438312622,0.0019714678749239312,-4.539280301728407e-05,0.0019466207865416465,-0.00011776900598581595,0.0003179109121344486
2009-09-30,0.0044488272545801875,0.002454837439129858,0.0032704289292261528,0.0031562470013718337,0.0004098580654508756,0.0020435229576318517,0.0009003513586180536,0.0015639556579062313,0.014892564736641727,-0.0022237877658437617,-0.0021683425923005933,-0.0009363683385408071,0.0042291976179513555,0.0010644956270387793,-0.0002713029273020279,0.003562529337550406,0.0020281290832347863,-0.0003264750753515092,0.0022268761905754704,-0.0002852550618288127,0.0005740264977136401
2009-10-31,0.004522998788232574,0.0023449910807230826,0.0031288924144673175,0.002955354696254248,0.0007346745703377781,0.0020159171458093827,0.0003999315625597587,0.0023942733280378665,0.015185695128843837,-0.0017363674559268557,-0.0022045129332744153,-0.0007110485667564798,0.003755491241633753,0.0016152838527738222,-0.0006398572771525416,0.0041358618831784785,0.0021556737043285233,-0.000498178372673162,0.002051643116200494,-0.0004785117503035856,0.00029343466716655445
2009-11-30,0.004526358532882094,0.002139977797498615,0.0033039861904776402,0.002973486678532701,0.0006340036006650064,0.001814243222842733,0.0004462572722597324,0.001766128351017918,0.014822313833478845,-0.0022702525655944974,-0.0020302017994583764,-0.000504069297889942,0.0039299880680489195,0.001563802228656634,-0.0011931459542779063,0.00388668344986107,0.0020121742172059492,-0.00010973484732584355,0.0021509514957643683,-0.0006146478088910652,0.0008853988426179877
2009-12-31,0.004709383212741023,0.002435302678733475,0.003386325107810121,0.002732453187770041,0.0007681278895560514,0.0019229165127075828,0.0007075704925956986,0.0018842481065201584,0.014275688249285889,-0.0023568370213729564,-0.0021660774534319385,-0.0005893116460754218,0.004437050869667719,0.0015074427667396881,-0.0015094568271084938,0.00409360281136975,0.0011387720076197322,0.0006773018713251014,0.0019434195352365444,-0.0004568592357749784,0.000984319953383906
2010-01-31,0.0046775974038197185,0.002452431576298526,0.0031275754326287376,0.002557265353464678,0.0006523588979231652,0.0019194068619599986,0.00073715773662444,0.002443762406961287,0.01436389674957588,-0.0022709159892493856,-0.0024045286633142095,-0.0005287536046272572,0.004462487550743542,0.0019896156119832416,-0.0012022427158799713,0.00405587105278835,0.0012498158082994313,0.0002772727655586505,0.001606243934680113,-0.00033345499445413824,0.0004048388793124211
2010-02-28,0.004484969619372273,0.0024481384598904854,0.0032254894463707947,0.0024063529516375366,0.000849657593866231,0.0017909490305726631,0.0005064365946951493,0.002587674067355924,0.014661219569397314,-0.002096051605232345,-0.0025857024885620715,-0.0001757219339561058,0.003528171849703293,0.0020141011034537745,-0.0009842874960168024,0.004491369892927064,0.0014930936234035302,-0.00032818121773050434,0.001103878839681383,8.972954114698002e-05,-6.087136512816018e-05
2010-03-31,0.00485411535588776,0.002430525309730904,0.003292534644467897,0.002443570443791446,0.001029215014613902,0.0016112187088246513,0.0015215209909911647,0.0026156014332783814,0.014100770293845972,-0.002514681442914454,-0.002529575679230409,-0.0008234542828776423,0.003506636811521382,0.0017257300098496005,-0.0009778951163978663,0.003817557782637023,0.0020497193261968757,-0.0008083042551444064,1.9284541966112668e-05,0.0003118801612954467,-0.0003205686379594312
2010-04-30,0.005341214410599825,0.0024898633288657685,0.003442075403432983,0.0026306428918303312,0.0015953148108810897,0.001285811703154173,0.0015631346108607768,0.0024000954910622144,0.014553772105590623,-0.0015748441365267122,-0.0026643545627802606,-0.001044045492709321,0.004272994454771564,0.001483729983621688,-0.001079065138642047,0.0035058453977965124,0.0019507817262456961,-0.00129466066271488,0.0007787793179242739,0.00015170696241021645,0.0001354277250035588
2010-05-31,0.005428968827265901,0.002335064793327848,0.0032122300167881173,0.002865485198740893,0.0014690789280794102,0.0012144057665723633,0.0013965352895406542,0.0019621764596678285,0.014250029688230493,-0.0016388688915511898,-0.0017373921264076143,-0.000921231667147135,0.004349823653275527,0.001246714260314248,-0.0008093140628887027,0.003114698049030934,0.001608504006245624,-0.000514325024275009,0.0010085054693061398,0.0008154982239280483,0.0007576568608131939
2010-06-30,0.005232052846361373,0.0020875000328407023,0.0032454899264517294,0.0027089467757623687,0.0017780663069610824,0.0008985437137730237,0.0008074601803099964,0.0014160044431873395,0.014078897774334099,-0.0014315230101227309,-0.0008157664157595863,-0.0014526104283366231,0.004525519033426819,0.0013182290785161306,0.000151717974975772,0.0025482863589224303,0.0009589109514371798,0.0005934837864882434,0.0010180886659130048,0.0013006065657818087,0.0011282500343088805
2010-07-31,0.005477475745655581,0.002222542807710953,0.003542954301795435,0.0024850119321625885,0.0018889594234456632,0.0007905537916454575,0.0007949569227388293,0.001791079589510128,0.013939496289734267,-0.001281170063176653,-0.0006616719991613204,-0.0022551293515244214,0.004354735099576458,0.0007654936939658988,-0.000361933796446292,0.0024197495470840253,0.0009007394563781614,0.0003576229966015858,0.001459075662968107,0.0009809558717382679,0.0013950969031333632
2010-08-31,0.006005404894461722,0.0016948532334674876,0.0036939498146856178,0.0024282490426083265,0.0016894791944540913,0.00039366003194979204,0.00018014595290961866,0.0025083156219399875,0.01368029301288946,-0.0011272758712894458,-0.0005017954375509494,-0.0018198884142618039,0.004566140081971148,0.0006732318278093334,-0.0004369077387057418,0.0017221165803027252,0.00036565521251543645,0.0010897358133113058,0.0010434813940934607,0.0011202316436091824,0.0016136830602072206
2010-09-30,0.006008595050336654,0.0017623391106384259,0.0037826649146197244,0.0024329169467185233,0.001392179049865786,0.00047258097891351904,0.0004064088236907662,0.002506521411292886,0.013221485005685318,-0.0017650529582960246,0.00022012311702503964,-0.0018956528828222628,0.00465246024110973,0.0006135253048324594,-0.0002665417455012339,0.0015021416348407748,0.00031496568275400264,0.0016699399974130476,0.0011999946809218985,0.0013428142481355554,0.0018833709492388714
2010-10-31,0.006059697675657116,0.0017765786578091802,0.0037372766321284324,0.0024576712493989,0.0015872602550009445,0.00036855092392693446,-0.00010491320444566449,0.002176475050738943,0.013307094510335621,-0.002129489898789958,0.0002733671678627004,-0.0013949286195086444,0.004203947069128236,9.243271694719078e-05,0.00035313222700885223,0.0012842684105342894,0.00024301595716794524,0.0017187645962676579,0.001871984009830016,0.0013708864747273947,0.0016503966164364383
2010-11-30,0.005932720827032436,0.0018311453469785934,0.0038222505298635616,0.0026229667078963995,0.001530172264603934,0.0007263897693655769,0.00019160161962866878,0.0018327312885631259,0.01317769458680551,-0.0016018283887303311,1.2154764255858854e-05,-0.0013151384218272563,0.0037675618733535848,0.001037708944532829,6.464543602283167e-06,0.0017631989509467702,0.0003334246799688133,0.0014672326738825096,0.0018322642714852988,0.0010460302299210513,0.0011181524439049244
2010-12-31,0.005731954315492212,0.0018894728857109418,0.0038624310515706917,0.002713265725061371,0.0013761855399064564,0.0006995396648435479,0.00044933696717764347,0.0021944535120417994,0.012848054594197153,-0.0019316134438959712,0.000371118877861346,-0.0012798286999503965,0.0040336188592118745,0.0009621896371398372,5.263956242975458e-05,0.001182815033915859,0.00042625075855436215,0.0013957165927657759,0.0023268947553635585,0.001186946267227902,0.0014376699000000406
2011-01-31,0.005942531449314523,0.00154400255379236,0.003885076849241536,0.0025192180839093367,0.0012044046022188675,0.0008357886775244995,7.388428373902671e-05,0.0021396436038207804,0.01343149472662344,-0.0015776761144667066,0.00036709523339190976,-0.0008170960228065475,0.003543747844838323,0.001563927736635024,0.00033180290016210763,0.0019581906452374835,0.0004371639579092479,0.0013967769091649152,0.0019046326653591808,0.0013506537128590952,0.0007081397056952518
2011-02-28,0.005861792298739658,0.001576347002418104,0.0039033336650537774,0.002148957546232069,0.0013811927939543923,0.0010276153249491626,0.0006560729316501388,0.003021293140735647,0.012789205670181852,-0.001555459113424393,0.0005461572733042016,-0.0012588400857256495,0.0037226824371298334,0.0011223708839035998,0.0004087872405229957,0.0022520539322782008,0.0005559709496620721,0.0022045010757736523,0.0015805849633378105,0.0016574046119599522,0.001404696291338907
2011-03-31,0.005776267593837491,0.0021033862394120558,0.004061754119600189,0.002044709312314108,0.0014641962130861417,0.0010383426330171552,0.0008795556738533667,0.0026033935986472445,0.012824987095348508,-0.0005048658559006077,-0.00021944994557276498,-0.001220963973517141,0.00315804434833349,0.001470929519534912,0.0005960271164295241,0.001825784912123458,0.0005914474486280024,0.001981402945829799,0.0014545101371469973,0.0022353296242172936,0.0014798971263815422
2011-04-30,0.0059461259911203854,0.0016708112398207324,0.004029689231971889,0.002083444272590847,0.0017014683417604975,0.0013735067768127543,0.00013733639661343345,0.0025588002036660085,0.01275851496815907,-0.00048567696358307747,-0.0010967077467603785,-0.0011162343785293698,0.002859814813964094,0.0013005871690173292,0.0003597985515171059,0.0018350541916642969,0.00020352990587839073,0.0015735816026653214,0.001519601251826255,0.0020109137498989915,0.001319675994044216
2011-05-31,0.005949248158252539,0.0017330355168202296,0.003761951135408948,0.0023431466924225463,0.0018842956538818385,0.0013294678243095078,-3.0089255336995162e-05,0.0023107832032521237,0.012712351225830663,-0.0006760439894190667,-0.0015523748436325206,-0.0018598375804058623,0.002448472939132476,0.0015645109774987203,0.00025738217052693503,0.0019337258949518358,0.0004658521236465139,0.0014712827378691208,0.0012394745536574397,0.0018886404787005467,0.0014212233608271669
2011-06-30,0.006009522024298667,0.0015671605641827135,0.003068561050223485,0.0021138335503855226,0.0017786125868578724,0.0014380188691319724,8.772954853707525e-05,0.002857147995267905,0.01165075906340477,-0.001342731045839669,-0.0009542743549369327,-0.0015966541456780565,0.0019361337319216722,0.001617642982370417,0.00020076044300265593,0.0015382632036759888,0.000760884335010237,0.0015550063039623501,0.0010814938105127051,0.0012940556463200978,0.0013427057000324838
2011-07-31,0.006251406116815933,0.0012322816626920028,0.0032700036343204283,0.0017728296596311293,0.001262431714156255,0.0012661801833395536,-0.0004977188939856256,0.0025231685293601457,0.012216674530986944,-0.0009684606310657281,-0.0008461219288089705,-0.0019116420118415012,0.0021163783539807804,0.002099464614711212,0.0003155189648197239,0.0012311117935374372,0.000620778411008397,0.0015939295158198096,0.0013729257619363511,0.0013142025534110373,0.0014638347968632189
2011-08-31,0.006493920278561418,0.0014523186389141037,0.003273849109601479,0.0015255932146453406,0.0016857101085760034,0.001399409586090939,-0.0004224486199641633,0.002384201809017132,0.012303066890246997,-0.0006431328408537207,-0.00037407904392678,-0.001738297477425096,0.002172582538103376,0.0015835158955049044,0.00089624123438617,0.002230756730442534,0.000295555571736185,0.0014793990361829364,0.0013127386828917821,0.0010014890423035413,0.0006970886305911628
2011-09-30,0.006622272392186543,0.0015774751838160141,0.00335907914503372,0.0017308040628727297,0.00153550141062698,0.0017868110759020138,-0.00032727765362940646,0.0020379757668075545,0.012334148202318899,-0.0010869035997004431,-0.0002628341315950335,-0.0015836563570263743,0.002163475383595523,0.0014077707261890562,0.0011065124373203015,0.0026906667049105154,-2.5924141687234514e-07,0.0008232729180646447,0.0014300785987203626,0.0017580613057375915,0.0004853371442779022
2011-10-31,0.006859033208146177,0.0015960508957642303,0.0024446056124468223,0.0018389830623616024,0.0017025250437041136,0.0018727907000151984,-0.0005334611272658891,0.0015803474374600503,0.012571929469816558,-0.0016734019069864748,-0.0003372214183700421,-0.0006322177028144512,0.002651722993543917,0.001098895610724415,0.0013055193355329781,0.002318563349194373,0.00011030742716087626,0.0004671495591329306,0.0010933907104531176,0.0013776973759443692,0.000939275866687683
2011-11-30,0.006440209428876347,0.002065240046777854,0.0034810079386411678,0.0019245725669725805,0.0015633549070612003,0.0015865718120218208,-0.0004839875786449497,0.0020455759792037003,0.01164661931229865,-0.0009313692112599381,5.88688206768784e-05,-0.0004614162058367238,0.0026626968207874545,0.0014750006334683901,0.001250367535540461,0.0019029966841968122,-0.0005636261967022485,0.0011661244716861714,0.0016953468272469276,0.0018404458472936669,0.0011483446164792812
2011-12-31,0.0066893214625752765,0.0020360700103369185,0.0037369090553667625,0.0020301225459941454,0.0013774751576118402,0.0016049828268787213,-0.0004563519099415257,0.0014396952400353984,0.011403649412473025,-0.000768356883891125,-0.0008761596343574451,-0.0005726334808080141,0.0028924172783752907,0.0013451423566676031,0.0008986536411613238,0.0018279838242096,-0.001270659444645225,0.0012740600456751924,0.0013848435609741597,0.0023015935363089437,0.0010854579912944447
2012-01-31,0.0066390484523192825,0.0020648673889438343,0.003806223108748434,0.002048796655233621,0.001260069404968452,0.0015811848030248463,-0.0003367650692680613,0.000886641728826354,0.011128040387829038,-0.0009517903843978827,-0.0008970303526614486,-0.0002529452140536914,0.002868646322402278,0.001815087808986201,0.0006339303835540283,0.0015936342709487394,-0.0013540246492886134,0.0008869452017985713,0.0011383247869650262,0.0020751015595115697,0.0012657581355263684
2012-02-29,0.006926460647896886,0.0022035803114181596,0.003755583018806745,0.002366524840568467,0.0009748192749836745,0.0018372914193340686,0.00018513544012110212,0.0011317844795214963,0.011376020502937822,-0.0011860393234217432,-0.0012590445093746796,-0.00027242861907228645,0.002922376552174419,0.0017259300956176068,0.0006920690180528704,0.0019295153907891828,-0.0012396510906482227,0.0013360761999612325,0.0011985161999709295,0.0014691964823977644,0.0017940819652262799
2012-03-31,0.007344088169465237,0.0022127576566519963,0.003391272321101951,0.0020024402334254203,0.0007851499866431506,0.002033360106155691,3.531128006367196e-05,0.0004257624711199862,0.01148572483940427,-0.0004668397805301846,-0.001367895027242996,0.00026341101575810285,0.002964435170334564,0.0011737342313960257,0.0007021403335134135,0.0015485312362162398,-0.0018089206291721693,0.0011245410166786823,0.0016270638541466813,0.0014817571551575732,0.0014853161848196951
2012-04-30,0.007467273469203205,0.0023776277906738894,0.0034162040918251806,0.0016928093800086506,0.0006374034817184019,0.0018305119786539382,0.00021148304840364228,-0.000122441335050228,0.011574586577011716,-0.00011316349042415257,-0.0012850445118828065,0.0002953895707168936,0.0034167315014787657,0.0016571514255652637,0.0009759474960803219,0.0014273422526788731,-0.0022170819152872025,0.0014047725180880322,0.0021127669383329438,0.0012392828207434372,0.001988174989133717
2012-05-31,0.007182324780342057,0.002441146640544487,0.0037952250636457212,0.0016210027050302088,0.0009645845691714164,0.0018341484264132817,0.0001620324428116755,0.00032502453796614015,0.011540418924313787,0.0001058584735834346,-0.0008706434253931238,0.000636464006139437,0.003092641638982846,0.0019151820712173218,0.001445797779989621,0.0014864505040050502,-0.0022314563105803858,0.0015918185207690135,0.0026767875497645498,0.0012194621239910088,0.0019914705375382925
2012-06-30,0.007031073339128544,0.002257204249190384,0.003946662950716444,0.0019449860559341856,0.0012812279315479094,0.0015470899077407413,-0.00023145367447788016,0.0006876822306626109,0.011881261783074486,0.0002797199116809706,-0.0012680716538754553,0.000655982228453649,0.0029695864094079053,0.0013195871860406884,0.00045630615356224416,0.0014976681513042866,-0.0014327319929824925,0.001961310677350163,0.0026047680886093815,0.0016481478524948102,0.0018359797499099423
2012-07-31,0.006830491760295599,0.0021207185534092574,0.004026407190612631,0.0013763268323679807,0.001143294922273178,0.0013665133906886938,-0.0007940186341322879,0.0005182737412515011,0.011741306389403454,0.0005298400145281116,-0.0007988748965330874,0.0005412187611445894,0.0028597131860494955,0.0008120555683679926,0.00013016994150128765,0.0012692833029049103,-0.0011981518022347686,0.0013303962266402528,0.002783238530547031,0.001733843513155425,0.0018685185605407677
2012-08-31,0.0068250717661623595,0.002057738595986082,0.004039187428980787,0.001309696939367939,0.0011713404771563451,0.0011974450365026769,-0.0010159579691711154,8.067906647782303e-05,0.012061168385847471,0.0002557308675272327,-0.0008941655916166789,0.0003993605957709835,0.00277721605906816,0.0006586566811582486,-0.0004704002081327439,0.0009119959888952031,-0.0014975574727651916,0.0015580692056333955,0.0021133728452942388,0.0027066376868214387,0.001955857688144675
2012-09-30,0.006382905657782611,0.001958296491999148,0.00403154806794459,0.0009975769094295508,0.001171328704691574,0.0012519944608134913,-0.0006831097484402171,0.0005885196577890908,0.012161268103834177,6.729380360902471e-05,-0.0010886019423076107,0.000494204092633569,0.0027613378555553392,0.0004013792977585477,-0.000489045071426987,0.000939027233567113,-0.0007887300426630358,0.0013074142036203539,0.001673107672904185,0.003163907230460231,0.0019364711564482738
2012-10-31,0.0064946565056802205,0.0018468939828363883,0.00409571302046654,0.0009288197572871469,0.0010975514260487653,0.0012174069164820895,-0.0009684090656992999,0.0004559433422868999,0.012440222772364524,-0.00025260249692298203,-0.0010904964583507552,0.0005942539706200587,0.002722903272904789,0.0005937292665996057,-0.0001452577121020507,0.0008613364283293444,-0.0006175233023011969,0.0014415418049278442,0.0009174624737268253,0.002370908054591717,0.0016761241839659974
2012-11-30,0.006171840625122534,0.002053884034578716,0.004147413536490025,0.00067452828904308,0.0011900672792743002,0.0011293110491753142,-0.0008536202975904701,0.00047250445360035774,0.01248973266150765,0.0003920533832175136,-0.0010372897774597561,0.0006845609189372155,0.0023461516085255124,0.0009147496021423718,-0.00024410340446490836,0.000927661254666071,-0.0006780223403650195,0.0013552562131055447,0.0015450938276347181,0.0021960282332810187,0.0018339193094835506
2012-12-31,0.006050563459323883,0.0023473352488262234,0.0040848231489064545,0.0004909868346269985,0.001267945571063784,0.0009700506643652667,-0.0007372811172911278,0.0007221343335277607,0.012441080119369454,-0.0003961264945207564,-0.0006174248509436015,0.00041651317787469276,0.0023857795377708988,0.00039471417280047716,-0.0002856136589953702,0.000925219210498314,-0.0007572784954917976,0.0014068678217398823,0.0016041826531761618,0.0021698418068243127,0.0013139058292869462
2013-01-31,0.005989277530997155,0.00244768495585338,0.0036650792213654,0.0004914442133610771,0.0011124174682800663,0.0006418028073879743,-0.0009029041937444013,0.00021972019943371582,0.01232644249656608,-0.00022275426416667305,-0.0006292384604607181,1.1592122890408021e-05,0.002996300316644071,0.0009539759564427603,-0.0009249255182113822,0.0015096500784634798,-0.000301437332939407,0.0005398603851131785,0.0015965877496294922,0.0021578192801377876,0.001718840387723801
2013-02-28,0.005761535292455423,0.002577805742749627,0.0036972340002651375,0.0008747186553684862,0.0016269620123388973,0.0003794977058507775,-0.0014203210113162353,0.000314076262549208,0.012064102454046603,0.00040738720375384734,-0.00036265503599279097,0.0008001905322451254,0.003076750624082834,0.00022001794861554688,-0.0004797720066076183,0.0019325438598951558,-0.0007558580295409663,0.0007260489035959252,0.0015111970007790805,0.002582075116456266,0.00225051218875997
2013-03-31,0.005437106705814191,0.002994050714276162,0.0036036080257382296,0.0007047572576995237,0.001343384686428213,0.0006983945485768764,-0.000570820939704248,0.00010092416159379784,0.012193058531795292,0.0012479371990260142,7.447078123707415e-05,0.0006138293151994738,0.0031117091928194876,-0.0006233163919212244,-0.000453126421834571,0.0017753248339887912,0.0005436321005226555,9.67549982485936e-05,0.0009911445100666233,0.002308495571007284,0.0021173420297942985
2013-04-30,0.004943545598879153,0.0026674442739860714,0.003381993726502205,0.0007966055358654937,0.0014901718386516965,0.0006174147181629777,-0.0010532399535365404,0.000273472706506436,0.012419587286941461,0.0017885500775820184,-0.00048056393945037425,0.0004408538086502541,0.002888997436095056,0.00024892334414843584,5.4996677150403865e-05,0.0019033686413192361,0.00020547366290176524,0.00010618098096733403,0.0006535665429174112,0.0019987058546804977,0.0020746573884748484
2013-05-31,0.0045972079938052975,0.0027002247411476543,0.003326687014829525,0.0009713927571908512,0.00156143557583578,0.0005588888392272088,-0.0011446837761913248,0.0003965586448529009,0.01270810683919137,0.001737548715580457,-0.0008863530385939931,0.0004488220659351944,0.002419003822037127,0.0003254126598467868,0.0006282816772059373,0.002229080852926661,0.00014975994812777818,-0.00019090909986496535,0.0006723608357647213,0.0016239054769745136,0.0020731774521389424
2013-06-30,0.004530754671136732,0.00278177694126839,0.0035016140592180932,0.0005939214571737911,0.0018542979509732996,0.00048649589299389203,-0.0013442355926592147,0.00041731096147267866,0.013092595220904422,0.0017494407901325242,-0.0005509347040266609,0.0001916385470835768,0.0026226278694319893,-0.0003175580102271679,0.0011916901518743278,0.0013687985038740187,0.0006868875516058304,-0.000416582733035417,0.0007704178579740455,0.0013491167470451567,0.0015975077561058868
2013-07-31,0.004542654653224827,0.0029664615182231676,0.0037674361126949036,0.0008563830641063377,0.0017607732764802692,0.0004383999789140895,-0.00047906054325026195,0.00025641080145440506,0.013235305702660833,0.0016720001506748785,-0.0002036054631937643,-0.00021095538525092608,0.002801083619782775,-0.0005217734305819228,0.001332976211052485,0.0007388684963791891,0.00024769354668377225,0.00012889403557756564,0.000707971773004206,0.0015046963678694795,0.0011703600073118328
2013-08-31,0.004218995718080156,0.002457065481541395,0.0036094426115054934,0.0009235285914489847,0.0017758454953928392,0.00032153733992924414,-0.00017527238159806426,0.0009746356552933478,0.013866854463410922,0.002378819930448325,-6.701107314261039e-05,0.00011299605243050747,0.002365708475669318,0.00019547388359682563,0.0014399259805985417,0.0014845501699321355,0.0001851968268950496,-0.000764061095874581,0.0016794903213881852,0.0014460117471132722,0.0011677570297273952
2013-09-30,0.004369630940180301,0.003023688900646598,0.003763428053560316,0.0007800438167367538,0.001223620123468674,0.00044717763143648875,-0.00016951711412413757,0.0005951066053102075,0.01429888151076603,0.0018101879767512701,0.00033869862287258485,0.0002133216388162229,0.0021036238845495623,0.00019008599916800565,0.00036411570604782473,0.0015113050762945593,0.00036220584247913235,-0.0009744734140815219,0.0010813866550146898,0.001464457667585315,0.0016730497974230371
2013-10-31,0.004571491412846569,0.003013387828497248,0.00357542205855834,8.485794911549153e-05,0.0011549687194007743,0.00012113859157292912,-0.0005679160171964913,0.0009777137422143456,0.014310828923501585,0.0016770617204154943,-0.00010142701250722628,0.0006809688739923508,0.002159458753121282,0.00023230839237162185,0.0005264402951386804,0.0008991479596076788,0.0008445320130170725,-0.0010595270199414402,0.0015404380177558683,0.0018438111375488763,0.001867470719422797
2013-11-30,0.004570393103696218,0.0034552433739415632,0.003724651536302923,0.00039139418313245884,0.0009195216134950347,0.0004379314129587901,0.00029530828767301614,0.0010387016420690268,0.014589673786427807,0.0024860613429502376,0.00022641434220999727,0.000577049682230756,0.0022876836797267232,0.000331613356940448,0.0009984469997390603,0.0005349386674128177,0.0002221639203810645,-0.00142143598458224,0.0022660833102689446,0.0010067168492032417,0.0005719851896362127
2013-12-31,0.004150894930383958,0.003631551740458286,0.003836264284334929,0.00041663739249605907,0.0012194388326165642,0.00042115875351324495,0.0002072924766955823,0.001475152509900855,0.014898049087453397,0.0025977667374523635,0.00030391015689180246,0.00023942466305785652,0.002938543274225569,0.0008531781526322838,0.0006948184291144873,0.0008211257511207123,0.0002966116105693317,-0.0015550213166285846,0.0028103547990064284,0.0010046883063553054,0.00016036930730529438
2014-01-31,0.003965067993154955,0.0034308375999204414,0.0036265626086172463,0.000539385609764987,0.0009915404494994994,0.0003266148253379012,3.785683140986127e-05,0.0012148849762214308,0.01467348328670188,0.0027277848873441465,0.0006019974268591853,-1.4885210653694809e-05,0.0029449616521357224,0.0006036427866927673,0.0011788348420629581,0.00044686470936743014,4.201153425041133e-05,-0.0012121469157494362,0.002524126911520693,0.0013814567582382518,-7.958395755868535e-05
2014-02-28,0.004060131292749674,0.0032662846750335073,0.0036714434819350166,0.0005797681944254943,0.0010277164956485048,0.00039355606834232316,-0.0001879763250164267,0.000525196025440799,0.01490635374688629,0.002222335076176611,0.0015630718746574863,-0.0005475955438024576,0.002347965211371257,0.00016006907011064514,0.0013758521192941584,0.0005904887197974327,-0.00047568021982940855,-0.001473340800843118,0.002094560923447109,0.001145980161788779,-0.00027052942823418193
2014-03-31,0.004695701504823765,0.0032699540612501506,0.0038560278789611336,0.0004719030589125109,0.0010003100094333937,0.00040626515937937407,-0.0011522941580949157,0.0008213695610649267,0.01438169939845018,0.002025497841854955,0.0016530134055139695,-0.0008531431143704877,0.002338742341965084,0.0006662910153714568,0.0014770028764087822,0.0005068571914931723,-0.0005374302418074814,-0.0009555761316406117,0.0016261662606230462,0.0012940457523378751,-0.0005195531723014252
2014-04-30,0.004543561408060976,0.0032404061354025593,0.0036253337516906963,0.0002475879307739608,0.0010502860589988296,0.0005277127202801539,-0.0012604352181143131,0.0010073265145497034,0.012974336903429392,0.0019361605456841113,0.0015313451812368046,-0.0013707031452784727,0.0021253214910178678,0.0006814579856990342,0.0014292843534253748,0.0004530239534445907,-0.0004307953448687687,-0.0010990099037164515,0.0014307141028701291,0.0012815583317748749,-0.0007188785421375328
2014-05-31,0.0046115918671993435,0.0034591451420451823,0.003466932862161275,0.00021708502987773375,0.0009919824732633473,0.0006474761558772898,-0.0014800362616355246,0.0010635752923757553,0.013040227059700033,0.0024794578958787757,0.0017402767631276635,-0.0007761130037794035,0.0022242594109071093,0.0006937388134845161,0.0011008068656245277,0.0006223949741138374,-0.0006327433010501883,-0.0012241489007173633,0.0009483737302520723,0.0017604531326770663,-0.0013237408027135847
2014-06-30,0.00443499418686354,0.003296066046507518,0.0037510852811266705,4.778588524171471e-05,0.0010669829085781328,0.00074814851759429,-0.00129396393609211,0.0010466511371540694,0.013002081473056936,0.002316460528861352,0.0018726574973190718,-0.0010070349083347115,0.002334939402088089,0.0006182653983514278,0.0007563965935410248,0.000411629728875862,-0.00017343282504875523,-0.0013686747421031353,0.001133375694170616,0.0014358809677857158,-0.0009743426399333384
2014-07-31,0.004327192962983562,0.002962403636186018,0.004007447130626295,0.0003180304999640505,0.0008159618068675746,0.0010100938984579366,-0.0015075637460478292,0.00021596607994115195,0.01321391608732314,0.001930546763904155,0.001365781106061029,-0.0003550786736825568,0.0025883809164200895,0.0011965943157724954,0.00018505174988654055,-0.000311138078374469,0.0005508014004891834,-0.000911199728508089,0.0007959307619346868,0.0006177521094666753,-0.0004451935513731008
2014-08-31,0.004356479079203813,0.003026171723996893,0.0038080953132414706,8.248336211723046e-05,0.0009675625698135707,0.0012129237202915463,-0.0009133963867000723,-0.00025765793478113824,0.01321038119256579,0.002011315300274751,0.001287455818236024,-0.0005208824626412583,0.0032467334705385915,0.00034788433105580735,0.000474442462850306,-0.0004034263153010001,0.00018461569657667883,-0.0007828668321809202,0.00011267970979409814,0.0005218841843880738,4.227458245380488e-05
2014-09-30,0.004703403654957197,0.0030663987650416096,0.003491117013730256,-0.0002419408981556323,0.0013140537328778174,0.0007043850772220802,-0.0003096719052944432,-0.0010140929329275873,0.012363952024414036,0.0014890355160643498,0.0005977019026712848,-0.0005262616726999656,0.0027880378471699403,0.0004835867018720097,0.00041909290680052923,-0.0006681279674365407,0.00020296801086271043,-0.000975091694781565,0.0006670764004268569,0.0005151395078689399,-0.00035115065706168636
2014-10-31,0.004999803542925045,0.0032987324750568853,0.003601584951013594,-0.0003167385430607337,0.0014998475577492352,0.0007285415308137842,-0.00021260859317496356,-0.0011135439170058884,0.013033366890111373,0.0014069766796331892,0.0007398574955748379,-0.0008452953008642398,0.002653835822274319,0.0004037509567457013,0.0006964133984097625,-0.0006191913226767316,3.5336457159229596e-06,-0.0011389219196242045,0.0010543443712691105,0.0004341186666933885,0.00018357803697219
2014-11-30,0.0051600163534617225,0.003084064140274226,0.0035019050128079357,-0.00031890911645065964,0.001567636894280105,0.0010544948974744203,-0.0002709828395413529,-0.001617443580295092,0.013260379555205992,0.001183949090074537,0.000718040319182663,-0.0013650753719078963,0.0025698214953919106,0.000575157030605686,0.0009314229416774193,-0.0008119546850892404,-0.0003433076331994796,-0.0016704482829142057,0.0009863184449805382,0.0003798726500707549,0.00040501407334128344
2014-12-31,0.005257359842357535,0.0029037084681867178,0.0034231515795225577,-0.00039727107179711186,0.0017302126569295306,0.001121295656475828,-3.3190976469520204e-05,-0.0016296336774082863,0.012808028256877657,0.0013714811730654866,0.0008364428252265077,-0.0017667983586849782,0.0025165879762762996,0.0007635810676165317,0.0013371039772914189,-0.0005020010569860005,-0.0006160444170470627,-0.002171634423455336,0.0007763640247077806,0.0005813160855843643,0.0007276386979693688
2015-01-31,0.005537403458941822,0.002660359727749621,0.0036437655300240773,0.00035456978189594594,0.002045710954593933,0.0007328187925169382,0.00027690331490552885,-0.0018740456583846642,0.012251588768285488,0.0015427495555904048,0.001478929616679679,-0.0008600925442241122,0.0017086809369456642,3.2916567722269825e-06,0.002170542135299904,-0.0007190250175385352,-0.000497777162216397,-0.0019429782332852725,0.0006086666226958705,-0.00045684658364504105,0.0007330964597307569
2015-02-28,0.005374943036462485,0.002679457606588043,0.0036946704972506228,0.0003268025784111678,0.0017988456435197805,0.0006863096126215064,0.00020985609636477168,-0.0011309373406081153,0.01202849043470683,0.0014904762314024687,0.0012440878717944548,-0.0005322652291904072,0.0016266655164479129,0.0002215490855694295,0.0017133444082650636,-0.0005143992904051975,-0.0003379875979782869,-0.0014670221118852607,-0.00011702594495630926,-0.0002710841592483868,0.0007807514141466963
2015-03-31,0.005419270290125354,0.0030718655994262612,0.003287133008409995,0.00013291751586096094,0.0014452358373164664,0.00035154016334679937,0.0005408487118881737,-0.0011419647914533405,0.012085047272110162,0.0012611388321902887,0.0017742777346038926,-0.00028858357717072194,0.0020965909599727937,0.0008044043980911384,0.0017344565070164168,4.828878734497617e-06,-0.0007284610418483732,-0.0015398537151789168,0.0006840076022172201,0.00010183697783695882,0.00115957007300034
2015-04-30,0.004959743457356468,0.003102386550585392,0.0033368409946012137,-0.0004396864386206213,0.0011402083763742024,0.00033823012903282654,0.0012172898090249617,-0.0009962830304441836,0.012025152896690487,0.0007637834829775333,0.0013704871253108987,0.00020183185819880388,0.002075357071175335,0.0010501443998482444,0.0016308439184527144,-0.0005950101702110959,-0.00025896383975037256,-0.001591402879368791,0.0003171370566224264,-1.8378016786491433e-05,0.001604150673455758
2015-05-31,0.004767706046938866,0.0027897950044046263,0.0032665197802146054,-6.127504554331506e-05,0.0011319011296916583,0.00015858050294568525,0.0006772495324527832,-0.0011787101454274528,0.011933605760502376,0.0006898572046764227,0.0008946032379466583,-0.00036749321803440996,0.0018202529509746693,0.0010314715960081573,0.0015772112602834714,-0.00021700661278916886,-0.0002772929645696363,-0.0018025585747419245,0.0002358296280613175,-0.0005092535301869966,0.0013012467641311926
2015-06-30,0.004518872264799918,0.0027540070666767194,0.003619930492572366,-0.0004983123219831428,0.0011827941566616474,5.8830947838910336e-05,0.00025855701800184245,-0.0009088711265104688,0.011723007310693638,0.0002833461032717086,0.0011496675977321982,-0.0009021469960482675,0.001688761981073618,0.0009715939881757331,0.0013702664432314361,0.00032001763112547536,-2.8337774153117394e-05,-0.0017025287212469624,-0.0005271279212819703,-0.0002540003075971376,0.0016517004749040131
2015-07-31,0.004504336068285978,0.0030115282513296913,0.003552439983456207,1.0121692506520098e-06,0.0010185187722713174,0.0003448968084855446,-7.970105249283506e-05,-0.0008508194192354149,0.01175341244744758,-1.4556098163954491e-05,0.001054908258859056,-0.001254904825919173,0.0012295475764281796,0.0003918090006293756,0.0015654736122220235,0.0001713054323533882,-0.00022273094881901725,-0.0015543828327294743,-0.0006829389748440481,0.000582338971418739,0.001714848892096668
2015-08-31,0.004195137040404568,0.0028930538062051712,0.003445262994318466,6.271596078462166e-05,0.0009241336546975855,0.00040503855721513626,-0.00020688374317654525,-0.0008890678582376589,0.011508008488323439,7.233443360481461e-05,0.001064229870242171,-0.0013971172336909323,0.0007741214975950415,0.00039346960046108496,0.0016919260984040274,0.000371699641453025,-0.0002887984655572293,-0.0016262072764886995,-0.0011875410291980327,0.0009944664116066037,0.0014010906264695158
2015-09-30,0.004263133298463925,0.0030170301551534556,0.00319906754664574,-0.00025086232586715224,0.0008050613671985167,0.000410896898161453,-0.0011067852963159853,-0.0010925271676381508,0.011211726432094862,7.932569790244753e-05,0.0008441317917942317,-0.0016823965115339385,8.517989716862867e-05,0.0009771618300754429,0.00111879335848685,0.0009738054047043885,-3.579491143266276e-05,-0.0006981639406569517,-0.0012068057003291471,0.0007188076439729675,0.0020208747232912825
2015-10-31,0.00420154893110322,0.0028178403614778007,0.003292482764066867,0.00012473358426272368,0.0007600340986099845,2.9126789228774922e-05,-0.0008158171232065879,-0.000995332667186924,0.011450782023498031,-0.00031312771769858845,-7.417069219218392e-05,-0.0015115472395145167,0.00021672601207112737,0.0012756641711885422,0.00021382642858812871,0.001752422100835996,0.00039423925987522784,-0.0007782503882494589,-0.0017582643426322924,0.0005976088787384684,0.0017856016181981298
2015-11-30,0.0044562590978706315,0.002981076981848322,0.003388435474001223,0.00033991186866351187,0.0007905944432641634,0.00015064516963221418,-6.307010315267968e-05,-0.0011138043238646288,0.011023674938549697,-0.0002717945428989395,-0.00010742852178491447,-0.0009731068545681701,0.0006234139638576285,0.0013132358510538843,-7.725058535772424e-05,0.0016882968637632056,0.0010356459434421837,-0.0011388882256411325,-0.001013624623367152,0.00048317074427232665,0.0016630529678030503
2015-12-31,0.004259980377930951,0.003366109438120972,0.0029124445914151466,0.000275998631044586,0.0007492785270860361,0.0003541975822731278,0.0003157371528097444,-0.000999874633659342,0.011121809928322653,-0.0001016550939025189,0.0005903412608958129,-0.0003557339523472911,0.0012215041635249054,0.0004347808523856815,1.862508925304543e-05,0.0006849443815070658,0.001076573641134174,-0.001167502114583086,-0.0007394184555153101,0.0006166509468343603,0.00178864209536276
2016-01-31,0.004380086345845524,0.003406476067074099,0.0030759804626191087,0.0006836829182253189,0.0011220400290056858,0.0003610100252243496,0.0007756435934519897,-0.001239443757950598,0.011396205359853926,-0.0002823642612150858,-4.627728032198899e-05,-0.0007403723985493647,0.0009255394429198701,0.00013636093103136027,-0.0004327110831033965,-0.00017070751474251768,0.0009699286452852517,-0.0019232922769182466,-0.0008453851667083856,0.0006206465923743631,0.0016680109919838043
2016-02-29,0.0042462003944522255,0.003515056844741277,0.0030881481658173227,0.000691388738504082,0.0010954853358657894,0.0005684249260855503,0.0017530357484184847,-0.0012286536536958521,0.011894911652508668,-0.00026397740234607923,-1.3276295181122864e-05,-0.0006805651692207187,0.001351588370904347,-0.0003722746201065437,-0.00047156581090944426,-0.0003968759776728125,0.0015562009794416638,-0.00180186378336405,-0.0005051994962411216,0.00026219915168921215,0.001818875030075844
2016-03-31,0.004120918550298689,0.003518743552948344,0.0032011759449837476,0.0005502845080630563,0.0011448198812786426,0.0006166523888485605,0.0022233176016040845,-0.0011301859946977284,0.011909077215013825,0.00020863901310073615,-0.000332665548151017,-0.0005404609104499277,0.0008574017522907261,-8.554964167131643e-05,-0.00025408756652146923,-0.0006208387315381064,0.0020465640210792528,-0.0015633305569997256,-0.0001696140176537077,0.0003176279498703908,0.0011676290733897894
2016-04-30,0.004033032297460727,0.003477427165223422,0.003101925182906036,0.0005600205737940384,0.0010628129324504088,0.0006452706059647304,0.002296893534861596,-0.0009936094378897972,0.011423170662451848,0.00024437078199581743,-0.0002584425887415046,-0.0007339144161249166,0.001197808326948604,-0.0007354513962476874,-0.0006132014491839165,-0.000883825886365705,0.0016873244925648945,-0.0013082668700162092,-0.0001351394950356207,0.0002050583557414661,0.0008939080849561006
2016-05-31,0.003916701033866857,0.003940544210236339,0.002978825687679834,0.0005928760909231102,0.00108369846083961,0.0007375514050557717,0.0024644821949143785,-0.001114354849354227,0.010519734573660448,2.414419258649404e-05,-0.0005384606312763636,-0.0011766800697666211,0.0012083900224314954,-0.0009903266010930297,-0.0007165185868932183,-0.0006847137569659438,0.0013938064797924022,-0.0009477556708654506,0.0002554538855931356,0.00017807712248179723,0.00036745788696585923
2016-06-30,0.0037502478065735262,0.003968025422607745,0.002775106281690621,0.0005119309179467935,0.000904481433553271,0.0008745891449772636,0.0026427492798376485,0.00016252460197258858,0.010662087012624385,-4.126973485344121e-05,-0.0006369870032161097,-0.0010586028736601452,0.0009691486217882442,-0.0013926816911050085,-3.728809519497399e-05,-0.0014321842894556916,0.0011526804273470227,-0.0015336147700085916,0.000143703820661365,-0.0005287622802703868,0.0011585127829714934
2016-07-31,0.0037540638016206824,0.004149443502286335,0.002614092066190105,0.0004920232307583383,0.0014293702997435517,0.0010331014625606866,0.0019418498888530652,-0.00019134712109737957,0.011334075841521475,-0.00027616760174922354,-0.0008726342054419232,-0.001636544144804297,0.00067263750244501,-0.0010912919765302545,1.446750501278972e-05,-0.0017448718360086003,0.0011363268980251204,-0.0013586981315264245,0.00028081240155708345,-0.0010488416752127763,0.0008861255893726259
2016-08-31,0.003646085516287672,0.003912785252261855,0.00240638256642725,0.0006556822296374885,0.001580287472717302,0.0010783682184882708,0.0019460162260615517,-0.0006005757314113127,0.010992613726187877,-0.0009216961489193763,-0.0011604634784695622,-0.0012194650151047637,0.0012575962527156233,-0.0006683454459384692,0.0005120561986610228,-0.0022126819774656078,0.0009486949921426489,-0.0014201068069153299,0.0002842327839238298,-0.001774893814991334,0.0012798073823441208
2016-09-30,0.0034942447647938815,0.003956437693981223,0.002364617845632303,0.0007996595562551744,0.0015984506791131246,0.0009777209433282242,0.0018105759401676113,-0.0011593565073713661,0.010827873521938845,-0.0011197510838764112,-0.0012297859104558404,-0.0008976447389334104,0.0008766086052588221,-0.00045909717650282006,0.0007166918820404808,-0.0024522336474249273,0.0009674207231641672,-0.0016205123795582199,0.00044161413928276794,-0.0017593268171065687,0.0010478107492546693
2016-10-31,0.0034067381899949155,0.003920350396910073,0.0023858789154265,0.0006894363688367214,0.0018114682570559237,0.0012837720536368435,0.0016165846147706655,-0.0013498248318321753,0.011165872534529418,-0.0008291694568689882,-0.0005876591068008852,-0.001229087366441206,0.00026828150364555006,-0.0008641652019731375,0.0009190975612329166,-0.001976049454898054,0.0006316091208358181,-0.0007153205389114574,0.0004908475913018952,-0.0015195445527096533,0.0012562799756473935
2016-11-30,0.0034465197929810167,0.003819711792557328,0.002340786612539532,0.0008331203973635955,0.001853916557684244,0.0013249174081533747,0.0016471436630131264,-0.0009453704902466376,0.011385112242853162,-0.00019374145880413454,-0.00069400248850133,-0.0011670247568948274,-9.60122049563605e-06,-0.0012077010225909827,0.0009232037816689789,-0.0015717941796640953,0.000987385980964402,-0.0005533658171692881,0.00020425915323474915,-0.001186025365417162,0.0012032720618246472
2016-12-31,0.003651240058699653,0.004136871563642536,0.002065715417493567,0.0007319677178554507,0.0023167897271379155,0.0015069867311708588,0.0011797828686587989,-0.0008329181083885514,0.010884729299699171,0.00014829342345075766,0.00012388122127669277,-0.0007904746003403907,0.00029862214200212497,-0.0010608049386704604,0.0012111175911615156,-0.001396437521130345,0.0015652093358169388,-0.0004962539009595052,0.0004908086679247263,-0.0011768119607172538,0.0007815241704326925
2017-01-31,0.0033689904854682664,0.003807713904818034,0.0021305971407438217,0.0008455125409638556,0.002221817742003721,0.0018221791172861998,0.0017338673209198049,-0.0003878003941407139,0.011372607147164274,-0.0003752653496034283,0.000727247955047571,-0.0007654423340283707,-0.00022576225854634672,-0.002252350135547236,0.00024141365135551965,-0.0016547687010856694,0.0018188684779625896,-0.0010800514901928562,-0.00015200181910779523,-0.0017141328435318545,5.3779244985090375e-05
2017-02-28,0.0032472111915953917,0.0035953885976873225,0.002159654251927873,0.0008039872590701792,0.0022163712867732856,0.0018289578339313183,0.0018118285465469454,-0.00015719959701819412,0.011697731473213884,-0.0006816459876335809,0.0009627587515612026,-0.0010232309863189542,-0.0003903634984976787,-0.001641852657789494,0.00018660475329769036,-0.0017822760340958205,0.0013996561525003999,-0.0011079276175679318,-0.0003091170677600905,-0.0018465314319103237,0.00039448637017769334
2017-03-31,0.0032423258882856043,0.004016781840536452,0.002124621663097367,0.0010119721858403222,0.0022915058224444794,0.001581051957986412,0.0017481123790166872,-0.0003340643348788325,0.012360839514503461,-0.0014165792694757293,0.0007592847908696861,-0.0013895696157516766,0.00019006112185458138,-0.0012557522655415204,0.0003040257730170723,-0.0018725509703742674,0.001392469671831671,-0.0014474619029387207,-0.00040125056701576694,-0.001835240831335459,0.0009270081559826697
2017-04-30,0.0032298603121381406,0.0034445029819525487,0.0023070389166591617,0.0011520481928692051,0.002425681075924266,0.0014085457160270668,0.0018498723412899872,-4.711645883079062e-05,0.013719103394685255,-0.0009916852264323765,0.00021844187161332903,-0.0020533462614985,0.0008292803747287887,-0.0008598490538808859,0.00040631506515873407,-0.002298528822603192,0.001186528201092676,-0.0017564446514583686,-0.0004966734524082456,-0.0023001222023594425,0.000603010322137795
2017-05-31,0.0030037181531062376,0.003468898558770098,0.0024061078168519457,0.001077860965071538,0.0027276019720884658,0.001172431132850282,0.0017873168468130636,0.00023836163667321047,0.013363145205213381,-0.0004700924855552144,0.00035420438944249236,-0.0010912193327617704,0.0005229562473978054,-0.0013928586651769472,0.00040227848187855274,-0.0027812490920318842,0.0015294800311526856,-0.0013707969572045336,-0.0001685961814249995,-0.0010798311971766028,0.0004638258759018844
2017-06-30,0.0028841542831120537,0.0035120988444296555,0.00239935909036885,0.0010848876352119942,0.002949657550310932,0.0009252770709512137,0.0011472858479361831,0.00016975112456737337,0.01382838647158443,0.000621783613583612,-0.00019923375927188315,-0.0006747278947176259,0.0006891342188996406,-0.0006854087886631608,0.00010625971848528422,-0.0023553542533419516,0.0014376645253066677,-0.000786622284658508,-0.0006183348275289348,-0.0014075732776533266,0.00023632531068121503
2017-07-31,0.002459834370934264,0.003483248184661326,0.002326957810527865,0.001062393103304064,0.0028730586806913596,0.0009750822493423297,0.0008180606609322984,5.4716348084178935e-05,0.013667923561298334,0.0006447663451498374,-0.0007388719257063123,-0.0008279151312153771,0.0003463501739737437,-0.0009973294954265268,-4.399046249252478e-05,-0.0018586199542014008,0.0007559009714104708,-0.0007898431784497196,-0.0004111722130668269,-0.001117263363037357,0.0006549477253960313
2017-08-31,0.0023634168160694973,0.0033509383820714608,0.002255984344932316,0.0009316755459299382,0.0027656230308613474,0.0011292151109453387,0.0005666790793733956,-0.0001058448601505854,0.013971882229206332,0.0006394033363568121,-0.0006580229714544113,-0.0011281424221370405,0.0006375186944204846,-0.0010592749098643575,-0.00011567556852755192,-0.0018967616831503976,0.000687719952390524,-0.0007199976680436613,-0.0004989884682145601,-0.0016098042053736036,0.0002881875783553445
2017-09-30,0.00235540384984066,0.003119655783454822,0.0027327003198877493,0.0009076823829694484,0.0032500268363750183,0.0007455553710779637,0.00026078074512677734,-9.035782434055844e-06,0.01383522629603039,0.00021052704802200934,-0.00013801297798666698,-0.0013559449144913416,0.0005372904149521444,-0.0014278480160157933,-0.0005709636933508189,-0.00253811229257188,0.00021921315871535824,-0.0005748863331561864,-0.00023394056368251128,-0.0013686917164761475,0.00017200678731299675
2017-10-31,0.00247066698781037,0.0021891330826799274,0.0025321996616446438,0.0010258110960924575,0.003279181867320131,0.0005100042968564432,-1.8835759154304773e-05,0.00019052160029457474,0.014432434858054862,0.00011972739326580242,0.00022690903911918813,-0.0017040966366785875,0.00023317254502871592,-0.000802456714359425,-0.0014366375429241342,-0.0027373320647745437,0.0007192698018797415,-0.0006687801710108173,-0.0011371887376059504,-0.0020626801598942384,-5.16965457424656e-05
2017-11-30,0.00286453865071884,0.0021224286028061388,0.002715690724342939,0.0008881515485982183,0.002562993412130078,0.0007715728830584949,0.00042217023274684017,-0.00034416631123666494,0.014191568047023763,0.00011107616524335469,0.00046115812242532165,-0.002125639557342228,0.0003699782716360233,-0.000468690275355735,-0.0020918744844690314,-0.0021257637279350292,0.000963505732516386,-0.00020339216133873886,-0.0018967948821943933,-0.0015996866513541654,5.060722192323523e-05
2017-12-31,0.0026362045705408885,0.0022951611037137012,0.0026678379327468487,0.0009402329755681364,0.0027148859162499824,0.00027177361148200327,0.0007150739371956111,0.00015931600210879594,0.014586805349128299,-0.00019047744782112687,0.0006488540167044305,-0.0018825122014804727,-0.00020787169152752973,0.0002812182435392536,-0.0020345494421874976,-0.002121203572413906,0.000551870907598112,0.00020611127739441013,-0.0020824468282771473,-0.001909932781868295,-0.000301822637230645
2018-01-31,0.002630194744298305,0.0023372716129092556,0.002159544666249679,0.0011428123746759396,0.002772763542541928,0.000385147144165681,0.00043632155022802025,0.0013679157618910207,0.01440575763541723,-0.000682533905728867,0.0010308274070919255,-0.0017395878018250184,0.0002460076995304532,-1.3854202145472609e-05,-0.0014879210118448275,-0.002537903083302935,0.0013703609366359556,0.000497174276898369,-0.0018094524198294644,-0.0013449851860773503,-0.0009879775249985027
2018-02-28,0.002435688654786781,0.001793707427836337,0.0019113647263611928,0.0012481423221646034,0.00249989912368172,0.000375189306315613,0.0005967624945860089,0.0013337765442241886,0.01367894025201212,-0.0009045316081640848,0.0011153495399841783,-0.0018338186853256394,0.0004898394073469222,-0.0003168515535204711,-0.0013696645954640579,-0.0017455258936620258,0.001422287951221802,-0.0010544542917567457,-0.0019199586645510475,-0.0009360217090950032,-0.0016163661241540507
2018-03-31,0.0022531092638616496,0.001432296425053109,0.0018919166650858594,0.0007606731775857236,0.002643475206720347,6.301401179139221e-05,0.0002864276727626493,0.0009788214877027449,0.013459337577522478,-0.00033279638576713764,0.0009277275640413492,-0.0021083493228229683,0.00018524831050625157,-0.00037822281983644114,-0.0012816455620753284,-0.000946543866462934,0.0005839059230529008,-0.0010161346605277411,-0.001934857306210675,-0.001073606256675621,-0.00135146152341198
2018-04-30,0.0026019655352165477,0.0015088481198316838,0.0014875212071411847,0.0007631723043670751,0.0025192605150772527,-0.00013857287767698204,0.0003667115661642602,0.0008325894301523709,0.013627337603183213,-0.0007966544022715248,0.0011032087569367445,-0.0022054322601557756,0.000574337336128671,-0.0004000456544384614,-0.0008630909672323653,-0.0006920920895339492,0.0011085145423450373,-0.0012417067768948032,-0.0017874601873133803,-0.00168656603969789,-0.0020086400362971085
2018-05-31,0.0027524280889699732,0.0016233591355961981,0.0012961804697291677,0.00076113362691379,0.0025274484977823755,-0.0003729661617821177,0.0003228581174110699,0.00025352055595948616,0.013587839447183081,-0.0004805772472123251,0.0020353718924305195,-0.0020026322105709694,-0.000250836979612899,0.0001526072401918643,-0.000833892374036658,-0.0011967293260871847,0.0008565759826869683,-0.0011131887287240611,-0.002358398652694972,-0.0009906720731925082,-0.0018310544109271941
2018-06-30,0.0028187559500574525,0.0015148834305908822,0.0015559982941207974,0.000714629642588088,0.0025173681639501363,-0.00044286499392027964,0.0002783716658646548,3.0864565173687928e-06,0.012886768309005195,-0.0003368095896746923,0.00222249235255952,-0.0017243493515513054,-0.0004265842356890136,-3.0754403142514296e-06,-0.0006126554030576838,-0.0013068233751122353,0.0005801589671927472,-0.0006527370149611545,-0.002134517416372656,-0.0007156251753840961,-0.0022082358820426445
2018-07-31,0.002943094881362011,0.001328473243090216,0.0014432964425555958,0.0008453728409638359,0.0026643222852606044,-0.0002719126546173504,0.0007179759469159822,0.00048736714304549477,0.012976828262180145,-0.00026647161840197167,0.0015446336470269512,-0.0017188625688966737,0.00013576862913455996,0.0003796662799452484,-0.0003232939500390202,-0.0016290941341017974,0.00039020386753187646,-0.000769172191043546,-0.0013554444149935661,-0.0008155939859331613,-0.002567510595064101
2018-08-31,0.0028324332477967632,0.0012556999603927231,0.0014098279446392308,0.0007775275358884467,0.0026439208284681033,-0.00011823849232995938,0.00033969024778977125,0.0006752714407164987,0.011938190397861922,-0.0003842234960705784,0.0017869019241889324,-0.0014564461334462984,0.0008717762933302296,-0.0004047701631617249,0.00012024997748025229,-0.0015390532046550042,-0.0003372901732929349,-0.0005870756018121184,-0.00047808766574883657,-0.0004194553665295316,-0.0025368148312962116
2018-09-30,0.002769052015861025,0.0010080420858509813,0.0013634803339215057,0.0008215287128185005,0.0027598146018678574,-7.253233543180255e-05,-0.000252660186812706,0.0005524445139849198,0.012113965120959138,-5.97319356248411e-05,0.002020968537454303,-0.0013317198059293535,-1.5273122039603576e-06,-0.00043093241730046613,-0.0003763757320420642,-0.0015228515099298028,-0.0002419931135487571,-0.000561671515202257,-0.0010408499438412469,2.0605817596457696e-05,-0.002638180317526712
2018-10-31,0.0029299890922659835,0.00123781395369656,0.0014219023832597673,0.0006426198373991019,0.0025132342013500556,-0.0001483702541970737,-0.0003862240225847329,0.0009855431203820925,0.012222937250325392,5.321529899826226e-06,0.002275984546836541,-0.001598823590618941,-0.00031974403947676973,-0.0005157463575833853,-0.00030221158164462866,-0.001163534184850337,-0.0010462750755036527,-8.652460340109004e-05,-0.0004216474929103085,0.0003246382082875287,-0.0024700878396127393
2018-11-30,0.002909603652776789,0.0014406219094094089,0.0014501667017276136,0.0007519573305108825,0.0026329580657665705,1.6182345552849412e-06,-0.000445228035633086,0.0004614729452503695,0.011744247190903879,-0.0004913833258548182,0.0018991006248630245,-0.0017006750561980462,-0.00018298185225744528,9.294767133191043e-05,-0.00032379240007948803,-0.0016475131828182538,-0.0009831570712814258,-0.00011636306109518086,-0.0004510409833386167,0.001361855241605751,-0.0029157751707714345
2018-12-31,0.0026488034415326133,0.001618579588057742,0.0016599798425487049,0.0006861170295068896,0.002355099956111008,-0.00019772449845563889,0.00035441333156643645,0.0007753060864881083,0.01169401131657069,-0.000606619706419912,0.00160742496446287,-0.001674717598875601,7.992864169932681e-05,-0.0004473029917233468,-0.00016625805826012846,-0.001242161605660902,-0.000704161501950314,0.00042347664999217217,-0.00044125939116808783,0.001140607571196084,-0.0031473070970316117
2019-01-31,0.0024660561614054818,0.0014022088413900894,0.0018421154613900564,0.000813208430881205,0.0021420117953781137,-0.00019890977072032192,0.0006964390067939979,0.001229850530313006,0.012055640643956065,-0.0015942053036825275,0.0014701296164933697,-0.0025257944130011034,-0.0009889444438122151,-0.000430853558247107,0.00033404937125926405,-0.00029227286169665955,-0.00027400151233959556,8.085644001463294e-05,1.8883090861329774e-05,0.0010157125724579905,-0.0025401725761112037
2019-02-28,0.0025097305628612827,0.0013769957328722145,0.001936961658768723,0.0008134461677095415,0.0022217607533050856,-0.0004424343130124635,0.0009256741922506026,0.001202251841265868,0.012471710424102556,-0.001523551597925737,0.0016595258327906947,-0.0027642452377229215,-0.0008720817304090215,-0.00046111445332959076,3.648459371702453e-05,0.0004033629682309276,-0.0003310955688303304,0.0003039456575920954,-6.518692635970727e-05,0.000861113258020309,-0.0024302548162387764
2019-03-31,0.002427818320172037,0.0017044997923824248,0.002080582598520544,0.0009555533691934609,0.002093933033401729,-0.00029081231623092734,0.001037959502933549,0.0011643558411720068,0.012353585418565988,-0.00202937820817513,0.0013303776492897585,-0.002747517013926381,-0.0008016932411221837,0.00023507004546277443,0.0009261177292294431,5.709689618086614e-05,-0.0006492563192238116,0.0003984687610662343,0.00044609143988645855,0.0012215850972045789,-0.002165170854995131
2019-04-30,0.0026040040723435943,0.0016609183086389553,0.0020639585515891774,0.0009592253595635657,0.0020611177488191693,-0.00031282866954350296,0.0014604162217367262,0.0012123872118559263,0.012637556069139928,-0.002366386931418966,0.0010078990211292442,-0.0027156735313869926,-0.000620440577766138,0.0007462097941868414,0.0006903862055968414,-0.00032963350969404377,-0.0012765261518407564,0.00036924921153101063,0.0004484391445192486,0.0009101258945140073,-0.002551107012271967
2019-05-31,0.002985481417984593,0.0015371093273529222,0.0018981953662992048,0.0007598038961654902,0.001704058062803918,-0.0005968337360970733,0.001490556478350153,0.00107630179375595,0.012937121901304829,-0.002023566448666776,0.0012382721476101141,-0.002004492081962553,-0.00028956037098772775,0.0005463142585662864,4.9222542072937126e-05,1.006670281428196e-05,-0.0005429826743980074,0.0005576534892347725,0.0002074007415611041,0.0007607495009432474,-0.0012948697269619602
2019-06-30,0.003117569470358135,0.0012522227088249127,0.002001930971166318,0.0004369256029699531,0.001668814181522643,-0.00027009301849234487,0.0017281344663017326,0.00036321962083941874,0.013131958574391601,-0.0023867909134803527,0.001627750076406408,-0.002066885787763746,-0.0009204834245743999,0.000411560385882995,0.00014544331396078986,0.000617853843216524,0.00047989157094362764,0.001132562364095121,0.0004362831919960423,0.0005259834584679592,-0.0009129851711864889
2019-07-31,0.0028316502797271583,0.0012809542677171511,0.002078059918892019,0.0003055786637685086,0.001560720427658414,-0.0005193682045577434,0.0015004740499323281,0.00013239624264714964,0.013549948512778765,-0.0022532019005686915,0.0016644650871796114,-0.0016666539025532894,-0.00042827248963980623,6.708553310360768e-05,-0.0012341607212137124,0.0008930402613942871,0.0008264947862083958,0.0008129737106523178,2.53180857016414e-05,0.0006832838543428143,-0.0004247587532539655
2019-08-31,0.002662559896431642,0.0013599903785955737,0.0022691981743308883,0.00018076026296200343,0.0018978445863684524,-0.0004908161123852992,0.0018195020178954607,-0.000186388188361813,0.014213221275578104,-0.00155211740944143,0.0019410395538434514,-0.0020063421477371592,-0.0004174889114496433,0.0003614574297946561,-0.0010806516716524513,0.0011139804316578849,0.0015366437271176002,0.0010593726834482427,5.798064774373842e-05,0.000794877888133813,-0.0007026925363559252
2019-09-30,0.0025985924071323784,0.001088299845800624,0.002567151213305993,0.00038688106261884007,0.001970044780694311,-9.066626963104491e-06,0.002316408012261517,-0.0001056441474750832,0.01435940800667998,-0.0016071859453672807,0.0019873061408456462,-0.0020626749647806347,-0.00044951443780220533,0.0001476477923159432,-0.0015084903651799478,0.0011915047297346283,0.0006957408623986759,0.0008162052875600629,0.00047983424160243283,0.0010030508353687647,-0.0013018750407468365
2019-10-31,0.0029936880170413536,0.0009841540754728967,0.0023283102999119717,0.0006577234626112584,0.0015844534694563978,-0.00040477861618955376,0.002341190781095248,0.00024825119133755285,0.014455757416220011,-0.0021843062992686554,0.0017987858148897778,-0.002432949358147352,-0.0005688461895565683,0.000326728738833498,-0.0011948748113308966,0.00041153305868336064,0.00106694440987365,0.0006787861031573206,0.0004576362404152168,0.0017563636347893488,-0.000561696076837703
2019-11-30,0.003262246967742602,0.0012679066010753575,0.0022527038118121856,0.0009606904850618327,0.0013933348870468732,-0.0003518858179323051,0.0019570572679876745,5.088088305145737e-06,0.014000150170474958,-0.002520628988484791,0.0019216730474160763,-0.0025405601589707644,-0.0003088027461402599,0.0003786946935091741,-0.0007942838868083918,0.0001924576622818055,0.00047260618726902774,0.0005904578294571685,0.0006057595321512876,0.0006851749683076478,-0.00042520331332784276
2019-12-31,0.002892234331936005,0.0011864401293385698,0.002125381675584779,0.0009620200733015373,0.0014645672253605017,-3.034165652583752e-05,0.0016437580338065957,-8.290892139832004e-05,0.013307846700702595,-0.0025945000949873565,0.0017372274793092135,-0.002216399282167467,-1.536383075074327e-05,-5.690137317352533e-05,-0.0012138424281403911,0.0003094926377535929,0.0001923544785011418,-5.364364527216971e-05,0.0003447644031238148,0.0011096259767621526,-0.0001858200443593351
2020-01-31,0.00280892146665841,0.0009679217009601923,0.0023995203824549506,0.000976073173775481,0.0016363895937637958,2.499433387664283e-05,0.0015537648212251955,-0.000182438780409245,0.013772239095759352,-0.0019963604405585722,0.0016126431195780835,-0.00216131072976132,-0.00014543465420907258,0.00045288210180936854,-0.001197669149414027,0.00047106631607739637,-5.74526356179696e-06,9.130351572790491e-05,0.0005510243973061573,0.0010070504098745223,-0.0008250409279845258
2020-02-29,0.0029386881073106856,0.0010245257681173606,0.00224381168906253,0.000534161869749859,0.0016811522997803702,0.00019890333645239996,0.001397830304736024,-0.00031191964103637765,0.014006866734791875,-0.0014672807811055585,0.0010565346424603128,-0.0015879953441921228,0.0004894242746647709,0.0007814909505400873,-0.0011362317689010493,0.0002415075638509528,2.5934724395763344e-05,0.0001662755542132352,0.0004035782694540707,0.0016196209081733657,-0.001098352600452187
2020-03-31,0.0027356087819878703,0.0010932096467457084,0.0021538613600535334,0.00023532866781657372,0.0010174885652598198,1.471049639930732e-05,0.0020688907581526625,-0.0002469532978406624,0.014129548695609275,-0.001705949514935462,-0.0001027633431016832,-0.001216652382877699,0.0005002325054184024,0.0008608206376749242,2.459873056594262e-06,3.4429068162062846e-06,-0.00036817249562906584,0.0003191061020922588,0.0009882196112654443,0.0005042083996710136,-0.0009650191163044231
2020-04-30,0.002592556677171997,0.0010818601829771983,0.002067633820877208,0.0001514363444476474,0.001105189932128883,7.318740836209039e-05,0.0016425116372175456,-0.00025355900519500707,0.014525024966587982,-0.0017343869383430342,0.0002526634449493124,-0.0007956866231260254,0.0006257501931835744,0.0017907067001435113,0.00011055072368113655,-0.0006453741939750929,0.00032375604222679104,0.0003122498802278122,0.0012961391225175135,0.0008815337874077218,-0.001751300316729093
2020-05-31,0.0020941997387441368,0.0013601107151069395,0.002211221185542507,0.0001852508617252649,0.0011421726552069435,0.0002855268470939575,0.0014334143424567787,-0.0012700225906101886,0.014332841347440397,-0.0021049621304295475,0.00012480004826259593,-0.00023387804541870848,0.0002539070670447939,0.0015338155622766079,0.0008606326866982142,-0.00014912604004586004,0.0010228970251141352,0.000547296307564241,0.0013587955229328514,0.0012355529381642355,-0.0012245644848181366
2020-06-30,0.0019346808497629929,0.0015334181791405656,0.00206196114451625,0.0003605943675825565,0.001213382837413551,0.000449865009250788,0.0018752416974904223,-0.0010928480976170013,0.014446376289965585,-0.0018040454966512663,0.0002537326135936569,0.00020533805553449647,-0.0005944245664525043,0.0013220035462678118,0.0005512437651074291,-0.00025109308463162287,0.001047694197143396,0.0005267029769648152,0.0015197836697983774,0.001165628564209608,-0.0010475285903389767
2020-07-31,0.0018011051491630592,0.0011651826723037158,0.002097893175524533,0.0006338940069008489,0.0013190851961524305,0.000537669285282261,0.0018345133850855956,-3.149975758421101e-05,0.014352137537683923,-0.00190781514400427,-0.00035694371114693114,-0.0003227324464453266,-7.931561155981987e-05,0.001511328568373871,-9.941077641269886e-05,-0.000429406805590228,0.0012669258651802808,0.00018682099676143888,0.0011634953024329663,0.0006607878599414838,-0.001531979297101643
2020-08-31,0.00257212360973652,0.001067775122031588,0.0022522351084416094,0.0007535365701041785,0.0006369953604796356,0.000444516825201776,0.0017153177783343688,0.0009353129499673067,0.01404787722988876,-0.001706706756246978,-9.13526547398588e-05,-0.0007741775722217195,0.0004706028791213496,0.0016663594568862585,0.00012171839955502297,-0.0009466938577175257,0.0014831184112344656,-0.0004730173498574203,0.0020612177390950948,0.0008316993988952191,-0.001438002383760864
2020-09-30,0.002740213966812045,0.0007575586342463937,0.002339154497763168,0.0005819223616313771,0.0003866837195942081,0.0006234292284972103,0.0018813772483764792,0.0013402238324121464,0.014109680437025407,-0.0016376978036886864,-0.0002878979497787751,-0.001025713793357836,0.0007519925919335814,0.002142695847747279,-0.00027836541437589404,-0.0011138306950088843,0.0016181339555630461,-0.001036760446571471,0.0017420094489774792,0.0007083130697145257,-0.0020363080356601273
2020-10-31,0.002347430112676333,0.0004957609755906006,0.0022189414056171548,0.000398600725759426,0.0003608844128707945,0.00041424768675268377,0.001691081051190546,0.0009666726901443191,0.014252266044433247,-0.0012769174798966906,-0.000216323202363643,-0.000722118603947254,0.00016976339129110658,0.0021057618356926373,0.00032158158492507917,-0.0006422062682565279,0.0018592479106305422,-0.0009157624206727351,0.0019409338563357798,0.0006367506545713008,-0.0018764110298040298
2020-11-30,0.002060171774737295,0.0005366572745952711,0.0018601121415322015,0.0002687647522814524,0.0008769619832717388,0.00047292400272779667,0.0011718670199364028,0.0007918579229830326,0.01369691821354841,-0.0008872407356869207,0.00013388905411235513,-0.0005674365625543796,0.00012676088160265135,0.0016096810168113327,-0.00021004746647236523,-0.00043340074344190815,0.0023619269607652324,-0.0003503167349729493,0.0019178618258788656,0.0005457751502580876,-0.001693881896821188
2020-12-31,0.0020239757977859197,0.0008659257451675817,0.002121493682566266,0.0002717081988459021,0.0008095026508591931,0.0004562138901566438,0.0009508394790308899,0.0010415758205541909,0.013197736056383358,-0.0012839130590145812,-0.0004580928057649796,-0.0010291858873804813,0.00019483442228629533,0.0019870835592020433,-0.0007294109957171415,-0.0003967715510287518,0.0020195898534651337,-0.00066542836440156,0.0021561656362399624,-1.9319077143038223e-05,-0.001462146852206224
2021-01-31,0.0021387144971677084,0.0004991010590866213,0.0020984135181541957,0.0001054853428465046,0.0010020258151555177,0.00032357507354385784,0.0011821169035664358,0.00026579502246314906,0.013280783018904077,-0.001712122337416852,-0.0015736900835115828,-0.0009426096089386881,0.0006204053785054272,0.0019281648736248383,-0.0013541581033754619,-0.0003564526366184645,0.0022288356131678452,-0.0005385855671944735,0.0025807811903494106,0.0005278529402095405,-0.002083303908875443
2021-02-28,0.0021424832762383696,0.0009210845472777517,0.0021043844376591354,0.0002655184496605867,0.0008168562079711605,9.900658959084268e-05,0.0014415449567200536,-0.0002648635830295148,0.01294928373526419,-0.0016885773844414228,-0.001453403872965021,-0.0013187416669854439,-0.0002266258995941927,0.0015100221589095485,-0.0018511065978205434,-0.00019729570417631562,0.001801953979775217,-0.00048423335605128485,0.002930850860677099,0.00040973852069275116,-0.0017378529394369729
2021-03-31,0.00207354514638856,0.0012119836897730323,0.0015521491360737671,0.00025234314944245036,0.0006416206209518251,0.00026444332731684133,0.0014186778080296622,-0.0004350960714257134,0.013828527628107089,-0.001803845802223903,-0.001432317410398856,-0.0011101697269770543,0.00012988820107351283,0.0012426045480458657,-0.0021418289868686707,6.490549144504642e-05,0.0013266508037710005,-0.0007347527768870896,0.0028139497205920457,0.0003305661390227229,-0.001200259594219005
2021-04-30,0.002188355485632753,0.0011128016042812414,0.0015924055936613983,8.752685885765317e-05,0.000660972116401815,0.00037848900634145153,0.0009996091280881003,-0.0007699554885266978,0.013948844513033114,-0.0021363425109236964,-0.0007232584983266743,-0.0006173713243974588,8.199579023649483e-06,0.0012635682145027579,-0.001896047626667722,0.00047475128776973505,0.0010294325815363669,-0.0009311843381799515,0.0030525271690110697,0.00024015734491084659,-0.0017622497608005393
2021-05-31,0.002218621707469265,0.001225090046115638,0.0014454586740557033,0.00023728864213604615,0.0006639686618940777,0.00025911433006697615,0.0011937461120688918,-0.0005339731647120849,0.013484729417815559,-0.0025925849616524207,-0.0014698998510886752,-0.00045701530597431263,-0.0004995683801854556,0.0005323309415395602,-0.0019809349361051896,0.0003204176385643138,0.0011254640022789542,-0.0015131522407508104,0.0026290653851279207,0.0005205130005582767,-0.002356061437926319
2021-06-30,0.0025106550117577884,0.0012588996263987193,0.0017642466614979644,-0.0001472094267913757,0.0004751780905820867,4.894374056334377e-05,0.002065022433327484,-6.80973457819644e-05,0.013632752491416636,-0.0021302859357933603,-0.0014574862211075052,-0.0006938581016557148,-0.000604102426134509,0.00036907793369059423,-0.001954196192651948,0.0006653193869100914,0.00020000357409757355,-0.0015746190100365475,0.0028430792402150094,0.0013214683047462078,-0.002370878710820788
2021-07-31,0.0024123587849390372,0.0011660435707731992,0.0017901752256351915,9.665816424218185e-05,0.0006747620500267996,0.0003349114287944371,0.0016564272668542555,-0.00017274654629773615,0.01440537326924218,-0.002225643170125016,-0.0016870839298298891,-0.000452743334220107,-0.00040408160338564487,0.0006870262975519909,-0.0019105090431814015,-3.944411689707364e-06,0.0003599368871701857,-0.0012590035731338705,0.002947293963410368,0.0011898126534741413,-0.0021397509876492607
2021-08-31,0.00231133750542107,0.0015425725205252304,0.00182100089992175,0.0006957204592170766,0.00042265244965140826,0.00040044554447037783,0.001863258082652913,7.651601701235127e-06,0.015233851329396135,-0.0032562305176276752,-0.0020026916042209224,0.0001502062923272517,-3.129432741363447e-05,0.0006103675571619247,-0.0010205198355864443,-0.0002497843570437246,-0.0003198915872968164,-0.000832847649225206,0.002744043836498044,0.0019036944857667498,-0.0024666986108181333
2021-09-30,0.002294173703937113,0.0012760496879669087,0.0019488144481930078,0.0010257027215978057,0.00020618099014180148,8.743681449052844e-05,0.0013751573798787553,-0.0005910613260824366,0.01512015183063508,-0.0035491113138085323,-0.001649206253089997,0.0009990139913102227,-0.0003749375026108043,0.0003489358006316145,-0.001022633275878677,-0.0003359103279678285,-0.0005080250396378827,-0.00045578238413050074,0.0032693424534911398,0.0015783651831082627,-0.0024471819289432323
2021-10-31,0.002516367521712826,0.001076955916208662,0.002003870121459583,0.0008039549705479762,-0.0001448914728267666,-0.0002886931974048057,0.00015645825703107562,-0.0003390522511144925,0.01497873176506645,-0.0030249332304800773,-0.0013423617382645001,0.0011299898371571635,-0.0009156596411377461,-1.4270008144324662e-05,-0.0004085650854265845,-0.00023496566927567114,-0.00014377287584528374,2.9546467077471892e-05,0.0040820029645285095,0.0017048189492400282,-0.002432300676540635
2021-11-30,0.002523610879336517,0.001538625601438659,0.001826851727176403,0.0009198008829534403,-0.0003274513446518515,4.258455152683909e-05,-0.0001790058876293705,-0.0010230527406596462,0.015771112699806984,-0.0033830425194867173,-0.0016478914308524688,0.0010629435589624464,-0.00021987614174055672,0.0009557881130084963,1.5184125373608748e-05,-1.5377006020569987e-05,0.000368660340503208,0.00014952386641873438,0.0033458135198737985,0.002137378540110381,-0.002209740977130368
2021-12-31,0.002510805605942785,0.0013211886573457165,0.0017448279265478736,0.0009294959705949762,-0.00023020162624397717,0.000264832633832779,-0.00029692712327740467,-0.0009102638936835876,0.015863035705644245,-0.0028612587170453057,-0.002161525315493635,0.001466407088591263,0.00014664005994245746,0.001413695154509669,-0.0008156914998956454,-0.00030265403660823453,0.00025459274630850836,-0.0005255180719056866,0.003235518370921274,0.0019147676844264141,-0.002145632442656511
2022-01-31,0.002513771464830604,0.000733456354509626,0.001550172847521393,0.000829871204621133,0.00011702575648910333,0.0001811055667517654,0.00019776028218268,-0.0011392747422800107,0.016291748371350414,-0.0027326937626442156,-0.0015409958162147883,0.0014894342221027437,0.000632758558311277,0.0008597797487462618,-0.0013082584601347017,-0.00043032082317747637,0.0006872188823214354,0.0004651250330997555,0.002933217091463296,0.0019521828235235037,-0.00208314987350886
2022-02-28,0.002957580977181585,0.00033179567208143355,0.0015204428578185632,0.0010793759110715054,0.00013073309994026931,-0.00015596638108423744,0.0016156577406258065,-0.0008293345394650342,0.016854580185261706,-0.002864247784212744,-0.0019194625774494993,0.0018935545654529338,-0.0010569232974519977,0.000977216035340579,-0.0018484615749488893,-0.0004111160846710639,0.0005670705596350795,0.0006791616881168899,0.0027081858496018746,0.002012322731363012,-0.0013353842076146939
2022-03-31,0.002702458342666787,0.0004245483496878242,0.0015927287138099333,0.0008747240693452988,-0.00012984682793199296,-0.0001016708813105911,0.0016530689074138278,-0.0003311208065233419,0.01699270789311893,-0.002667248730513234,-0.0013541488746859414,0.0014836737218980815,-0.0009143533403216949,0.0005562968971627109,-0.0012653977650030107,-0.0002723494208663722,0.00038987958753876437,-0.00013571734830736802,0.0024853464661308516,0.002917171763313032,-0.0012575906984077284
2022-04-30,0.003018885883525832,0.0004398925589760464,0.0015010306686467918,0.0010683314970773355,9.748464044573681e-05,-0.00025813225345922735,0.0016780012007421852,-0.00045902065760089093,0.016756232941653713,-0.0023111827100848496,-0.0009062614343702479,0.002069323403805972,-0.0006765186810929751,0.00076366516290788,-0.0013276847817504252,-0.0005830962999781113,0.0003825331670422209,-0.00019409526402047175,0.0023921668697766928,0.0030131758153979383,-0.001404896084963614
2022-05-31,0.002823999439057999,0.0006210678461250981,0.001725642160806522,0.0010065461231550585,0.0001765978425941027,-0.00020505475239643672,0.0009740208069277459,-0.0007747996757475183,0.01587440998962751,-0.0019361821259892672,-0.0001262346604498449,0.0020284391568605948,0.00020538321519441595,0.0005342026474588681,-0.0009762582065499109,-0.00034520224319155854,0.00030653066815817544,-0.0002238341491940375,0.002317680482187198,0.0029548816961404104,-0.0010384561631075913
2022-06-30,0.002609317638699991,0.0011246664237500076,0.0018048734602538702,0.0007658340161380091,-0.00010100093357205618,0.00030522785084176974,0.0008516732156678989,-0.0009285276003570091,0.014721031888010268,-0.002011870208311087,0.0002750463572608378,0.001962768393935728,0.00022380810668551853,0.0013129417159113378,-0.0014384365302370981,-0.0005444598418976568,0.0009261074125336928,0.0003601220118713257,0.0022031092934407057,0.0028825784216356776,-0.0011077851483324798
2022-07-31,0.0026882496749947794,0.0014516562617104458,0.001341697671582006,0.0008985894340329575,0.0004477002535148949,0.00026069104818010223,0.0012964363292731922,-0.00011713912246385995,0.01412735804580019,-0.002295538384168819,-0.0006130723168688177,0.0013289303245506258,0.0003850647542748545,0.001934865011455547,-0.0010273194212990244,-0.0008125902005850823,0.001153453848108436,1.766562980657461e-05,0.0019240818373636556,0.002286320530258455,-0.0015715676595337463
2022-08-31,0.0025716407006801706,0.0014491171109797297,0.0007929766951662629,0.000768495255927346,0.0002699091642581369,0.00037674464442862714,0.0009798649851009977,-0.0003061773639367444,0.014657688556789571,-0.0028386319771176597,-0.000337620252342963,0.001345593430893841,-0.00016879044702060872,0.001341117779858156,-0.0007123793896059791,-0.00046826359303405195,0.0020402256564661476,0.0003494913997635956,0.0013749235950109022,0.0025847321283086876,-0.0005414044134209328
2022-09-30,0.0025923677920970806,0.0017265581014264649,0.0008620657127973215,0.00042710639395322536,0.00016951422584345695,0.000653770797429954,0.0008411533722828343,-0.00027071300202188126,0.014884786803223998,-0.002548449986569698,-0.0010644953181419938,0.0007710123463754742,-9.405263693642082e-05,0.0008518206780970003,-0.0008077817293209517,-0.00015580928548542173,0.0019508981931874608,0.0003970174337516879,0.0012353459251449475,0.0024031381076883565,-0.0007870323006954946
2022-10-31,0.002579000836869992,0.002035699515892621,0.0010877800403039813,0.0003292214534473239,0.00043136336531757213,0.0009701855875795386,0.0006071361127061635,-0.0004981009420482782,0.014981220423053106,-0.001509652268839805,-0.0015166471213909584,0.0009434003904779173,0.00025849234263538396,0.00027702427357136246,-0.00046854235679248983,-0.00044982129952767826,0.002064222109241004,0.0006076429515013895,0.0007643431695077951,0.002127166972970726,-0.00035534233782694657
2022-11-30,0.002477043262744748,0.001859865756656451,0.001213811854961338,0.0004224548471384545,0.00035274151476782776,0.0009860671161604276,0.0004762553587438112,-0.00036842056402915254,0.014958601395329792,-0.001634547060521772,-0.0014173712680475106,0.0009230453828151244,-0.0005432267567877936,0.00023253295639692723,-0.00033256507156106843,-0.0006029023229990637,0.0020781349814300095,0.0005160226188445278,0.0008737282315529444,0.0019527638822928507,0.0001074090590308188
2022-12-31,0.0024984843514034008,0.001994656689664203,0.0012578280732141647,0.00048432644440703655,0.00027558774227856163,0.0008319744998248085,0.0006448904277495666,-0.0005830810285197804,0.014779987690330015,-0.0021520605008023995,-0.0015587290228884995,0.001041269724474254,-0.0004539868000580604,0.00019068704413343767,-0.000783283130366842,-2.8504137591639413e-05,0.001954913531802622,0.0005704953206002411,0.00035445828794473954,0.0017630677232166989,-0.0006927891936591999
2023-01-31,0.0029260497738219904,0.0021426965555634797,0.0014050400274489658,0.0005717775586678126,0.00034203834032918207,0.0002871662423413611,0.0008588680717525302,-0.00033937038725303246,0.01528764135107345,-0.0024649748386582344,-0.0016187211728786498,0.0017367996293049075,-0.0007175668696402875,0.00047999132771654816,2.075527999390893e-05,-0.00018837526058395894,0.001432271804982089,0.0001739043370514626,0.00016049156764774252,0.0012754630140187646,-0.0002680363817285344
2023-02-28,0.0030393988896158224,0.0025195837742177565,0.001054072411823617,-3.071495377321811e-05,0.0005602193598774505,0.00037068156327169565,0.001104532569543376,0.0003247766430231065,0.015778256492402592,-0.0031432839413150964,-0.002212806408309539,0.001967969903595478,-0.0012414961130039147,-0.00013076528721917002,0.0002267869735595343,-0.0007308064058642838,0.0008838295166007464,-0.00037527295908146925,-0.0006180779249026795,0.0012786700144128999,0.0002783697394391766
2023-03-31,0.003266847004261002,0.002267843337162251,0.001038614881268149,-0.0001799789470056273,0.0003786303092546291,0.0006113387166025715,0.001139255300629688,0.0007816745065354247,0.016427480441445846,-0.002717127568245766,-0.002171714308734403,0.0016736994686722072,-0.0010302477662674518,-0.0007644652261145512,0.00015345420782143007,-0.0008301706838071178,0.0002584406753354079,-0.0002482910064781902,-0.0010308495054794226,0.0015955729554813713,0.000605327758529444
2023-04-30,0.003223380151912144,0.002045492305950442,0.00089281635712927,0.00037178137267790835,0.0007159819774132331,0.0005847098606292387,0.0016925351780532596,0.00175930687934467,0.016080484713033798,-0.002843064767450825,-0.0020269988998255894,0.0022314238134426134,-0.0001467074853700724,-0.0011222373836521676,0.0004739499382995675,-0.0006910338387420081,0.0006170258665977499,0.0008461528634348274,-0.0010236194785294087,0.0018174748842231699,-0.0003414204016248167
2023-05-31,0.0030549176474129677,0.001935110435646813,0.0010221172936388274,0.00034868184679686065,0.0006998861767456974,0.00019732855722061885,0.0012000226969266347,0.0018331142299740702,0.015797333116825324,-0.002558577533382369,-0.0014300606453900107,0.0019216849782604456,0.00024375966536016602,-0.0013822331770031245,0.00020598999644183487,-0.0005940697689317653,0.00039602245404136906,0.0006587578596730464,-0.0003914635476270228,0.002146194572783953,0.00020178227117612476
2023-06-30,0.002940019559032591,0.0016958238002427585,0.001288127440672472,0.0007660231108997631,0.000994807143386439,0.00011426520655716057,0.00019430360109150713,0.0007728582585626923,0.015921057440957946,-0.0024754050372830724,-0.002022819449715745,0.002055392275837352,0.0006381176090413212,-0.0020387409944679696,0.00023536233084686453,-0.0005052304680511093,0.000544477445567629,0.00028527578918837506,0.00022663591863435211,0.0021777614542129935,0.00038092486716136034
2023-07-31,0.003251852834380559,0.0011129787453390875,0.0016677891345542608,0.0004770099764947382,0.0010872167023008232,7.483945813483822e-05,0.00013652977875528702,-0.00010265443739413825,0.016039765654052365,-0.0018284924637095076,-0.003069706259571075,0.0026326374281875993,0.0002146075988579299,-0.0014962535911147632,0.0004192568339913479,-0.0008682602182537792,0.0010931218785731182,0.0005342598109256044,0.0004632867235997075,0.0023869337006711937,0.0010467612023784495
2023-08-31,0.0033589665017251325,0.0013638554926070755,0.0018201992964187955,0.0004880696348604625,0.0010513072367878172,0.00037776182528670085,-0.00029830768347598006,-0.00030994001793283315,0.016380765843617577,-0.0024749939270355082,-0.003619501701068915,0.0018958172608326694,0.0006534129096169831,-0.002054769059126541,0.0003486787017123946,-0.0011524813799422971,0.0013879306132266419,0.0007974598423141988,0.0012128309593051737,0.002168053285287566,0.0015114060747906347
2023-09-30,0.0032342963050501976,0.0012891426699321946,0.0017316681600944123,0.0003852460308548242,0.0011325135546951322,0.0002471167998601151,-0.00020865839266220648,-0.0009644922880915644,0.016411551137847428,-0.0023568843319271733,-0.0031323729445065823,0.001941411704552422,-0.00018656545581226768,-0.0013589941304105535,0.0004513090471230349,-0.0008741890198520805,0.0006089811623264165,0.0010735821672362362,0.0010781062220301292,0.002325812108244021,0.0017124228446466284
2023-10-31,0.003194163423881018,0.0013221481786055333,0.0016557541004458586,0.0001730591229652381,0.0010887574824723675,0.000282335345134557,-0.000632281813120007,-0.0009753721605612798,0.015917440829215625,-0.000612782736433662,-0.003169739488124579,0.0018208108708830007,0.00026953131810596447,-0.002035797215840052,0.0009560535790931694,-0.0011176378748494536,0.0008326668486765697,0.0014017055160063354,0.0011095017813654864,0.0029052097203968743,0.0017457910546616502
2023-11-30,0.0032914781763703125,0.001718090151805396,0.0016623649689137465,-5.863297134214252e-05,0.0012910720765396376,0.00016173373957512342,-0.001258429330461308,-0.0004690117449617522,0.015711291830977393,-0.00046245554836592533,-0.002762774206918198,0.0017972830303766645,0.0005412420834897627,-0.0026395502919049044,0.001241040305005446,-0.0006238896683926987,0.0002584720923604582,0.0015944220931606702,0.0017666480287678585,0.0035911344862870117,0.0013182242416615148
2023-12-31,0.002948909237529727,0.0018447565592863075,0.0015754692939699013,-0.0002684442007928024,0.001083998079278126,-1.1420199749282621e-05,-0.0013536658970236752,-5.479116577167113e-05,0.016270824466021922,-0.00012779736856719518,-0.003067605018285837,0.0017972707575111414,0.00043598208979397544,-0.0026585035825415168,0.0006802589572609198,-0.00037952419276151536,0.0007303110286914897,0.0015105667755368928,0.0021136311273878996,0.0037492178264968215,0.0009806777940384963
2024-01-31,0.003175755271850494,0.0020900427210336753,0.0017508664047109128,0.00036984712683305347,0.0014664685360610298,-0.0005573337383102602,-0.0004615309538051934,-0.0006053988415962184,0.015954787928626323,0.0003936108667131584,-0.0024839991444861637,0.0015940663537286387,0.00023424412131765326,-0.0032870142147191825,0.0006406120428397374,-0.0009427634785421726,0.000859687580398462,0.00166361679682309,0.0023039882028974314,0.0030139231789529423,0.0007924723358035049
2024-02-29,0.003337199862536432,0.0020358209870975706,0.001619845632704337,0.0005755545408664795,0.001871156742339024,-0.0003463349300755526,-0.0004991548094999288,0.00010996974618068779,0.017098924663586656,0.00023457627402919602,-0.0020048513746306583,0.0015324144354131994,-3.4023243792837476e-05,-0.0029625902522569516,0.0008085713509806854,-0.0010380507332500095,0.0007606058602869434,0.0014241005976471008,0.0029100792751327064,0.001893028891046084,0.0011191248753794195
2024-03-31,0.0030547372086628063,0.0019742887073274833,0.001329170868131616,0.0006411251490278818,0.0018630173386915679,-0.00039056423648954413,-0.0005451397013980146,0.00013047757249206164,0.016392427574474247,-3.992054161796514e-05,-0.0014727574745527145,0.0012360219818689617,9.829788562768852e-05,-0.0022783171989532564,0.0014910073497767181,-0.0007023001893196948,0.00038656052214173245,0.001901499165810352,0.0019407275120715637,0.0019036421727316008,0.0011263031551164027
2024-04-30,0.003085525227471283,0.0018461917734790328,0.0012460066302068034,0.0008293128361809873,0.0018660441283555387,2.907461632594056e-05,-0.0008913547213845749,0.0002675427213537667,0.015724124134252237,0.0002323866498748293,-0.0013900180227994971,0.0014231840376071245,-5.6985097138137714e-05,-0.001643843574452291,0.001589045166607692,-0.0005636998247612099,0.0008065589199265085,0.002757212450807386,0.0013411271102183849,0.00149369873787892,0.0008777031747790973
2024-05-31,0.0031512278300542805,0.001788209520927918,0.0013430041264967832,0.0009100208093752566,0.0019510787910296567,-0.00022605319713992432,-0.0010980218413383853,0.0004974084929423885,0.01581861528803265,-7.666473059208566e-05,-0.0015636430478316457,0.0012997909776109732,-0.00029133395586395684,-0.0020112341412580766,0.0010278814195489267,-0.00034654567826602535,0.000681933174552096,0.0026694540864564092,0.0017151514132022288,0.0012544036691976642,0.0011041364211943918
2024-06-30,0.003249395825584559,0.0018691398532424013,0.0008921496883055027,0.0006849809204866116,0.0019069416865668128,-0.0006395541506939793,-0.0006567696159427946,0.0005998478923622954,0.01623734326837911,-0.0002596968029243673,-0.0013475889345474384,0.0009835979420951251,-0.0006057648011694981,-0.0025325887701510316,0.0008537205593933125,-0.00029599408243859593,0.0011603851880035332,0.0031177490072662037,0.0009550929172890151,0.0013949782935484315,0.0005797494485649311
2024-07-31,0.003610802632512486,0.0016749717932555011,0.0009416490099175948,0.0006796772714226932,0.0014993277140133024,-0.0007538679827179511,-0.0003023811566991877,0.00045871259422051894,0.015423174902518388,0.0007545297696696206,-0.0019137303015531733,0.001204201071536796,-0.0004887053863087794,-0.0026695249657925847,0.0012934963962779231,-0.0003835578955333516,0.0018356015260886471,0.0032024341048321066,0.0011545659732513827,0.0015657280203913038,0.0010511732886046394
2024-08-31,0.003231188824942794,0.0017978059647590968,0.0011384066378450444,0.0005454088434263649,0.0018116362356907628,-0.00047784968145641086,-9.408486822667982e-06,0.0011563179733558946,0.01536732963548093,0.001327209142229187,-0.0012548076322010137,0.0008136543040809717,-0.0008230941353302502,-0.0024556645970447745,0.0014739469585450201,0.00018735630813713583,0.001587662043496599,0.0027538696770403365,0.000644002702428901,0.0016710675310453167,0.0019075346846184203
2024-09-30,0.0033058923238002197,0.0015923910002634152,0.001319494861869365,0.0007939598681984987,0.0017617831542491478,-0.00045114900792197945,0.00012035279206441535,0.0009953584542417625,0.014875181937553538,0.001817529934946001,-0.0011083386436484717,0.001192918634820838,-0.001093437768929288,-0.0026487574167214645,0.002058811806966874,7.541455431140731e-07,0.0012723073776043587,0.002862034282898281,0.0018099714249461994,0.0015214347893389615,0.002397413625426008
2024-10-31,0.0032496307023141854,0.001610273964946787,0.0012524417547532044,0.0007637879564301383,0.0017435578457331675,-0.00047349696379266586,0.00018995599760674575,0.0011594368416913494,0.014947981788609191,0.0021634656104949227,-0.0014820000988819612,0.0010662131917599453,-0.001082158054697093,-0.003317746269243165,0.0019589834002616403,6.137787995029204e-05,0.0015760281048523119,0.0025762542052837054,0.002471543199083394,0.0017114601344304552,0.0022230736525041725
2024-11-30,0.003105143846252565,0.001827832809822102,0.0010213616870803702,0.0007957319548398019,0.0017625381469449715,-0.00045738300870085016,4.080907761194199e-05,0.0013737177648213857,0.014740625809024912,0.0024937636171496174,-0.001839704128447535,0.0012120224376147915,-0.00039693817526950247,-0.00367994250313407,0.0014339794880666866,0.00022937187934538885,0.0016648064458309165,0.0028727487682362403,0.0034753116097257708,0.0016199602197315987,0.0025546400167290777
