date,ticker,fmom_1m,fmom_12_2,fmom_12m,fvol_12m,post_pub,years_since_pub,ret,fwd_ret
1952-06-30,BM,0.0270917878787879,0.0015192176308539815,0.0036502651515151418,0.016493527916149876,0.0,0.0,0.0270917878787879,0.00825502702702703
1952-07-31,BM,0.00825502702702703,0.004996545454545445,0.005268085585585578,0.015848394990726045,0.0,0.0,0.00825502702702703,0.0183802972972973
1952-08-31,BM,0.0183802972972973,0.003874049288958375,0.0050829032896532855,0.015664849611989717,0.0,0.0,0.0183802972972973,0.0071530810810811
1952-09-30,BM,0.0071530810810811,0.003478665847665848,0.003784867117117119,0.014684334875367168,0.0,0.0,0.0071530810810811,0.0074741891891891695
1952-10-31,BM,0.0074741891891891695,0.0032631084803812116,0.0036140318727818747,0.014623292124546723,0.0,0.0,0.0074741891891891695,-0.0200602702702702
1952-11-30,BM,-0.0200602702702702,0.0035892964782964815,0.001618499249249258,0.016138210281787402,0.0,0.0,-0.0200602702702702,0.014795594594594601
1952-12-31,BM,0.014795594594594601,0.0044900184647457455,0.005348816475566484,0.013051619367736625,0.0,0.0,0.014795594594594601,0.0584764054054054
1953-01-31,BM,0.0584764054054054,0.005956609708882444,0.010333259350259357,0.01989403332024649,0.0,0.0,0.0584764054054054,0.00247643243243243
1953-02-28,BM,0.00247643243243243,0.010641307720944094,0.009960901446901455,0.020004731153804054,0.0,0.0,0.00247643243243243,0.00755035135135136
1953-03-31,BM,0.00755035135135136,0.009784082570173488,0.00959793830193831,0.020005746319923485,0.0,0.0,0.00755035135135136,0.041391675675675706
1953-04-30,BM,0.041391675675675706,0.011520117266026364,0.014009413800163809,0.02074251163663082,0.0,0.0,0.041391675675675706,0.00403467567567564
1953-05-31,BM,0.00403467567567564,0.015725870151142893,0.014751603944853952,0.02015657351403178,0.0,0.0,0.00403467567567564,-0.0172121891891892
1953-06-30,BM,-0.0172121891891892,0.013629769041769048,0.011059605855855864,0.02168995525251019,0.0,0.0,-0.0172121891891892,-0.006253000000000009
1953-07-31,BM,-0.006253000000000009,0.011314567567567574,0.009850603603603608,0.022257411777114783,0.0,0.0,-0.006253000000000009,-0.00673649999999999
1953-08-31,BM,-0.00673649999999999,0.009075176904176908,0.0077575371621621675,0.022561272882944405,0.0,0.0,-0.00673649999999999,-0.034705
1953-09-30,BM,-0.034705,0.007812487714987718,0.004269363738738743,0.02568305919224688,0.0,0.0,-0.034705,-0.0149795263157895
1953-10-31,BM,-0.0149795263157895,0.003978015970515975,0.00239822077999052,0.026240235542692156,0.0,0.0,-0.0149795263157895,-0.0168519736842105
1953-11-30,BM,-0.0168519736842105,0.004439901784559676,0.0026655788288288285,0.026005904884424686,0.0,0.0,-0.0168519736842105,-0.0291014210526316
1953-12-31,BM,-0.0291014210526316,0.0015628501228501209,-0.0009925058084400216,0.027204284384942504,0.0,0.0,-0.0291014210526316,0.0262507105263158
1954-01-31,BM,0.0262507105263158,-0.006398770464244152,-0.0036779803816974887,0.02186716951580782,0.0,0.0,0.0262507105263158,-0.011866526315789501
1954-02-28,BM,-0.011866526315789501,-0.004237472455709299,-0.004873226944049316,0.021892165979998962,0.0,0.0,-0.011866526315789501,-0.0438489473684211
1954-03-31,BM,-0.0438489473684211,-0.006002643152722106,-0.009156501837363688,0.02415205694882197,0.0,0.0,-0.0438489473684211,-0.0371487368421053
1954-04-30,BM,-0.0371487368421053,-0.013751790702185452,-0.015701536213845436,0.019378849000086157,0.0,0.0,-0.0371487368421053,0.0173463947368421
1954-05-31,BM,0.0173463947368421,-0.017495737294710993,-0.014592226292081565,0.020930227233689373,0.0,0.0,0.0173463947368421,0.000863578947368437
1954-06-30,BM,0.000863578947368437,-0.014354047846889963,-0.013085912280701764,0.021370345766121873,0.0,0.0,0.000863578947368437,0.0436308947368421
1954-07-31,BM,0.0436308947368421,-0.013707086124401923,-0.008928921052631586,0.026944976011707054,0.0,0.0,0.0436308947368421,0.022043078947368403
1954-08-31,BM,0.022043078947368403,-0.00912823205741628,-0.006530622807017554,0.02839939998600346,0.0,0.0,0.022043078947368403,-4.3631578947351e-05
1954-09-30,BM,-4.3631578947351e-05,-0.003969315789473697,-0.003642175438596501,0.027001604500800414,0.0,0.0,-4.3631578947351e-05,-0.00230921052631578
1954-10-31,BM,-0.00230921052631578,-0.002611507177033502,-0.002586315789473691,0.026764658340898202,0.0,0.0,-0.00230921052631578,0.014689789473684201
1954-11-30,BM,0.014689789473684201,-0.001289437799043073,4.216447368420101e-05,0.026785111558346,0.0,0.0,0.014689789473684201,0.0677423684210526
1954-12-31,BM,0.0677423684210526,0.002691581339712909,0.008112480263157884,0.03139813730289672,0.0,0.0,0.0677423684210526,0.0380132631578947
1955-01-31,BM,0.0380132631578947,0.006463550239234437,0.009092692982456126,0.032189502670541895,0.0,0.0,0.0380132631578947,0.0232491315789474
1955-02-28,BM,0.0232491315789474,0.01099807655502391,0.012018997807017534,0.031703400541688846,0.0,0.0,0.0232491315789474,-0.0147535789473684
1955-03-31,BM,-0.0147535789473684,0.017097901913875592,0.01444361184210526,0.02793036827913344,0.0,0.0,-0.0147535789473684,-0.0008245789473684171
1955-04-30,BM,-0.0008245789473684171,0.019133825358851674,0.017470625,0.023437642019200358,0.0,0.0,-0.0008245789473684171,-0.0317167894736842
1955-05-31,BM,-0.0317167894736842,0.01748191866028708,0.013382026315789474,0.027404943709058684,0.0,0.0,-0.0317167894736842,0.0117729736842105
1955-06-30,BM,0.0117729736842105,0.014520066985645931,0.014291142543859646,0.027131497889026936,0.0,0.0,0.0117729736842105,-0.00663192307692309
1955-07-31,BM,-0.00663192307692309,0.011623892344497606,0.010102574392712548,0.026048424019801904,0.0,0.0,-0.00663192307692309,-0.006392743589743581
1955-08-31,BM,-0.006392743589743581,0.009017073978652925,0.007732922514619882,0.026156628221528245,0.0,0.0,-0.006392743589743581,0.000136934615384601
1955-09-30,BM,0.000136934615384601,0.008439881977671449,0.007747969697480879,0.026151799383067546,0.0,0.0,0.000136934615384601,-0.006676808333333329
1955-10-31,BM,-0.006676808333333329,0.00866225880873512,0.007384003213562751,0.02633425078531358,0.0,0.0,-0.006676808333333329,-0.028607908974359
1955-11-30,BM,-0.028607908974359,0.006719840826278981,0.0037758616762258164,0.028146111332384306,0.0,0.0,-0.028607908974359,0.010156908333333402
1955-12-31,BM,0.010156908333333402,-0.0020392753005766193,-0.001022926664417451,0.01997021134164443,0.0,0.0,0.010156908333333402,0.012513947435897399
1956-01-31,BM,0.012513947435897399,-0.004571671193718555,-0.0031478696412505594,0.016492811117233257,0.0,0.0,0.012513947435897399,-0.019286705128205198
1956-02-29,BM,-0.019286705128205198,-0.005547597024904919,-0.006692522700179942,0.014786438989197275,0.0,0.0,-0.019286705128205198,-0.0202047474358974
1956-03-31,BM,-0.0202047474358974,-0.005959699404980992,-0.007146786740890692,0.015136199467314926,0.0,0.0,-0.0202047474358974,-0.0264753192307692
1956-04-30,BM,-0.0264753192307692,-0.007721532903938172,-0.009284348431174093,0.015951465291851003,0.0,0.0,-0.0264753192307692,0.008010501923076941
1956-05-31,BM,0.008010501923076941,-0.007245035609127717,-0.00597374081477733,0.014964557092439556,0.0,0.0,0.008010501923076941,-0.0388895833333333
1956-06-30,BM,-0.0388895833333333,-0.007587078496503496,-0.010195620566239313,0.01656374257299756,0.0,0.0,-0.0388895833333333,-0.0137802820512821
1956-07-31,BM,-0.0137802820512821,-0.01051959306526806,-0.010791317147435897,0.016552464396124466,0.0,0.0,-0.0137802820512821,0.00656997435897436
1956-08-31,BM,0.00656997435897436,-0.01119118747086247,-0.009711090651709402,0.01727291409713732,0.0,0.0,0.00656997435897436,0.0411438461538462
1956-09-30,BM,0.0411438461538462,-0.010606365675990674,-0.006293848023504268,0.022625407289459904,0.0,0.0,0.0411438461538462,0.00717448717948718
1956-10-31,BM,0.00717448717948718,-0.0062590334498834445,-0.005139573397435893,0.022955016882324854,0.0,0.0,0.00717448717948718,0.026942128205128202
1956-11-30,BM,0.026942128205128202,-0.0030060883449883375,-0.000510403632478626,0.023389164257208283,0.0,0.0,0.026942128205128202,-0.0384672564102564
1956-12-31,BM,-0.0384672564102564,-0.0014801592657342649,-0.004562417361111109,0.025490619301815523,0.0,0.0,-0.0384672564102564,0.07819551282051279
1957-01-31,BM,0.07819551282051279,-0.006114814160839155,0.0009110464209401738,0.03483109308476589,0.0,0.0,0.07819551282051279,-0.0418116923076923
1957-02-28,BM,-0.0418116923076923,0.002747205652680662,-0.0009660358440170847,0.03658148747305848,0.0,0.0,-0.0418116923076923,-0.00343946153846154
1957-03-31,BM,-0.00343946153846154,0.0007829379370629437,0.00043107131410257023,0.03609687016547158,0.0,0.0,-0.00343946153846154,-0.0205902051282051
1957-04-30,BM,-0.0205902051282051,0.0028771068181818226,0.0009214974893162453,0.03573625405190183,0.0,0.0,-0.0205902051282051,-0.0152533596491228
1957-05-31,BM,-0.0152533596491228,0.0002770425407925456,-0.0010171576417004,0.03594712000762129,0.0,0.0,-0.0152533596491228,-0.021243856275303598
1957-06-30,BM,-0.021243856275303598,0.0024257901484480457,0.00045331961313540826,0.03459243332242166,0.0,0.0,-0.021243856275303598,0.019080225
1957-07-31,BM,0.019080225,0.001747283400809728,0.00319169520074225,0.034663817463370224,0.0,0.0,0.019080225,0.027601200000000003
1957-08-31,BM,0.027601200000000003,0.00288457891363024,0.004944297337494387,0.03537453428662209,0.0,0.0,0.027601200000000003,0.029211200000000003
1957-09-30,BM,0.029211200000000003,0.0016534292632805862,0.003949910158007204,0.03441926521311834,0.0,0.0,0.029211200000000003,-0.00664724999999999
1957-10-31,BM,-0.00664724999999999,0.0036567667924181156,0.002798098726383273,0.03453262734848085,0.0,0.0,-0.00664724999999999,-0.039568400000000004
1957-11-30,BM,-0.039568400000000004,0.0006031869555882801,-0.002744445290710744,0.03562541788228859,0.0,0.0,-0.039568400000000004,0.0177106
1957-12-31,BM,0.0177106,0.0005030829928843159,0.001937042743477289,0.034165596828542845,0.0,0.0,0.0177106,0.0742637
1958-01-31,BM,0.0742637,-0.00499554544534412,0.0016093916751012231,0.03337755220326298,0.0,0.0,0.0742637,0.015075375
1958-02-28,BM,0.015075375,0.005556762946264272,0.006349980617408915,0.030571726201483927,0.0,0.0,0.015075375,-0.00193697500000001
1958-03-31,BM,-0.00193697500000001,0.00723992990430623,0.006475187828947376,0.0305310381651427,0.0,0.0,-0.00193697500000001,0.011952025
1958-04-30,BM,0.011952025,0.008935678097779419,0.009187040339631134,0.02933009271728848,0.0,0.0,0.011952025,0.016861475
1958-05-31,BM,0.016861475,0.01140889488406331,0.01186327656039137,0.028345938684382354,0.0,0.0,0.016861475,-0.00246197499999998
1958-06-30,BM,-0.00246197499999998,0.01487301590909091,0.013428433333333337,0.026829679356109134,0.0,0.0,-0.00246197499999998,0.0163312
1958-07-31,BM,0.0163312,0.012914634090909096,0.013199347916666668,0.02678873946202714,0.0,0.0,0.0163312,0.00408347500000003
1958-08-31,BM,0.00408347500000003,0.011890088636363639,0.011239537500000006,0.02649802341647284,0.0,0.0,0.00408347500000003,0.04297515
1958-09-30,BM,0.04297515,0.009605750000000007,0.012386533333333338,0.02762077437729437,0.0,0.0,0.04297515,0.00940732243589742
1958-10-31,BM,0.00940732243589742,0.014116877272727278,0.01372441436965812,0.02699678538236838,0.0,0.0,0.00940732243589742,-0.029194650000000003
1958-11-30,BM,-0.029194650000000003,0.018569215675990677,0.014588893536324789,0.02524434187365027,0.0,0.0,-0.029194650000000003,0.005338499999999971
1958-12-31,BM,0.005338499999999971,0.014305102039627043,0.013557885202991454,0.02535764857556744,0.0,0.0,0.005338499999999971,0.08710872500000001
1959-01-31,BM,0.08710872500000001,0.008039174766899766,0.014628303952991454,0.028258376526702905,0.0,0.0,0.08710872500000001,-0.023125075000000002
1959-02-28,BM,-0.023125075000000002,0.014587661130536132,0.01144493311965812,0.030282617027941876,0.0,0.0,-0.023125075000000002,0.01872885
1959-03-31,BM,0.01872885,0.01266147022144522,0.013167085202991452,0.03003905960471247,0.0,0.0,0.01872885,-0.057621000000000006
1959-04-30,BM,-0.057621000000000006,0.013277545221445223,0.007369333119658119,0.03634669624358986,0.0,0.0,-0.057621000000000006,0.037769425
1959-05-31,BM,0.037769425,0.006506411130536131,0.009111662286324788,0.03733088156645814,0.0,0.0,0.037769425,-0.019296374999999998
1959-06-30,BM,-0.019296374999999998,0.01016381113053613,0.007708795619658118,0.038113458595989955,0.0,0.0,-0.019296374999999998,0.006929463414634161
1959-07-31,BM,0.006929463414634161,0.006924940675990674,0.006925317570877631,0.038016609330400505,0.0,0.0,0.006929463414634161,0.00812278048780486
1959-08-31,BM,0.00812278048780486,0.007183666895502868,0.007261926361528034,0.03800704075597249,0.0,0.0,0.00812278048780486,0.0100508536585366
1959-09-30,BM,0.0100508536585366,0.004015269667121493,0.004518234999739418,0.036346684583878096,0.0,0.0,0.0100508536585366,-0.0277171707317073
1959-10-31,BM,-0.0277171707317073,0.004073772505543236,0.0014245272357723583,0.03745574619905198,0.0,0.0,-0.0277171707317073,-0.00408236585365855
1959-11-30,BM,-0.00408236585365855,0.004208088802660755,0.0035172175813008126,0.036272330775702015,0.0,0.0,-0.00408236585365855,-0.0075995609756097605
1959-12-31,BM,-0.0075995609756097605,0.003351646452328162,0.0024390458333333354,0.03640531682315682,0.0,0.0,-0.0075995609756097605,0.034098170731707296
1960-01-31,BM,0.034098170731707296,-0.0052581977272727265,-0.0019785003556910576,0.027266341338889666,0.0,0.0,0.034098170731707296,0.0162213658536586
1960-02-29,BM,0.0162213658536586,-5.608447893569899e-05,0.0013003697154471592,0.026854883953350773,0.0,0.0,0.0162213658536586,-0.0306402926829268
1960-03-31,BM,-0.0306402926829268,-0.0002840375831485534,-0.002813725508130074,0.02771015132162551,0.0,0.0,-0.0306402926829268,-0.012187048780487798
1960-04-30,BM,-0.012187048780487798,0.002168753991130829,0.0009724370934959432,0.02207091643261609,0.0,0.0,-0.012187048780487798,-0.0388849756097561
1960-05-31,BM,-0.0388849756097561,-0.0023727436252771526,-0.005415429623983732,0.021539215415636852,0.0,0.0,-0.0388849756097561,0.0251094390243903
1960-06-30,BM,0.0251094390243903,-0.004153525498891344,-0.0017149451219512074,0.022719794618958948,0.0,0.0,0.0251094390243903,0.0147589024390244
1960-07-31,BM,0.0147589024390244,-0.002500800443458968,-0.0010624918699186875,0.023099848984878775,0.0,0.0,0.0147589024390244,0.015670926829268298
1960-08-31,BM,0.015670926829268298,-0.0018975166297117373,-0.00043347967479673435,0.0234724663679571,0.0,0.0,0.015670926829268298,-0.00359478048780486
1960-09-30,BM,-0.00359478048780486,-0.0013866008869179464,-0.0015706158536585226,0.02324783290869811,0.0,0.0,-0.00359478048780486,-0.0142083658536585
1960-10-31,BM,-0.0142083658536585,0.0008063436807095484,-0.00044488211382112257,0.022168655513613234,0.0,0.0,-0.0142083658536585,-0.045627195121951195
1960-11-30,BM,-0.045627195121951195,-0.00011420177383590178,-0.003906951219512176,0.025744057056461666,0.0,0.0,-0.045627195121951195,-0.0127541219512195
1960-12-31,BM,-0.0127541219512195,-0.0035712594235033047,-0.0043364979674796545,0.025854038104205432,0.0,0.0,-0.0127541219512195,0.0376461951219512
1961-01-31,BM,0.0376461951219512,-0.00783055875831483,-0.004040829268292663,0.026349086357283998,0.0,0.0,0.0376461951219512,0.055025439024390305
1961-02-28,BM,0.055025439024390305,-0.0058828470066518675,-0.000807156504065021,0.031027562079851745,0.0,0.0,0.055025439024390305,0.0181986585365854
1961-03-31,BM,0.0181986585365854,0.0019049467849224144,0.003262756097560996,0.02994273386267983,0.0,0.0,0.0181986585365854,0.009263
1961-04-30,BM,0.009263,0.0046672838137472505,0.005050260162601646,0.029574566514324954,0.0,0.0,0.009263,-0.00319426829268292
1961-05-31,BM,-0.00319426829268292,0.009044372505543258,0.008024485772357743,0.02637615989859218,0.0,0.0,-0.00319426829268292,0.000305219512195136
1961-06-30,BM,0.000305219512195136,0.006471308203991149,0.005957467479674814,0.025882848988648205,0.0,0.0,0.000305219512195136,0.00108654166666666
1961-07-31,BM,0.00108654166666666,0.005157337028824853,0.004818104081978337,0.025760829078571072,0.0,0.0,0.00108654166666666,-0.0156926458333333
1961-08-31,BM,-0.0156926458333333,0.0038314838322247038,0.002204473026761536,0.026147758040447614,0.0,0.0,-0.0156926458333333,-0.030091687500000002
1961-09-30,BM,-0.030091687500000002,0.0027316778917221177,-3.602557588059177e-06,0.027751594918899294,0.0,0.0,-0.030091687500000002,-0.030232770833333297
1961-10-31,BM,-0.030232770833333297,0.0012877395602365266,-0.0013389696392276257,0.02886062129584289,0.0,0.0,-0.030232770833333297,0.00966216666666663
1961-11-30,BM,0.00966216666666663,0.002687232677383608,0.0032684771764905263,0.02534691189205377,0.0,0.0,0.00966216666666663,0.0199090208333333
1961-12-31,BM,0.0199090208333333,0.0047250770971914375,0.0059904057418699265,0.025223370541310155,0.0,0.0,0.0199090208333333,0.109960916666667
1962-01-31,BM,0.109960916666667,0.0031126067073170833,0.012016632537262909,0.03857742611721346,0.0,0.0,0.109960916666667,0.007813416666666661
1962-02-28,BM,0.007813416666666661,0.008106741038433146,0.00808229734078594,0.03612171033284366,0.0,0.0,0.007813416666666661,0.0106181041666667
1962-03-31,BM,0.0106181041666667,0.007162628141167807,0.007450584476626047,0.03599477026378576,0.0,0.0,0.0106181041666667,0.00875035416666663
1962-04-30,BM,0.00875035416666663,0.0072858194290465975,0.007407863990514935,0.035992727801483416,0.0,0.0,0.00875035416666663,0.0065708333333333105
1962-05-31,BM,0.0065708333333333105,0.008371694198078376,0.00822162245934962,0.03584130422968334,0.0,0.0,0.0065708333333333105,0.052319708333333395
1962-06-30,BM,0.052319708333333395,0.008941295454545483,0.012556163194444475,0.03788391695123534,0.0,0.0,0.052319708333333395,-0.021063701754386002
1962-07-31,BM,-0.021063701754386002,0.013598856060606094,0.01071030957602342,0.03901626676315281,0.0,0.0,-0.021063701754386002,0.0302904912280702
1962-08-31,BM,0.0302904912280702,0.013110578249601303,0.014542237664473712,0.038441245815289404,0.0,0.0,0.0302904912280702,-0.00351019298245613
1962-09-30,BM,-0.00351019298245613,0.018599867224880412,0.016757362207602367,0.03634411898646061,0.0,0.0,-0.00351019298245613,-0.0181618421052632
1962-10-31,BM,-0.0181618421052632,0.021029192484051065,0.01776327293494154,0.03507003484440343,0.0,0.0,-0.0181618421052632,-0.028408701754386
1962-11-30,BM,-0.028408701754386,0.018499737141148352,0.01459070056652049,0.03750687394284846,0.0,0.0,-0.028408701754386,-0.0213102280701754
1962-12-31,BM,-0.0213102280701754,0.014107216905901145,0.011155763157894766,0.03883932885984444,0.0,0.0,-0.0213102280701754,0.0646264385964912
1963-01-31,BM,0.0646264385964912,0.0021734764752791057,0.007377889985380114,0.02941677782334891,0.0,0.0,0.0646264385964912,0.0351197192982456
1963-02-28,BM,0.0351197192982456,0.0073382966507177,0.00965341520467836,0.030490085158116412,0.0,0.0,0.0351197192982456,0.00594778947368418
1963-03-31,BM,0.00594778947368418,0.009565716208133963,0.009264222313596483,0.030506454766205997,0.0,0.0,0.00594778947368418,0.000493035087719278
1963-04-30,BM,0.000493035087719278,0.009310937599681015,0.00857611239035087,0.030612043571874293,0.0,0.0,0.000493035087719278,0.0469203859649123
1963-05-31,BM,0.0469203859649123,0.008758410486443375,0.011938575109649118,0.03252783092775377,0.0,0.0,0.0469203859649123,-0.014274
1963-06-30,BM,-0.014274,0.008267562998405092,0.006389099415204669,0.030638004683964864,0.0,0.0,-0.014274,-0.0198549204545455
1963-07-31,BM,-0.0198549204545455,0.008884808612440183,0.006489831190191378,0.03054137456771781,0.0,0.0,-0.0198549204545455,-0.00966669318181823
1963-08-31,BM,-0.00966669318181823,0.004326134823111483,0.003160065822700675,0.029881652896439518,0.0,0.0,-0.00966669318181823,0.0168506136363636
1963-09-30,BM,0.0168506136363636,0.003766452986805838,0.00485679970760232,0.03004608105507961,0.0,0.0,0.0168506136363636,-0.00468685070532915
1963-10-31,BM,-0.00468685070532915,0.006949403508771912,0.005979715657596823,0.02935136509753813,0.0,0.0,-0.00468685070532915,0.00410914772727274
1963-11-30,BM,0.00410914772727274,0.009105935422322534,0.008689536447735052,0.02731857042659973,0.0,0.0,0.00410914772727274,-0.0195283968129572
1963-12-31,BM,-0.0195283968129572,0.011416787767545093,0.008838022385836567,0.027144978610103968,0.0,0.0,-0.0195283968129572,0.0282830101604278
1964-01-31,BM,0.0282830101604278,0.0037663481848679643,0.005809403349497952,0.02186952688565555,0.0,0.0,0.0282830101604278,0.0250352398299079
1964-02-29,BM,0.0250352398299079,0.0031448291723390736,0.00496903006046981,0.020808874217951134,0.0,0.0,0.0250352398299079,0.061592564230949796
1964-03-31,BM,0.061592564230949796,0.004880051931995775,0.009606094623575277,0.026475271390524684,0.0,0.0,0.061592564230949796,0.0267454177631579
1964-04-30,BM,0.0267454177631579,0.010434554581380368,0.01179379317986183,0.026737131469043576,0.0,0.0,0.0267454177631579,-0.006927579166666659
1964-05-31,BM,-0.006927579166666659,0.00860046656303906,0.00730646275223025,0.02475074808891779,0.0,0.0,-0.006927579166666659,0.00596583947899468
1964-06-30,BM,0.00596583947899468,0.009268323002432998,0.008993116042146473,0.023818514851204356,0.0,0.0,0.00596583947899468,-0.00429625925925926
1964-07-31,BM,-0.00429625925925926,0.011615664814573016,0.01028967114175366,0.022491945571609724,0.0,0.0,-0.00429625925925926,-0.0088968148148148
1964-08-31,BM,-0.0088968148148148,0.012103886080260196,0.010353827672337279,0.02243086174565639,0.0,0.0,-0.0088968148148148,-0.00563142814814815
1964-09-30,BM,-0.00563142814814815,0.009763210766516704,0.008480324190294633,0.022775144221472407,0.0,0.0,-0.00563142814814815,0.0164704725890356
1964-10-31,BM,0.0164704725890356,0.009677340089896794,0.01024343446482503,0.022480182019680536,0.0,0.0,0.0164704725890356,-0.0191238767346939
1964-11-30,BM,-0.0191238767346939,0.010801096895511599,0.008307349092994475,0.02400525093035865,0.0,0.0,-0.0191238767346939,-0.0195360853061224
1964-12-31,BM,-0.0195360853061224,0.01083787144808099,0.00830670838523071,0.024006061504612226,0.0,0.0,-0.0195360853061224,-0.00843161265306124
1965-01-31,BM,-0.00843161265306124,0.0064906809511218804,0.005247156484106621,0.0235642050251389,0.0,0.0,-0.00843161265306124,0.0296329027611044
1965-02-28,BM,0.0296329027611044,0.0034482398163065055,0.005630295061706331,0.023949424324234497,0.0,0.0,0.0296329027611044,0.011696412965186101
1965-03-31,BM,0.011696412965186101,0.00054281604632056,0.0014722824562260223,0.01653337552842912,0.0,0.0,0.011696412965186101,0.0296135977237049
1965-04-30,BM,0.0296135977237049,-0.0008252752989496033,0.0017112974529382725,0.016947497237382494,0.0,0.0,0.0296135977237049,0.005081252354788069
1965-05-31,BM,0.005081252354788069,0.0024966498729023564,0.0027120334130595,0.01674434239858387,0.0,0.0,0.005081252354788069,-0.0208166106750392
1965-06-30,BM,-0.0208166106750392,0.0024162328616108464,0.0004801625668900096,0.018008427055114243,0.0,0.0,-0.0208166106750392,0.014774490909090901
1965-07-31,BM,0.014774490909090901,0.0009143827329035789,0.0020693917475858564,0.018386120554822444,0.0,0.0,0.014774490909090901,0.00585834545454546
1965-08-31,BM,0.00585834545454546,0.0030663196168950065,0.003298988436699211,0.018076854380497453,0.0,0.0,0.00585834545454546,0.0144999090909091
1965-09-30,BM,0.0144999090909091,0.004110844489867153,0.004976599873287316,0.01810684207386746,0.0,0.0,0.0144999090909091,0.00809420437710439
1965-10-31,BM,0.00809420437710439,0.003931702353673835,0.004278577522293048,0.017782009688482887,0.0,0.0,0.00809420437710439,0.0007371326599326621
1965-11-30,BM,0.0007371326599326621,0.006406073363837316,0.005933661638511928,0.016265395167364992,0.0,0.0,0.0007371326599326621,0.0356924643097643
1965-12-31,BM,0.0356924643097643,0.00824909317893323,0.010536040773169152,0.01621696497237954,0.0,0.0,0.0356924643097643,0.0389551252525253
1966-01-31,BM,0.0389551252525253,0.01226037290282646,0.0144849355986347,0.01693204794600884,0.0,0.0,0.0389551252525253,0.0301003928571429
1966-02-28,BM,0.0301003928571429,0.013107847674773816,0.014523893106637905,0.01697056303799784,0.0,0.0,0.0301003928571429,-0.005235625000000001
1966-03-31,BM,-0.005235625000000001,0.014780936755860796,0.013112889942872399,0.017905186807716852,0.0,0.0,-0.005235625000000001,0.010148881892230599
1966-04-30,BM,0.010148881892230599,0.011612825599160352,0.011490830290249538,0.01713977807501245,0.0,0.0,0.010148881892230599,-0.057331649122807
1966-05-31,BM,-0.057331649122807,0.012073519193473308,0.006289755167116616,0.02628917632631972,0.0,0.0,-0.057331649122807,0.006254298245614049
1966-06-30,BM,0.006254298245614049,0.008753970243676235,0.00854566424383772,0.02487515260794653,0.0,0.0,0.006254298245614049,-0.0096833188405797
1966-07-31,BM,-0.0096833188405797,0.00797940727426925,0.006507513431365171,0.02531645930257543,0.0,0.0,-0.0096833188405797,-0.0102804492753623
1966-08-31,BM,-0.0102804492753623,0.006566528701985145,0.005162613870539525,0.025778538365089622,0.0,0.0,-0.0102804492753623,0.0033707797101449398
1966-09-30,BM,0.0033707797101449398,0.004313768850505926,0.004235186422142511,0.025611729504282553,0.0,0.0,0.0033707797101449398,-0.0158287654623392
1966-10-31,BM,-0.0158287654623392,0.0038843666080550666,0.0022416056021888784,0.026208162056233456,0.0,0.0,-0.0158287654623392,-0.0547973423913043
1966-11-30,BM,-0.0547973423913043,0.002378375869666716,-0.002386267318747535,0.030968777529115213,0.0,0.0,-0.0547973423913043,0.00751917698412697
1966-12-31,BM,0.00751917698412697,-0.005847970194066793,-0.004734041262550647,0.028812403441183666,0.0,0.0,0.00751917698412697,0.0332250849094567
1967-01-31,BM,0.0332250849094567,-0.008705783673012097,-0.00521154462447303,0.028060189184979798,0.0,0.0,0.0332250849094567,0.0103662816901408
1967-02-28,BM,0.0103662816901408,-0.00842172075916539,-0.00685605388838987,0.026327309021447764,0.0,0.0,0.0103662816901408,0.00438773297318155
1967-03-31,BM,0.00438773297318155,-0.007003365605516223,-0.006054107390624741,0.026526965248766014,0.0,0.0,0.00438773297318155,-0.0209627187975647
1967-04-30,BM,-0.0209627187975647,-0.007527106416338866,-0.008646740781441016,0.026318931306008517,0.0,0.0,-0.0209627187975647,0.033791047222222204
1967-05-31,BM,0.033791047222222204,-0.004220840023135019,-0.0010531827526885824,0.024042287865718142,0.0,0.0,0.033791047222222204,0.0266479448542325
1967-06-30,BM,0.0266479448542325,-0.001717499207079732,0.0006462877980296218,0.025293985009591628,0.0,0.0,0.0266479448542325,0.0482274152542373
1967-07-31,BM,0.0482274152542373,0.0015853429469941044,0.005472182305931039,0.02846917675694295,0.0,0.0,0.0482274152542373,0.0453533234463277
1967-08-31,BM,0.0453533234463277,0.00690423972241225,0.010108330032738538,0.030150935316994674,0.0,0.0,0.0453533234463277,0.0073535484463277
1967-09-30,BM,0.0073535484463277,0.010720834607519774,0.010440227427420436,0.030091889985747668,0.0,0.0,0.0073535484463277,-0.0133460640756303
1967-10-31,BM,-0.0133460640756303,0.012828317690125853,0.010647119209646177,0.02990280360460139,0.0,0.0,-0.0133460640756303,-0.0156861344537815
1967-11-30,BM,-0.0156861344537815,0.01659661571882349,0.013906386537773076,0.023585325001400922,0.0,0.0,-0.0156861344537815,0.0260900668067227
1967-12-31,BM,0.0260900668067227,0.014487041951740902,0.015453960689656052,0.023736908161199992,0.0,0.0,0.0260900668067227,0.104753853531495
1968-01-31,BM,0.104753853531495,0.01383840394240145,0.021414691408159246,0.03494169582283648,0.0,0.0,0.104753853531495,0.0233786878299528
1968-02-29,BM,0.0233786878299528,0.022419092291615466,0.02249905858647691,0.03476913845149378,0.0,0.0,0.0233786878299528,-0.00337754415208707
1968-03-31,BM,-0.00337754415208707,0.024145542733140124,0.021851952159371194,0.03520637386550288,0.0,0.0,-0.00337754415208707,0.00365963537610165
1968-04-30,BM,0.00365963537610165,0.02574419497363809,0.023903815007176723,0.0331411842321068,0.0,0.0,0.00365963537610165,0.00109600468513156
1968-05-31,BM,0.00109600468513156,0.02300497571489986,0.021179228129085837,0.03359528833618822,0.0,0.0,0.00109600468513156,0.0479717020118506
1968-06-30,BM,0.0479717020118506,0.02068207206316341,0.02295620789222068,0.0344635714018882,0.0,0.0,0.0479717020118506,0.0627784532374101
1968-07-31,BM,0.0627784532374101,0.020658825404764616,0.024168794390818413,0.03566848392693083,0.0,0.0,0.0627784532374101,0.053905345323741
1968-08-31,BM,0.053905345323741,0.022242928113044836,0.02488146288060285,0.03621153964197997,0.0,0.0,0.053905345323741,0.0264809136690648
1968-09-30,BM,0.0264809136690648,0.026474909647355136,0.026475409982497606,0.035788360329372874,0.0,0.0,0.0264809136690648,0.0329917194244604
1968-10-31,BM,0.0329917194244604,0.030095543987781966,0.030336891940838506,0.033529707402298804,0.0,0.0,0.0329917194244604,-0.028119446043165398
1968-11-30,BM,-0.028119446043165398,0.034520803431258504,0.029300782641723176,0.0352301475825169,0.0,0.0,-0.028119446043165398,-0.0110683525179856
1968-12-31,BM,-0.0110683525179856,0.02959266589945049,0.02620424769799749,0.037120310930102395,0.0,0.0,-0.0110683525179856,0.0149107173913044
1969-01-31,BM,0.0149107173913044,0.019063374440406802,0.018717319686314935,0.027702882154926566,0.0,0.0,0.0149107173913044,0.020654355072463798
1969-02-28,BM,0.020654355072463798,0.01829355894598422,0.018490291956524185,0.027672355307028614,0.0,0.0,0.020654355072463798,0.00629943749348346
1969-03-31,BM,0.00629943749348346,0.020478277057307023,0.019296707093655063,0.027112497525223933,0.0,0.0,0.00629943749348346,0.0015747826086956601
1969-04-30,BM,0.0015747826086956601,0.020718259067978098,0.0191229693630379,0.02722824255766633,0.0,0.0,0.0015747826086956601,0.0127270329283887
1969-05-31,BM,0.0127270329283887,0.020761784333756653,0.02009222171664266,0.026730663812537976,0.0,0.0,0.0127270329283887,0.00181900756843802
1969-06-30,BM,0.00181900756843802,0.01755772350798739,0.01624616384635828,0.025653196268203268,0.0,0.0,0.00181900756843802,0.028547986333927602
1969-07-31,BM,0.028547986333927602,0.012015955719899019,0.013393624937734737,0.02158995643678513,0.0,0.0,0.028547986333927602,-0.0414448605781316
1969-08-31,BM,-0.0414448605781316,0.00971074126627962,0.005447774445912021,0.022835000911567566,0.0,0.0,-0.0414448605781316,-0.00490880624214495
1969-09-30,BM,-0.00490880624214495,0.003535670880170856,0.0028319644533112078,0.021988770290771006,0.0,0.0,-0.00490880624214495,-0.061195521918941294
1969-10-31,BM,-0.061195521918941294,9.016854684309717e-05,-0.0050169723253056,0.026576142234027336,0.0,0.0,-0.061195521918941294,-0.00113437162837162
1969-11-30,BM,-0.00113437162837162,-0.0029167474418638024,-0.0027682161240727855,0.025566085737540874,0.0,0.0,-0.00113437162837162,-0.00202356929146798
1969-12-31,BM,-0.00202356929146798,-0.0020136582700807136,-0.00201448418852965,0.025432114687236152,0.0,0.0,-0.00202356929146798,0.0523622968854097
1970-01-31,BM,0.0523622968854097,-0.0035531388776054757,0.001106480769312458,0.029646713502266584,0.0,0.0,0.0523622968854097,0.0268390218830148
1970-02-28,BM,0.0268390218830148,-0.0006705987127922118,0.0016218696701917085,0.030068196139785938,0.0,0.0,0.0268390218830148,0.0606107662778191
1970-03-31,BM,0.0606107662778191,0.0011966362317106377,0.006147813735553012,0.034584627242011244,0.0,0.0,0.0606107662778191,0.10724766605596299
1970-04-30,BM,0.10724766605596299,0.006563543837994587,0.014953887356158622,0.045153037943039,0.0,0.0,0.10724766605596299,-0.000320026238578262
1970-05-31,BM,-0.000320026238578262,0.015156328667774067,0.013866632425578042,0.04536810380030613,0.0,0.0,-0.000320026238578262,0.0487765444714561
1970-06-30,BM,0.0487765444714561,0.014961871048954405,0.017779760500829547,0.04625101385143462,0.0,0.0,0.0487765444714561,0.00320789017341041
1970-07-31,BM,0.00320789017341041,0.016800830879638812,0.015668085820786447,0.046293131026826376,0.0,0.0,0.00320789017341041,-0.00536644508670528
1970-08-31,BM,-0.00536644508670528,0.02086017185705172,0.018674620445071975,0.043322979018807384,0.0,0.0,-0.00536644508670528,-0.0749653210108885
1970-09-30,BM,-0.0749653210108885,0.020818568325728058,0.012836577547676678,0.05085536827371477,0.0,0.0,-0.0749653210108885,0.0238147709168672
1970-10-31,BM,0.0238147709168672,0.019566768408278312,0.019920768617327386,0.045213124729327515,0.0,0.0,0.0238147709168672,-0.0118338547179898
1970-11-30,BM,-0.0118338547179898,0.021834872276027293,0.019029145026525873,0.045768181073513124,0.0,0.0,-0.0118338547179898,0.0428953459636461
1970-12-31,BM,0.0428953459636461,0.020943028146343495,0.022772387964452048,0.04572668481041822,0.0,0.0,0.0428953459636461,0.048537648690189804
1971-01-31,BM,0.048537648690189804,0.020082396244364985,0.022453667281517056,0.045514526848922904,0.0,0.0,0.048537648690189804,-0.0213606958032612
1971-02-28,BM,-0.0213606958032612,0.022054998681380892,0.018437024140994056,0.04718836500396213,0.0,0.0,-0.0213606958032612,-0.025317910707084203
1971-03-31,BM,-0.025317910707084203,0.014603047583100869,0.011276301058918782,0.046724256933881304,0.0,0.0,-0.025317910707084203,0.00567511284964452
1971-04-30,BM,0.00567511284964452,0.0025516315137329407,0.0028119216250589076,0.03564450719614013,0.0,0.0,0.00567511284964452,-0.023476070271541902
1971-05-31,BM,-0.023476070271541902,0.0030966441581168295,0.0008822512889786046,0.036447229243831376,0.0,0.0,-0.023476070271541902,-0.025908898205404
1971-06-30,BM,-0.025908898205404,-0.0034717753639738978,-0.005341535600759738,0.033806241768846966,0.0,0.0,-0.025908898205404,0.00831004639175262
1971-07-31,BM,0.00831004639175262,-0.006118756125684298,-0.004916355915897887,0.03395529880262134,0.0,0.0,0.00831004639175262,0.020920149591368
1971-08-31,BM,0.020920149591368,-0.004875438718551762,-0.0027258063593917797,0.034761951290533256,0.0,0.0,0.020920149591368,-0.0400098042692142
1971-09-30,BM,-0.0400098042692142,0.0038414222452897375,0.0001871533690810783,0.029173541629482838,0.0,0.0,-0.0400098042692142,-0.00195152334304836
1971-10-31,BM,-0.00195152334304836,-0.001960811862535844,-0.0019600378192452185,0.02820869516234423,0.0,0.0,-0.00195152334304836,-0.023804125
1971-11-30,BM,-0.023804125,-0.0010624181011775315,-0.0029575603427460678,0.028795148866644617,0.0,0.0,-0.023804125,-0.00136776807593755
1971-12-31,BM,-0.00136776807593755,-0.007126006370599905,-0.0066461531793780395,0.02496822780711858,0.0,0.0,-0.00136776807593755,0.0636157478136909
1972-01-31,BM,0.0636157478136909,-0.011662862440247846,-0.005389644919086282,0.02817167078724136,0.0,0.0,0.0636157478136909,-0.0195678619580038
1972-02-29,BM,-0.0195678619580038,-0.003937731202343109,-0.005240242098648164,0.02808388878475033,0.0,0.0,-0.0195678619580038,-0.017485109603311698
1972-03-31,BM,-0.017485109603311698,-0.0034149994978812546,-0.004587508673333789,0.02766268273057799,0.0,0.0,-0.017485109603311698,-0.006361715049571131
1972-04-30,BM,-0.006361715049571131,-0.0055204742663318195,-0.0055905776649350925,0.02747431331476637,0.0,0.0,-0.006361715049571131,-0.0397076585612968
1972-05-31,BM,-0.0397076585612968,-0.003964623791607205,-0.006943210022414668,0.028802376487920903,0.0,0.0,-0.0397076585612968,-0.00114782715565512
1972-06-30,BM,-0.00114782715565512,-0.005219056551233822,-0.004879787434935594,0.02820080976576745,0.0,0.0,-0.00114782715565512,0.0129278195121951
1972-07-31,BM,0.0129278195121951,-0.0060788632373618,-0.004494973008232054,0.028427746607507045,0.0,0.0,0.0129278195121951,0.0229751414634146
1972-08-31,BM,0.0229751414634146,-0.006805438699104791,-0.004323723685561504,0.028600431283069522,0.0,0.0,0.0229751414634146,-0.00416836311091603
1972-09-30,BM,-0.00416836311091603,-0.0010795345415930808,-0.0013369369223699898,0.02631506380351425,0.0,0.0,-0.00416836311091603,0.0077256429616623
1972-10-31,BM,0.0077256429616623,-0.0012810654295810507,-0.0005305063969774347,0.026442488344246704,0.0,0.0,0.0077256429616623,0.0248706465455972
1972-11-30,BM,0.0248706465455972,0.001585277112388249,0.003525724565155665,0.026280615429190315,0.0,0.0,0.0248706465455972,-0.0123378843222312
1972-12-31,BM,-0.0123378843222312,0.003970587532527772,0.002611548211297861,0.02665445113184504,0.0,0.0,-0.0123378843222312,0.0518756766169154
1973-01-31,BM,0.0518756766169154,-0.00293428811619242,0.0016332089448999026,0.024325470419320337,0.0,0.0,0.0518756766169154,0.029648775000000002
1973-02-28,BM,0.029648775000000002,0.003560579026982053,0.005734595358066886,0.024573717871242986,0.0,0.0,0.029648775000000002,0.050667624472361804
1973-03-31,BM,0.050667624472361804,0.007845477627283116,0.011413989864373012,0.02651808962947129,0.0,0.0,0.050667624472361804,0.057757879165961104
1973-04-30,BM,0.057757879165961104,0.013029963038367927,0.01675728938233403,0.028958387146056707,0.0,0.0,0.057757879165961104,-0.0105204808417085
1973-05-31,BM,-0.0105204808417085,0.02189046646811865,0.019189554192299726,0.024696826266397947,0.0,0.0,-0.0105204808417085,0.0196478319489309
1973-06-30,BM,0.0196478319489309,0.021038407042113794,0.02092252578434856,0.023855298927078467,0.0,0.0,0.0196478319489309,-0.0694007214611872
1973-07-31,BM,-0.0694007214611872,0.02164931726363523,0.014061814036566698,0.03540591813944685,0.0,0.0,-0.0694007214611872,0.0159903812575929
1973-08-31,BM,0.0159903812575929,0.013251511543216883,0.013479750686081557,0.035303329517263546,0.0,0.0,0.0159903812575929,-0.0108609688160677
1973-09-30,BM,-0.0108609688160677,0.01508412466762679,0.012922033543985585,0.03565855494626383,0.0,0.0,-0.0108609688160677,0.0701597041226216
1973-10-31,BM,0.0701597041226216,0.013394432687833151,0.018124871974065527,0.0392094284519832,0.0,0.0,0.0701597041226216,0.023344680578671003
1973-11-30,BM,0.023344680578671003,0.017511619740289915,0.017997708143488344,0.03918803035536628,0.0,0.0,0.023344680578671003,0.0009526987974938179
1973-12-31,BM,0.0009526987974938179,0.02075548927673557,0.019105256736798762,0.03843327530951235,0.0,0.0,0.0009526987974938179,0.132800361570604
1974-01-31,BM,0.132800361570604,0.016126127656788156,0.025848980482939477,0.050050180170109065,0.0,0.0,0.132800361570604,0.0532184821455872
1974-02-28,BM,0.0532184821455872,0.02550354461775215,0.027813122745071747,0.05067147557878301,0.0,0.0,0.0532184821455872,0.0208631316043532
1974-03-31,BM,0.0208631316043532,0.02573544076986355,0.025329415006071027,0.05017744086439943,0.0,0.0,0.0208631316043532,0.0252950290843244
1974-04-30,BM,0.0252950290843244,0.02238137280971738,0.02262417749926797,0.049134423651954404,0.0,0.0,0.0252950290843244,-0.008454806824193209
1974-05-31,BM,-0.008454806824193209,0.02563732825753855,0.022796317000727578,0.04901121093424296,0.0,0.0,-0.008454806824193209,0.0310838578421556
1974-06-30,BM,0.0310838578421556,0.02308254291452727,0.0237493191584963,0.049055588679276375,0.0,0.0,0.0310838578421556,0.0664696711111112
1974-07-31,BM,0.0664696711111112,0.03221750466937661,0.0350718518728545,0.04054252540242372,0.0,0.0,0.0664696711111112,0.0262118965421027
1974-08-31,BM,0.0262118965421027,0.03680653101969646,0.035923644813230314,0.040211203435599016,0.0,0.0,0.0262118965421027,0.0548882426800317
1974-09-30,BM,0.0548882426800317,0.04017679150680286,0.0414027457712386,0.03765508420487761,0.0,0.0,0.0548882426800317,-0.09643279185520359
1974-10-31,BM,-0.09643279185520359,0.038788476830203776,0.027520037773086498,0.05347546322128782,0.0,0.0,-0.09643279185520359,-0.0285071503146983
1974-11-30,BM,-0.0285071503146983,0.027899615699851544,0.023199051865305728,0.05588416428876019,0.0,0.0,-0.0285071503146983,-0.0519432713081745
1974-12-31,BM,-0.0519432713081745,0.02522144759874317,0.018791054356500036,0.05975080159479254,0.0,0.0,-0.0519432713081745,0.20858170995996
1975-01-31,BM,0.20858170995996,0.008426571882490576,0.025106166722279704,0.07496395757966566,0.0,0.0,0.20858170995996,-0.0339053443500424
1975-02-28,BM,-0.0339053443500424,0.022550501683797197,0.0178458478476439,0.07620251349630952,0.0,0.0,-0.0339053443500424,0.024060301602740298
1975-03-31,BM,0.024060301602740298,0.017571549324306688,0.018112278680842826,0.07621960932621352,0.0,0.0,0.024060301602740298,-0.0574397838241571
1975-04-30,BM,-0.0574397838241571,0.017459301371435407,0.011217710938469369,0.0791947075696105,0.0,0.0,-0.0574397838241571,-0.000664131597740703
1975-05-31,BM,-0.000664131597740703,0.013006121644165959,0.011866933874007076,0.0790505770890844,0.0,0.0,-0.000664131597740703,0.0110868228453289
1975-06-30,BM,0.0110868228453289,0.01011994078599357,0.010200514290938184,0.07881908287336804,0.0,0.0,0.0110868228453289,0.0740461902851524
1975-07-31,BM,0.0740461902851524,0.005085136398195178,0.010831890888774951,0.07933942890689395,0.0,0.0,0.0740461902851524,-0.0348986237369207
1975-08-31,BM,-0.0348986237369207,0.00943370855665424,0.005739347532189666,0.08021886096059219,0.0,0.0,-0.0348986237369207,0.0053298161434977695
1975-09-30,BM,0.0053298161434977695,0.0012712661551131143,0.001609478654145173,0.07872022161962389,0.0,0.0,0.0053298161434977695,-0.0397118475336323
1975-10-31,BM,-0.0397118475336323,0.010522412336813239,0.006336224014276114,0.0738503806484705,0.0,0.0,-0.0397118475336323,-0.00471803139013455
1975-11-30,BM,-0.00471803139013455,0.00950380349872833,0.008318650591323093,0.07314595719113456,0.0,0.0,-0.00471803139013455,0.0176225334699592
1975-12-31,BM,0.0176225334699592,0.013797007127641052,0.014115800989500903,0.07064985437816125,0.0,0.0,0.0176225334699592,0.181014712272727
1976-01-31,BM,0.181014712272727,-0.0035629180078135675,0.011818551182231485,0.0638751265545123,0.0,0.0,0.181014712272727,0.210073617117117
1976-02-29,BM,0.210073617117117,0.01597526895789274,0.03215013130449477,0.08373891701912123,0.0,0.0,0.210073617117117,-0.0138787695931922
1976-03-31,BM,-0.0138787695931922,0.03288557036829062,0.02898854203816706,0.08478182431279724,0.0,0.0,-0.0138787695931922,0.00413569972520096
1976-04-30,BM,0.00413569972520096,0.036845662571105615,0.0341198323339469,0.0808474330004251,0.0,0.0,0.00413569972520096,-0.0264565650106264
1976-05-31,BM,-0.0264565650106264,0.03728201087319122,0.03197046288287309,0.08218798847782423,0.0,0.0,-0.0264565650106264,-0.0045527606211729
1976-06-30,BM,-0.0045527606211729,0.03386897561355892,0.03066716426066461,0.08267183555626625,0.0,0.0,-0.0045527606211729,0.0124417857142857
1976-07-31,BM,0.0124417857142857,0.026723616440256625,0.02553346387975905,0.08163951934392621,0.0,0.0,0.0124417857142857,-0.0106284975473377
1976-08-31,BM,-0.0106284975473377,0.031027290026729933,0.027555974395557636,0.08029586537577302,0.0,0.0,-0.0106284975473377,-0.013849452407523898
1976-09-30,BM,-0.013849452407523898,0.029576534236653976,0.02595770201630583,0.08096656971401968,0.0,0.0,-0.013849452407523898,0.00576566913718648
1976-10-31,BM,0.00576566913718648,0.0319276610663002,0.02974749507220739,0.07864437655480191,0.0,0.0,0.00576566913718648,-0.00890681930007646
1976-11-30,BM,-0.00890681930007646,0.03288072475060211,0.029398429413045563,0.07882035901274627,0.0,0.0,-0.00890681930007646,0.0448026791323392
1976-12-31,BM,0.0448026791323392,0.030468965407871595,0.031663441551577236,0.07884172566730244,0.0,0.0,0.0448026791323392,0.11049571654971899
1977-01-31,BM,0.11049571654971899,0.018086053304199975,0.0257868585746599,0.06866950464740866,0.0,0.0,0.11049571654971899,0.024670800994390597
1977-02-28,BM,0.024670800994390597,0.009033516888981975,0.010336623897766033,0.03698356974916976,0.0,0.0,0.024670800994390597,0.0219580888846593
1977-03-31,BM,0.0219580888846593,0.012538023306034957,0.013323028770920326,0.036290843502098186,0.0,0.0,0.0219580888846593,0.029112642754904397
1977-04-30,BM,0.029112642754904397,0.01415824050234935,0.015404440690062277,0.03643199908531304,0.0,0.0,0.029112642754904397,0.024783346596770502
1977-05-31,BM,0.024783346596770502,0.01920998666285215,0.01967443332401202,0.03400136650125688,0.0,0.0,0.024783346596770502,-0.00998944428303757
1977-06-30,BM,-0.00998944428303757,0.021876905500847005,0.019221376352189963,0.03438756083801835,0.0,0.0,-0.00998944428303757,0.0138811318591319
1977-07-31,BM,0.0138811318591319,0.019837702773817616,0.01934132186426048,0.03436426587868465,0.0,0.0,0.0138811318591319,-0.0270436587633088
1977-08-31,BM,-0.0270436587633088,0.02206585090167849,0.017973391762929555,0.035955593852696685,0.0,0.0,-0.0270436587633088,-0.0069688442183722795
1977-09-30,BM,-0.0069688442183722795,0.020866377596607137,0.018546775778692192,0.03545333490685836,0.0,0.0,-0.0069688442183722795,0.00593222107711347
1977-10-31,BM,0.00593222107711347,0.01970869456428361,0.01856065510701944,0.035447908654691655,0.0,0.0,0.00593222107711347,0.016181592943496498
1977-11-30,BM,0.016181592943496498,0.02105769823493724,0.020651356127317184,0.03440512901153382,0.0,0.0,0.016181592943496498,-0.013697635075210799
1977-12-31,BM,-0.013697635075210799,0.018455781308678813,0.015776329943354685,0.03481407520413357,0.0,0.0,-0.013697635075210799,0.0593342849056604
1978-01-31,BM,0.0593342849056604,0.007165476615503378,0.011512877306349804,0.0234319654556573,0.0,0.0,0.0593342849056604,0.032054481654540196
1978-02-28,BM,0.032054481654540196,0.010316702425618817,0.012128184028028939,0.02390114181628274,0.0,0.0,0.032054481654540196,0.055288575626716296
1978-03-31,BM,0.055288575626716296,0.011234556313789806,0.01490572458986702,0.026896309270185992,0.0,0.0,0.055288575626716296,0.00119402828133079
1978-04-30,BM,0.00119402828133079,0.013614186574863614,0.012579173383735884,0.02676284055732513,0.0,0.0,0.00119402828133079,0.0332069615694165
1978-05-31,BM,0.0332069615694165,0.011469703091641824,0.013281141298123052,0.027218637792129394,0.0,0.0,0.0332069615694165,0.00828848566936208
1978-06-30,BM,0.00828848566936208,0.015396649078228557,0.01480430212748969,0.026293730510665216,0.0,0.0,0.00828848566936208,-0.022268456149545802
1978-07-31,BM,-0.022268456149545802,0.014888226697340391,0.011791836460099882,0.028395903475355946,0.0,0.0,-0.022268456149545802,0.0170952524126239
1978-08-31,BM,0.0170952524126239,0.015322336025864297,0.015470079058094275,0.025632326153087404,0.0,0.0,0.0170952524126239,0.0426915304968028
1978-09-30,BM,0.0426915304968028,0.01750998117413668,0.019608443617692196,0.025688991257462643,0.0,0.0,0.0426915304968028,-0.0175990792114457
1978-10-31,BM,-0.0175990792114457,0.020851736575926618,0.01764750192697893,0.02765104662562073,0.0,0.0,-0.0175990792114457,-0.0176204834123223
1978-11-30,BM,-0.0176204834123223,0.01778076638002278,0.014830662230660699,0.029475492199858375,0.0,0.0,-0.0176204834123223,-0.0362770932601167
1978-12-31,BM,-0.0362770932601167,0.017424143803921738,0.012949040715251874,0.03206882368008606,0.0,0.0,-0.0362770932601167,0.0726367359485321
1979-01-31,BM,0.0726367359485321,0.008732200334305636,0.014057578302157848,0.03399035664199085,0.0,0.0,0.0726367359485321,0.011610533630394
1979-02-28,BM,0.011610533630394,0.012421496179213991,0.012353915966812332,0.03351533937042609,0.0,0.0,0.011610533630394,0.00121296757377202
1979-03-31,BM,0.00121296757377202,0.008450765088639236,0.007847615295733643,0.030738061224703454,0.0,0.0,0.00121296757377202,0.0244042144964782
1979-04-30,BM,0.0244042144964782,0.00845248684249753,0.009781797480329259,0.031010365590538182,0.0,0.0,0.0244042144964782,0.0175966920405089
1979-05-31,BM,0.0175966920405089,0.007652237108594049,0.008480941686253627,0.03025662672640263,0.0,0.0,0.0175966920405089,-0.015450835464405802
1979-06-30,BM,-0.015450835464405802,0.008498437687789214,0.006502664925106302,0.031036383400506403,0.0,0.0,-0.015450835464405802,0.0013118113207547099
1979-07-31,BM,0.0013118113207547099,0.009118221386438306,0.008467687214298013,0.029769813635018093,0.0,0.0,0.0013118113207547099,-0.0118444228749444
1979-08-31,BM,-0.0118444228749444,0.007683363105359287,0.006056047607000654,0.030176774197116195,0.0,0.0,-0.0118444228749444,-0.015840486602002
1979-09-30,BM,-0.015840486602002,0.0027255491624731784,0.0011783795154335873,0.02839464508100756,0.0,0.0,-0.015840486602002,-0.0370415753159573
1979-10-31,BM,-0.0370415753159573,0.0028854212178771516,-0.0004418284932757131,0.030068838695137726,0.0,0.0,-0.0370415753159573,-0.0522993637156271
1979-11-30,BM,-0.0522993637156271,0.001119867408455788,-0.0033317351852177796,0.033356701264129936,0.0,0.0,-0.0522993637156271,-0.0333237723855093
1979-12-31,BM,-0.0333237723855093,-0.00033670263295424834,-0.0030856251123338296,0.03310144674975173,0.0,0.0,-0.0333237723855093,0.061282861735798805
1980-01-31,BM,0.061282861735798805,-0.009969476117867103,-0.0040317812967282695,0.03082420409998966,0.0,0.0,0.061282861735798805,0.007043971854225461
1980-02-29,BM,0.007043971854225461,-0.005453809926466665,-0.004412328111408982,0.03064117794350311,0.0,0.0,0.007043971854225461,-0.0191221736173617
1980-03-31,BM,-0.0191221736173617,-0.004923718628243626,-0.006106923210670125,0.030863298910573732,0.0,0.0,-0.0191221736173617,-0.0207784534693878
1980-04-30,BM,-0.0207784534693878,-0.008880663002229072,-0.009872145541158958,0.029529918421291435,0.0,0.0,-0.0207784534693878,0.0022670400294446
1980-05-31,BM,0.0022670400294446,-0.012369312594037863,-0.011149616542080984,0.02854886799854297,0.0,0.0,0.0022670400294446,-0.019232536025641
1980-06-30,BM,-0.019232536025641,-0.010758596640051462,-0.01146475825551725,0.02862144433739709,0.0,0.0,-0.019232536025641,-0.0212917064676618
1980-07-31,BM,-0.0212917064676618,-0.01262626458063289,-0.01334838473788529,0.028447414696197604,0.0,0.0,-0.0212917064676618,-0.0115799
1980-08-31,BM,-0.0115799,-0.0134851085436072,-0.013326341164973258,0.02844878849924977,0.0,0.0,-0.0115799,-0.0149617147928698
1980-09-30,BM,-0.0149617147928698,-0.013097782488879745,-0.01325311018087891,0.028442858832347637,0.0,0.0,-0.0149617147928698,-0.022596695102490297
1980-10-31,BM,-0.022596695102490297,-0.011090522441326335,-0.012049370163089991,0.027638875831409546,0.0,0.0,-0.022596695102490297,-0.12063817193877499
1980-11-30,BM,-0.12063817193877499,-0.00839027984013208,-0.017744270848352315,0.040659635102982476,0.0,0.0,-0.12063817193877499,0.0169142669333333
1980-12-31,BM,0.0169142669333333,-0.0163279525267926,-0.0135577675717821,0.04148760696727944,0.0,0.0,0.0169142669333333,0.0838423816839378
1981-01-31,BM,0.0838423816839378,-0.020361461145198552,-0.01167780757610385,0.04550394102357165,1.0,0.08487337440109514,0.0838423816839378,0.029006340626207997
1981-02-28,BM,0.029006340626207997,-0.013379787524315612,-0.009847610178438639,0.046750006859678915,1.0,0.16153319644079397,0.029006340626207997,0.00499896073478763
1981-03-31,BM,0.00499896073478763,-0.00900446804762746,-0.00783751564909286,0.0468334689335777,1.0,0.2464065708418891,0.00499896073478763,0.0384210170808402
1981-04-30,BM,0.0384210170808402,-0.006661066756338784,-0.002904226436573862,0.04843688283368136,1.0,0.32854209445585214,0.0384210170808402,0.020014765535666598
1981-05-31,BM,0.020014765535666598,-0.0033743415698482752,-0.001425249311055362,0.04887808350765003,1.0,0.4134154688569473,0.020014765535666598,0.07103797572394199
1981-06-30,BM,0.07103797572394199,0.00019359493572514247,0.00609729333474322,0.052686459593292274,1.0,0.49555099247091033,0.07103797572394199,-0.0211842227642276
1981-07-31,BM,-0.0211842227642276,0.008587202407689122,0.006106250310029403,0.05268138891399642,1.0,0.5804243668720055,-0.0211842227642276,0.0246730014658176
1981-08-31,BM,0.0246730014658176,0.007714082156395705,0.009127325432180871,0.05261439287525889,1.0,0.6652977412731006,0.0246730014658176,0.0471006650246305
1981-09-30,BM,0.0471006650246305,0.011317238179912741,0.014299190416972562,0.05307947054416822,1.0,0.7474332648870636,0.0471006650246305,-0.054142074626865606
1981-10-31,BM,-0.054142074626865606,0.017653361827832812,0.011670408789941286,0.05578506366090677,1.0,0.8323066392881588,-0.054142074626865606,0.019858610000000002
1981-11-30,BM,0.019858610000000002,0.02369846158346094,0.023378473951505867,0.03710947836634622,1.0,0.9144421629021219,0.019858610000000002,0.00324078211055273
1981-12-31,BM,0.00324078211055273,0.023966129134976092,0.02223901688294082,0.037533509321937504,1.0,0.999315537303217,0.00324078211055273,0.0639606565656566
1982-01-31,BM,0.0639606565656566,0.01663871099194109,0.020582206456417385,0.03491442519771614,1.0,1.0841889117043122,0.0639606565656566,0.0813512216326531
1982-02-28,BM,0.0813512216326531,0.01981637607734551,0.024944279873621147,0.03908355026068,1.0,1.160848733744011,0.0813512216326531,0.049899657113401996
1982-03-31,BM,0.049899657113401996,0.026757490704424184,0.02868600457183901,0.03914972653311306,1.0,1.2457221081451062,0.049899657113401996,-0.00553146089863184
1982-04-30,BM,-0.00553146089863184,0.02780100343465708,0.02502329807354967,0.040198135881422105,1.0,1.3278576317590691,-0.00553146089863184,0.025055168601437302
1982-05-31,BM,0.025055168601437302,0.025478619213357215,0.0254433316623639,0.04016736564416527,1.0,1.4127310061601643,0.025055168601437302,0.0634299018011547
1982-06-30,BM,0.0634299018011547,0.021298364020402246,0.024809325502131625,0.039435648695962985,1.0,1.4948665297741273,0.0634299018011547,0.019828326902075
1982-07-31,BM,0.019828326902075,0.028990557162709728,0.028227037974323507,0.036774631857990986,1.0,1.5797399041752225,0.019828326902075,-0.050276477637419
1982-08-31,BM,-0.050276477637419,0.02855013220236949,0.021981248049053794,0.043231050622956096,1.0,1.6646132785763177,-0.050276477637419,0.0599410643564356
1982-09-30,BM,0.0599410643564356,0.019697664687637718,0.023051281326704216,0.04406027277586966,1.0,1.7467488021902806,0.0599410643564356,-0.04427684889795511
1982-10-31,BM,-0.04427684889795511,0.030068859140665097,0.02387338347078009,0.0425553508021933,1.0,1.8316221765913758,-0.04427684889795511,0.0666823907070707
1982-11-30,BM,0.0666823907070707,0.024238362877214634,0.027775365196369316,0.04426605908775643,1.0,1.9137577002053388,0.0666823907070707,0.00601477828282828
1982-12-31,BM,0.00601477828282828,0.03000578184053445,0.02800653154405894,0.04413333102381245,1.0,1.998631074606434,0.00601477828282828,0.0256390385325335
1983-01-31,BM,0.0256390385325335,0.024737974723913692,0.02481306337463202,0.042656968981454726,1.0,2.083504449007529,0.0256390385325335,0.0784774823129252
1983-02-28,BM,0.0784774823129252,0.019673230805721004,0.024573585097988026,0.04231742103347519,1.0,2.1601642710472277,0.0784774823129252,0.057452923076923096
1983-03-31,BM,0.057452923076923096,0.022271214914768567,0.025203023928281453,0.042781997037282596,1.0,2.245037645448323,0.057452923076923096,0.044002958282143
1983-04-30,BM,0.044002958282143,0.027997068003455382,0.02933089219334602,0.041928130492598054,1.0,2.327173169062286,0.044002958282143,-0.0250459903924003
1983-05-31,BM,-0.0250459903924003,0.029719594338064984,0.02515579561052622,0.04478944250850233,1.0,2.412046543463381,-0.0250459903924003,0.00634392675264552
1983-06-30,BM,0.00634392675264552,0.021676331411378168,0.020398631023150458,0.04336362907148718,1.0,2.4941820670773445,0.00634392675264552,0.05542887999999999
1983-07-31,BM,0.05542887999999999,0.020450476852339125,0.023365343781310874,0.04452335859897403,1.0,2.5790554414784395,0.05542887999999999,0.0102957856060606
1983-08-31,BM,0.0102957856060606,0.03006005481937722,0.028413032384934173,0.03843243142359132,1.0,2.6639288158795345,0.0102957856060606,-0.00782924333333334
1983-09-30,BM,-0.00782924333333334,0.025546847660252222,0.022765506744120093,0.0383575532863875,1.0,2.746064339493498,-0.00782924333333334,0.038373586831593795
1983-10-31,BM,0.038373586831593795,0.028860266347945106,0.02965304305491584,0.03214172828991051,1.0,2.830937713894593,0.038373586831593795,-0.0048000542857142905
1983-11-30,BM,-0.0048000542857142905,0.026286738722901756,0.023696172638850422,0.031267219748862186,1.0,2.9130732375085557,-0.0048000542857142905,0.031592073201596904
1983-12-31,BM,0.031592073201596904,0.02530357212576152,0.02582761388208114,0.030820929100949745,1.0,2.9979466119096507,0.031592073201596904,0.0672120710194731
1984-01-31,BM,0.0672120710194731,0.025844757095676373,0.029292033255992774,0.03305345215063521,1.0,3.082819986310746,0.0672120710194731,0.0094715609671848
1984-02-29,BM,0.0094715609671848,0.024820628796271636,0.023541539810514406,0.029533743896891722,1.0,3.162217659137577,0.0094715609671848,0.0154774199013109
1984-03-31,BM,0.0154774199013109,0.020458686786295425,0.020043581212546725,0.02757284872820078,1.0,3.247091033538672,0.0154774199013109,-0.0160392069507221
1984-04-30,BM,-0.0160392069507221,0.017865456024401597,0.0150400674431413,0.028268800515530382,1.0,3.3292265571526354,-0.0160392069507221,0.0304857696509009
1984-05-31,BM,0.0304857696509009,0.01868425451909962,0.0196677141134164,0.02552195530392832,1.0,3.4140999315537304,0.0304857696509009,-0.0364350941312326
1984-06-30,BM,-0.0364350941312326,0.02087896750985011,0.016102795706426556,0.03012484672493899,1.0,3.4962354551676933,-0.0364350941312326,0.011886807070452098
1984-07-31,BM,0.011886807070452098,0.012527697134283507,0.012474289628964233,0.027462058570582256,1.0,3.5811088295687883,0.011886807070452098,-0.031132254221485498
1984-08-31,BM,-0.031132254221485498,0.012672335449228191,0.009021952976668723,0.030225775449484092,1.0,3.6659822039698837,-0.031132254221485498,0.024224812364961597
1984-09-30,BM,0.024224812364961597,0.01055387991394163,0.011693124284859968,0.03001683582040179,1.0,3.7481177275838466,0.024224812364961597,0.017152942225085902
1984-10-31,BM,0.017152942225085902,0.00926762768970234,0.009924737234317643,0.028906669529971726,1.0,3.8329911019849416,0.017152942225085902,0.0441463710317461
1984-11-30,BM,0.0441463710317461,0.01126335464522963,0.014003606010772676,0.030069927086671836,1.0,3.915126625598905,0.0441463710317461,-0.00532668937284172
1984-12-31,BM,-0.00532668937284172,0.012404654447970466,0.01092704246290279,0.029995346438014305,1.0,4.0,-0.00532668937284172,-0.025279305205949697
1985-01-31,BM,-0.025279305205949697,0.0058102216850327544,0.0032194277774508905,0.02580862464993337,1.0,4.084873374401095,-0.025279305205949697,-0.0180187269027269
1985-02-28,BM,-0.0180187269027269,0.0026510520329296183,0.0009285704549582488,0.0264161277994152,1.0,4.161533196440794,-0.0180187269027269,0.028973863174868598
1985-03-31,BM,0.028973863174868598,-0.0003940522219829087,0.0020532740610880573,0.027362249728376642,1.0,4.246406570841889,0.028973863174868598,0.023585819083171602
1985-04-30,BM,0.023585819083171602,0.0036980450621617003,0.005355359563912532,0.027371330744758043,1.0,4.328542094455853,0.023585819083171602,-0.00888141819632883
1985-05-31,BM,-0.00888141819632883,0.0030707768287317637,0.002074760576643388,0.026428441269688893,1.0,4.413415468856948,-0.00888141819632883,0.00182223338145754
1985-06-30,BM,0.00182223338145754,0.005575656459177561,0.0052628712027009,0.023506621611394687,1.0,4.4955509924709105,0.00182223338145754,0.051724470899470895
1985-07-31,BM,0.051724470899470895,0.004660695214723511,0.0085826765217858,0.027070151772952453,1.0,4.5804243668720055,0.051724470899470895,0.013390890008443599
1985-08-31,BM,0.013390890008443599,0.012193124771174095,0.012292938540946556,0.024010177669817077,1.0,4.6652977412731005,0.013390890008443599,0.0228460391624222
1985-09-30,BM,0.0228460391624222,0.011208222738763365,0.012178040774068274,0.023951114703440083,1.0,4.747433264887063,0.0228460391624222,0.020801319608970702
1985-10-31,BM,0.020801319608970702,0.011725777005793936,0.01248207222272534,0.024042985979409025,1.0,4.832306639288158,0.020801319608970702,-0.0168232554704437
1985-11-30,BM,-0.0168232554704437,0.009603499603723446,0.007401270014209524,0.02316956609241569,1.0,4.914442162902122,-0.0168232554704437,0.010981970956054198
1985-12-31,BM,0.010981970956054198,0.008558357231214175,0.008760325041617516,0.022830945554992266,1.0,4.999315537303217,0.010981970956054198,0.0289791247723133
1986-01-31,BM,0.0289791247723133,0.011854836882305438,0.013281860873139434,0.020755163265898845,1.0,5.084188911704312,0.0289791247723133,-0.0457345200571287
1986-02-28,BM,-0.0457345200571287,0.016127368852763637,0.010972211443605948,0.025544502132693405,1.0,5.160848733744011,-0.0457345200571287,0.015116545223290001
1986-03-31,BM,0.015116545223290001,0.009335697649854792,0.009817434947641068,0.024963339326509695,1.0,5.245722108145106,0.015116545223290001,-0.0187353596339114
1986-04-30,BM,-0.0187353596339114,0.00856576366259283,0.006290670054550817,0.025816288450606874,1.0,5.327857631759069,-0.0187353596339114,-0.00829073333333335
1986-05-31,BM,-0.00829073333333335,0.007669950804630777,0.006339893793133773,0.0257852745682576,1.0,5.412731006160164,-0.00829073333333335,0.015418242982456101
1986-06-30,BM,0.015418242982456101,0.006750590194195241,0.007472894593216987,0.025867296145759954,1.0,5.494866529774128,0.015418242982456101,-0.00127975409836067
1986-07-31,BM,-0.00127975409836067,0.00345002401992117,0.0030558758433976894,0.021835278599533766,1.0,5.579739904175223,-0.00127975409836067,0.007052860694554079
1986-08-31,BM,0.007052860694554079,0.0021163291011207816,0.002527706733906896,0.021638326950789426,1.0,5.664613278576318,0.007052860694554079,0.0455491222832723
1986-09-30,BM,0.0455491222832723,0.0006805856040418616,0.004419630327311071,0.024393449549414303,1.0,5.746748802190281,0.0455491222832723,-0.0080027691928996
1986-10-31,BM,-0.0080027691928996,0.0029303858471601885,0.002019289593821879,0.02404968498866603,1.0,5.831622176591376,-0.0080027691928996,-0.00881771540489642
1986-11-30,BM,-0.00881771540489642,0.003732248236027834,0.0026864179326174854,0.023586049957921053,1.0,5.9137577002053385,-0.00881771540489642,-5.6874991974331e-05
1986-12-31,BM,-5.6874991974331e-05,0.0019322767486686869,0.001766514103615108,0.023447957961570075,1.0,5.9986310746064335,-5.6874991974331e-05,-0.03234836485281
1987-01-31,BM,-0.03234836485281,-0.0007073595935392795,-0.0033441100318118335,0.02365999903251597,1.0,6.083504449007529,-0.03234836485281,-0.030456819145597402
1987-02-28,BM,-0.030456819145597402,0.0005095636068533291,-0.0020709682891842255,0.02148245066225334,1.0,6.160164271047228,-0.030456819145597402,0.0467871021428572
1987-03-31,BM,0.0467871021428572,-0.00363346951759098,0.0005682447874463745,0.025378171774277664,1.0,6.245037645448323,0.0467871021428572,0.020489882904643698
1987-04-30,BM,0.020489882904643698,0.0023231179166607117,0.0038370149989926327,0.02519125361548722,1.0,6.327173169062286,0.020489882904643698,0.0368463592449038
1987-05-31,BM,0.0368463592449038,0.004939537574658625,0.007598439380512395,0.02654900548268482,1.0,6.412046543463381,0.0368463592449038,-0.00322322603610472
1987-06-30,BM,-0.00322322603610472,0.0068875481439720524,0.00604498362896566,0.02659519271335942,1.0,6.494182067077344,-0.00322322603610472,0.0397013258426966
1987-07-31,BM,0.0397013258426966,0.006710868876904411,0.009460073624053766,0.028154590361087455,1.0,6.579055441478439,0.0397013258426966,-0.010298056497175101
1987-08-31,BM,-0.010298056497175101,0.009678911163099185,0.008014163858076335,0.028729129521335373,1.0,6.663928815879535,-0.010298056497175101,0.00703048022598872
1987-09-30,BM,0.00703048022598872,0.004601894910331241,0.00480427701996937,0.026194110651295992,1.0,6.746064339493498,0.00703048022598872,-0.0073175665396743705
1987-10-31,BM,-0.0073175665396743705,0.005968553948411997,0.004861377241071472,0.02616438470047445,1.0,6.830937713894593,-0.0073175665396743705,0.0529942740987461
1987-11-30,BM,0.0529942740987461,0.006104931117977639,0.010012376366375015,0.029141644638693256,1.0,6.913073237508556,0.0529942740987461,-0.0478513352922078
1987-12-31,BM,-0.0478513352922078,0.01092776285349768,0.006029504674688893,0.03357224242485754,1.0,6.997946611909651,-0.0478513352922078,0.0298894054844007
1988-01-31,BM,0.0298894054844007,0.009518401904461515,0.011215985536123118,0.03186860676453,1.0,7.082819986310746,0.0298894054844007,-0.00730879029439444
1988-02-29,BM,-0.00730879029439444,0.015004422325370432,0.013144987940390032,0.029746781543947685,1.0,7.162217659137577,-0.00730879029439444,0.0374376959064328
1988-03-31,BM,0.0374376959064328,0.01008661392198392,0.01236587075402133,0.028895801305076813,1.0,7.2470910335386725,0.0374376959064328,0.0367865595238095
1988-04-30,BM,0.0367865595238095,0.011627324194873839,0.013723927138951814,0.02968452202215041,1.0,7.329226557152635,0.0367865595238095,0.0120071105289421
1988-05-31,BM,0.0120071105289421,0.011621887856592537,0.011653989745955004,0.028777775875215975,1.0,7.41409993155373,0.0120071105289421,-0.00895098307124346
1988-06-30,BM,-0.00895098307124346,0.01300646390796043,0.011176676659693444,0.02909274144016856,1.0,7.496235455167693,-0.00895098307124346,0.00640379999999999
1988-07-31,BM,0.00640379999999999,0.008583526733965879,0.008401882839468727,0.027678338463675668,1.0,7.581108829568788,0.00640379999999999,0.023214239908207
1988-08-31,BM,0.023214239908207,0.01010187732461816,0.011194574206583902,0.027308212735834936,1.0,7.665982203969883,0.023214239908207,-0.028211110422077898
1988-09-30,BM,-0.028211110422077898,0.011573128204819821,0.008257774985911685,0.02959590594768384,1.0,7.748117727583847,-0.028211110422077898,-0.007008703697478989
1988-10-31,BM,-0.007008703697478989,0.009673715124601318,0.008283513556094633,0.029581259877849354,1.0,7.832991101984942,-0.007008703697478989,0.010022815476190501
1988-11-30,BM,0.010022815476190501,0.004218898961308129,0.004702558670881665,0.026069233876104228,1.0,7.915126625598905,0.010022815476190501,0.014156835142040301
1988-12-31,BM,0.014156835142040301,0.009480185394798883,0.009869906207069007,0.02018709828747464,1.0,8.0,0.014156835142040301,0.0234837966751918
1989-01-31,BM,0.0234837966751918,0.008049951727311573,0.009336105472968266,0.01968812898822772,1.0,8.084873374401095,0.0234837966751918,-0.000160309265010341
1989-02-28,BM,-0.000160309265010341,0.010849277815455778,0.00993181222541694,0.0192418048505624,1.0,8.161533196440795,-0.000160309265010341,-0.0029938574549015
1989-03-31,BM,-0.0029938574549015,0.007431277345324583,0.006562516111972416,0.017443391603565294,1.0,8.24640657084189,-0.0029938574549015,0.0106563387668298
1989-04-30,BM,0.0106563387668298,0.0038148758018054026,0.004384997715557441,0.014750527153466746,1.0,8.328542094455852,0.0106563387668298,-0.0163257010500732
1989-05-31,BM,-0.0163257010500732,0.0036920783688861023,0.0020239300839728328,0.015659151607247818,1.0,8.413415468856947,-0.0163257010500732,0.0201955183713611
1989-06-30,BM,0.0201955183713611,0.003021649461719762,0.00445280520418988,0.016057465014392938,1.0,8.49555099247091,0.0201955183713611,-0.0398491694915254
1989-07-31,BM,-0.0398491694915254,0.0042754420409344095,0.0005983910798960963,0.02048690156244148,1.0,8.580424366872005,-0.0398491694915254,0.000109579680498735
1989-08-31,BM,0.000109579680498735,-0.0014575951772230818,-0.0013269972724129254,0.019214391780863167,1.0,8.6652977412731,0.000109579680498735,-0.014263590957655801
1989-09-30,BM,-0.014263590957655801,0.0011170130139202485,-0.00016470398371108407,0.01781090109164268,1.0,8.747433264887064,-0.014263590957655801,-0.010798552618900099
1989-10-31,BM,-0.010798552618900099,0.0004574778084496292,-0.0004805247271628432,0.01797612473777671,1.0,8.83230663928816,-0.010798552618900099,-0.00863462191684284
1989-11-30,BM,-0.00863462191684284,-0.001435373836558607,-0.0020353111765822884,0.0177909897552384,1.0,8.914442162902121,-0.00863462191684284,-0.028682109852039003
1989-12-31,BM,-0.028682109852039003,-0.0035073244782752562,-0.0056052232594222305,0.018529209106109234,1.0,8.999315537303216,-0.028682109852039003,0.0127995934021528
1990-01-31,BM,0.0127995934021528,-0.00824967961711442,-0.006495573532175479,0.017214425777576654,1.0,9.084188911704311,0.0127995934021528,-0.014935611767826
1990-02-28,BM,-0.014935611767826,-0.007071506647372316,-0.0077268487407434515,0.017248470846010104,1.0,9.160848733744011,-0.014935611767826,-0.00135710662878787
1990-03-31,BM,-0.00135710662878787,-0.00815712067582,-0.007590452838567316,0.01729570722814207,1.0,9.245722108145106,-0.00135710662878787,-0.0187149834190966
1990-04-30,BM,-0.0187149834190966,-0.009249252075421606,-0.010038063020727848,0.01654051940274443,1.0,9.32785763175907,-0.0187149834190966,-0.0548186067467124
1990-05-31,BM,-0.0548186067467124,-0.009466459563514641,-0.013245805162114448,0.02100165359701129,1.0,9.412731006160165,-0.0548186067467124,-0.00041424175652445797
1990-06-30,BM,-0.00041424175652445797,-0.016285925483339504,-0.01496328517277158,0.01873910359895109,1.0,9.494866529774127,-0.00041424175652445797,-0.0266310112949306
1990-07-31,BM,-0.0266310112949306,-0.012700932052884873,-0.01386177198972201,0.017490159985859503,1.0,9.579739904175222,-0.0266310112949306,0.0123474248892945
1990-08-31,BM,0.0123474248892945,-0.015131894868832995,-0.012841951555655698,0.018694203254625525,1.0,9.664613278576317,0.0123474248892945,-0.0292258819157721
1990-09-30,BM,-0.0292258819157721,-0.01271271161001933,-0.014088809135498724,0.01928721163253623,1.0,9.74674880219028,-0.0292258819157721,-0.047406464979480194
1990-10-31,BM,-0.047406464979480194,-0.01438792336428042,-0.017139468498880397,0.02148894851380157,1.0,9.831622176591376,-0.047406464979480194,-0.052944808634331
1990-11-30,BM,-0.052944808634331,-0.017912636369974727,-0.020831984058671076,0.02359814689072143,1.0,9.91375770020534,-0.052944808634331,-0.0340817145989975
1990-12-31,BM,-0.0340817145989975,-0.020118336259274002,-0.02128195112091762,0.023811951055130044,1.0,9.998631074606434,-0.0340817145989975,0.0658452053930006
1991-01-31,BM,0.0658452053930006,-0.024380273350287664,-0.016861483455013638,0.03361845063769452,1.0,10.08350444900753,0.0658452053930006,-0.00964071737860529
1991-02-28,BM,-0.00964071737860529,-0.01703656269930343,-0.016420242255911908,0.03368071556610753,1.0,10.160164271047227,-0.00964071737860529,0.050014993939394
1991-03-31,BM,0.050014993939394,-0.0177896182220141,-0.012139233875230087,0.03866536478300909,1.0,10.245037645448322,0.050014993939394,0.00699092682926829
1991-04-30,BM,0.00699092682926829,-0.011541438462151322,-0.009997074687866347,0.03897874850659354,1.0,10.327173169062286,0.00699092682926829,-0.019019195761293902
1991-05-31,BM,-0.019019195761293902,-0.005922389955243985,-0.0070137904390814715,0.03652944055540033,1.0,10.412046543463381,-0.019019195761293902,-0.005691720308909321
1991-06-30,BM,-0.005691720308909321,-0.007613749410223025,-0.007453580318446877,0.03647449064402973,1.0,10.494182067077345,-0.005691720308909321,-0.0137120757150153
1991-07-31,BM,-0.0137120757150153,-0.005710177502402909,-0.006377002353453936,0.036045122995729706,1.0,10.57905544147844,-0.0137120757150153,-0.025363068912108398
1991-08-31,BM,-0.025363068912108398,-0.008079223011885617,-0.009519543503570843,0.03590786135601234,1.0,10.663928815879535,-0.025363068912108398,-0.0214531819209039
1991-09-30,BM,-0.0214531819209039,-0.0077280581933707355,-0.008871818503998494,0.03558875838717415,1.0,10.746064339493497,-0.0214531819209039,-0.040815179851362494
1991-10-31,BM,-0.040815179851362494,-0.005368668824409255,-0.008322544743322018,0.034985706034627584,1.0,10.830937713894592,-0.040815179851362494,-0.041799150850536704
1991-11-30,BM,-0.041799150850536704,-0.004265975298684845,-0.007393739928005827,0.033821967680023976,1.0,10.913073237508556,-0.041799150850536704,-0.0605694620429372
1991-12-31,BM,-0.0605694620429372,-0.004967560412461136,-0.009601052215000802,0.0364817802287557,1.0,10.99794661190965,-0.0605694620429372,0.338703987616099
1992-01-31,BM,0.338703987616099,-0.0164598029066373,0.013137179636924063,0.10619881008874558,1.0,11.082819986310746,0.338703987616099,0.061223575232198096
1992-02-29,BM,0.061223575232198096,0.015207897547426725,0.019042537354491015,0.10678570288988126,1.0,11.162217659137577,0.061223575232198096,0.0183847994430908
1992-03-31,BM,0.0183847994430908,0.01622685948313619,0.016406687813132412,0.10634113925439381,1.0,11.247091033538672,0.0183847994430908,-0.00324345513819987
1992-04-30,BM,-0.00324345513819987,0.01726266608439278,0.015553822649176733,0.10646448827165288,1.0,11.329226557152635,-0.00324345513819987,-0.00966431368456341
1992-05-31,BM,-0.00966431368456341,0.018696824322855875,0.01633339615557094,0.10622229173350999,1.0,11.41409993155373,-0.00966431368456341,0.032180118869157004
1992-06-30,BM,0.032180118869157004,0.018335679470523683,0.019489382753743137,0.10607091012444166,1.0,11.496235455167694,0.032180118869157004,-0.0256208508287293
1992-07-31,BM,-0.0256208508287293,0.022507697159993897,0.018496984827600302,0.10646475977207753,1.0,11.58110882956879,-0.0256208508287293,-0.0035512542735042702
1992-08-31,BM,-0.0035512542735042702,0.022484262440301085,0.02031463604748398,0.10583218709074355,1.0,11.665982203969884,-0.0035512542735042702,-0.0028791003623188497
1992-09-30,BM,-0.0028791003623188497,0.024111710408246504,0.02186247617736606,0.10530027158322335,1.0,11.748117727583846,-0.0028791003623188497,-0.0474659982196574
1992-10-31,BM,-0.0474659982196574,0.027560444907250473,0.021308241313341487,0.10567698718782613,1.0,11.832991101984941,-0.0474659982196574,0.00919609420916158
1992-11-30,BM,0.00919609420916158,0.027045276964603137,0.02555784506831635,0.10391925773446853,1.0,11.915126625598905,0.00919609420916158,0.0597790449792428
1992-12-31,BM,0.0597790449792428,0.03338760026024848,0.035586887320164684,0.1006061314958428,1.0,12.0,0.0597790449792428,0.078831397632202
1993-01-31,BM,0.078831397632202,0.008030787293261553,0.013930838154839933,0.03777905652973713,1.0,12.084873374401095,0.078831397632202,0.0427022620047356
1993-02-28,BM,0.0427022620047356,0.009631498420534635,0.012387395385884724,0.03600812218748525,1.0,12.161533196440795,0.0427022620047356,0.0231609619533809
1993-03-31,BM,0.0231609619533809,0.011842176835229618,0.012785408928408902,0.03610670222593537,1.0,12.24640657084189,0.0231609619533809,0.0264741209237784
1993-04-30,BM,0.0264741209237784,0.01424257838900969,0.015261873600240424,0.03592605439400672,1.0,12.328542094455852,0.0264741209237784,0.0047089617001707905
1993-05-31,BM,0.0047089617001707905,0.017527890626131668,0.016459646548968275,0.035252760619309195,1.0,12.413415468856947,0.0047089617001707905,0.0235994930469305
1993-06-30,BM,0.0235994930469305,0.01503051270167838,0.015744594397116063,0.03499095598370802,1.0,12.49555099247091,0.0235994930469305,0.032458492063492
1993-07-31,BM,0.032458492063492,0.01950508941764745,0.020584539638134506,0.032690268894620754,1.0,12.580424366872005,0.032458492063492,-0.00758462771527236
1993-08-31,BM,-0.00758462771527236,0.02277870272101075,0.02024842518465383,0.03298043531737316,1.0,12.6652977412731,-0.00758462771527236,0.00105970516319483
1993-09-30,BM,0.00105970516319483,0.022350927507105885,0.020576658978446637,0.032748118530290055,1.0,12.747433264887064,0.00105970516319483,-0.012639551854739901
1993-10-31,BM,-0.012639551854739901,0.026762355087365176,0.023478862842189765,0.027251808874655857,1.0,12.83230663928816,-0.012639551854739901,0.0336076730683091
1993-11-30,BM,0.0336076730683091,0.02477729635428323,0.025513161080452058,0.0269986646828964,1.0,12.914442162902121,0.0336076730683091,0.0155569263611509
1993-12-31,BM,0.0155569263611509,0.022398080726016525,0.021827984528944397,0.02482706795760202,1.0,12.999315537303216,0.0155569263611509,0.049522933964469294
1994-01-31,BM,0.049522933964469294,0.01664585606501188,0.01938561255663334,0.01960114858806946,1.0,13.084188911704311,0.049522933964469294,-0.00341736307854138
1994-02-28,BM,-0.00341736307854138,0.017265917152260397,0.01554231046636026,0.019129494577115647,1.0,13.160848733744011,-0.00341736307854138,-0.012096442613370699
1994-03-31,BM,-0.012096442613370699,0.014849705785722008,0.012604193419130959,0.020510705919454687,1.0,13.245722108145106,-0.012096442613370699,0.020347492961093
1994-04-30,BM,0.020347492961093,0.011343290918708454,0.012093641088907175,0.020208088985911064,1.0,13.32785763175907,0.020347492961093,0.010373615917575001
1994-05-31,BM,0.010373615917575001,0.012764975578792291,0.012565695607024191,0.020085694675080642,1.0,13.412731006160165,0.010373615917575001,0.00464603756569517
1994-06-30,BM,0.00464603756569517,0.011562623112487246,0.010986240983587916,0.019883356701804116,1.0,13.494866529774127,0.00464603756569517,-0.00435882422885574
1994-07-31,BM,-0.00435882422885574,0.00903421815814208,0.007918131292558937,0.01909374125457783,1.0,13.579739904175222,-0.00435882422885574,0.01069905123416
1994-08-31,BM,0.01069905123416,0.00932747302054359,0.009441771205011634,0.018463282338781858,1.0,13.664613278576317,0.01069905123416,0.000271778227874049
1994-09-30,BM,0.000271778227874049,0.010203777208813151,0.009376110627068236,0.01849717115047777,1.0,13.74674880219028,0.000271778227874049,0.00314992172999026
1994-10-31,BM,0.00314992172999026,0.011377534489050782,0.010691900092462417,0.017312368560532965,1.0,13.831622176591376,0.00314992172999026,0.0283562041086343
1994-11-30,BM,0.0283562041086343,0.00860864800374907,0.010254277679156182,0.01673726376493943,1.0,13.91375770020534,0.0283562041086343,-0.00890956385094468
1994-12-31,BM,-0.00890956385094468,0.009772218708065742,0.008215403494814883,0.017505185272266088,1.0,13.998631074606434,-0.00890956385094468,0.0027623752872027803
1995-01-31,BM,0.0027623752872027803,0.004460173452119018,0.004318690271709341,0.011723936592187857,1.0,14.08350444900753,0.0027623752872027803,0.014450624342105301
1995-02-28,BM,0.014450624342105301,0.005021967849004851,0.005807689223429897,0.011786593822969467,1.0,14.160164271047227,0.014450624342105301,0.0221239482230392
1995-03-31,BM,0.0221239482230392,0.007435337572229942,0.00865938845979739,0.011185371298428096,1.0,14.245037645448322,0.0221239482230392,0.0117779328593835
1995-04-30,BM,0.0117779328593835,0.007596833505134141,0.007945258451321597,0.010631136064459668,1.0,14.327173169062286,0.0117779328593835,-0.0198042053654024
1995-05-31,BM,-0.0198042053654024,0.007724498681662187,0.0054304400110734815,0.013250988556311313,1.0,14.412046543463381,-0.0198042053654024,-0.027933784946236502
1995-06-30,BM,-0.027933784946236502,0.00550174932428968,0.002715454801745841,0.016391733389058378,1.0,14.494182067077345,-0.027933784946236502,-0.00173458415841585
1995-07-31,BM,-0.00173458415841585,0.0033585710772550664,0.0029341414742824986,0.016306054913026214,1.0,14.57905544147844,-0.00173458415841585,0.00541093017585341
1995-08-31,BM,0.00541093017585341,0.0022282405870208974,0.0024934647194236165,0.016147817194899477,1.0,14.663928815879535,0.00541093017585341,0.00923345702830543
1995-09-30,BM,0.00923345702830543,0.002695436218655385,0.003240271286126231,0.01624267937659361,1.0,14.746064339493497,0.00923345702830543,-0.00368209588970491
1995-10-31,BM,-0.00368209588970491,0.003248484882138582,0.002670936484484967,0.016365407712382027,1.0,14.830937713894592,-0.00368209588970491,-0.0152260254853734
1995-11-30,BM,-0.0152260254853734,0.00033591215501683596,-0.0009609159816823411,0.01491910401986704,1.0,14.913073237508556,-0.0152260254853734,0.00763300078492935
1995-12-31,BM,0.00763300078492935,-0.00023831162993122955,0.0004176310713071613,0.01488210032533284,1.0,14.99794661190965,0.00763300078492935,0.00414447209016612
1996-01-31,BM,0.00414447209016612,0.00020447250622573137,0.0005328058048874396,0.01490722322456405,1.0,15.082819986310746,0.00414447209016612,-0.0203025410098115
1996-02-29,BM,-0.0203025410098115,-0.0007324504257687398,-0.0023632913077722938,0.01532744362590777,1.0,15.162217659137577,-0.0203025410098115,0.0113101512619087
1996-03-31,BM,0.0113101512619087,-0.004589403992391531,-0.003264441054533169,0.014018912844093444,1.0,15.247091033538672,0.0113101512619087,0.0172928057900277
1996-04-30,BM,0.0172928057900277,-0.004631929592161966,-0.002804868310312818,0.014633777832648727,1.0,15.329226557152635,0.0172928057900277,0.00343046486130593
1996-05-31,BM,0.00343046486130593,-0.0012594740325774121,-0.0008686457914204576,0.013686544214682636,1.0,15.41409993155373,0.00343046486130593,0.028991338778335696
1996-06-30,BM,0.028991338778335696,0.0015918214044719,0.003875114518960559,0.01331299500622488,1.0,15.496235455167694,0.028991338778335696,0.0286393267326733
1996-07-31,BM,0.0286393267326733,0.004385087125994768,0.006406273759884655,0.014937781502781673,1.0,15.58110882956879,0.0286393267326733,-0.0177650945273632
1996-08-31,BM,-0.0177650945273632,0.006496759540251121,0.0044749383679499365,0.0164952173171695,1.0,15.665982203969884,-0.0177650945273632,-0.010825469999999998
1996-09-30,BM,-0.010825469999999998,0.004042345762463064,0.0028033611155911515,0.016978443787785666,1.0,15.748117727583846,-0.010825469999999998,0.00753544949494948
1996-10-31,BM,0.00753544949494948,0.0033929481160726014,0.003738156564312351,0.016897521296160276,1.0,15.832991101984941,0.00753544949494948,0.0377768195744037
1996-11-30,BM,0.0377768195744037,0.005462173114283772,0.008155060319293776,0.018354267274020057,1.0,15.915126625598905,0.0377768195744037,0.0331453505686334
1996-12-31,BM,0.0331453505686334,0.00820252027696326,0.01028108946793578,0.019715412660532904,1.0,16.0,0.0331453505686334,0.00443165789473688
1997-01-31,BM,0.00443165789473688,0.010838963775005738,0.010305021618316678,0.01970745904944402,1.0,16.084873374401095,0.00443165789473688,0.020655275254655398
1997-02-28,BM,0.020655275254655398,0.013087527311782865,0.013718172973688917,0.017327678851652983,1.0,16.161533196440793,0.020655275254655398,0.034079086132967
1997-03-31,BM,0.034079086132967,0.013937084038396198,0.015615584212943776,0.018261482518308343,1.0,16.246406570841888,0.034079086132967,-0.0362442487143525
1997-04-30,BM,-0.0362442487143525,0.015463109524117957,0.011154163004245427,0.023579800735611632,1.0,16.32854209445585,-0.0362442487143525,-0.0112004884876111
1997-05-31,BM,-0.0112004884876111,0.01185631738087628,0.009934916891835675,0.02438015815328347,1.0,16.413415468856947,-0.0112004884876111,0.0252732428807751
1997-06-30,BM,0.0252732428807751,0.008202514902153844,0.009625075567038956,0.02413838556896903,1.0,16.49555099247091,0.0252732428807751,0.0242515336842244
1997-07-31,BM,0.0242515336842244,0.007896507279254008,0.009259426146334881,0.02385575092150157,1.0,16.580424366872005,0.0242515336842244,0.0241590531400966
1997-08-31,BM,0.0241590531400966,0.011716200753034698,0.0127531051186232,0.022573657266197245,1.0,16.6652977412731,0.0241590531400966,0.029107646175332503
1997-09-30,BM,0.029107646175332503,0.014896611947588935,0.016080864799900906,0.021708615844414737,1.0,16.747433264887064,0.029107646175332503,0.0303310682735868
1997-10-31,BM,0.0303310682735868,0.016857720736714665,0.017980499698120687,0.021889484490863014,1.0,16.83230663928816,0.0303310682735868,0.00368910694125527
1997-11-30,BM,0.00368910694125527,0.01618083425482222,0.015139856978691649,0.02129055159114352,1.0,16.914442162902123,0.00368910694125527,-0.021565159480979798
1997-12-31,BM,-0.021565159480979798,0.01350299392506057,0.01058064780789055,0.0228826795004759,1.0,16.999315537303218,-0.021565159480979798,-0.008490630436351591
1998-01-31,BM,-0.008490630436351591,0.011139646890904508,0.009503790446966509,0.023494245616445246,1.0,17.084188911704313,-0.008490630436351591,-0.00417684575733544
1998-02-28,BM,-0.00417684575733544,0.008490019100812964,0.007434447029300605,0.02351632577075671,1.0,17.16084873374401,-0.00417684575733544,0.0238334670133205
1998-03-31,BM,0.0238334670133205,0.00501220711078547,0.006580645435996731,0.022630302880034016,1.0,17.245722108145106,0.0238334670133205,0.0344964140480087
1998-04-30,BM,0.0344964140480087,0.010473817631483015,0.012475700666193497,0.019450952669047457,1.0,17.32785763175907,0.0344964140480087,0.0313267277088503
1998-05-31,BM,0.0313267277088503,0.014628081498357542,0.01601963534923195,0.018600637252850178,1.0,17.412731006160165,0.0313267277088503,-0.0142655925306577
1998-06-30,BM,-0.0142655925306577,0.015178398300909833,0.012724732398279216,0.020241967920517703,1.0,17.49486652977413,-0.0142655925306577,0.0204356141277365
1998-07-31,BM,0.0204356141277365,0.011676841372284186,0.01240673910190522,0.020073698374126484,1.0,17.579739904175224,0.0204356141277365,0.042352802848029204
1998-08-31,BM,0.042352802848029204,0.011338346916615087,0.013922884910899607,0.021665960948066495,1.0,17.66461327857632,0.042352802848029204,-0.0676676982409911
1998-09-30,BM,-0.0676676982409911,0.012542452068678423,0.005858272876205971,0.03134781880044496,1.0,17.746748802190282,-0.0676676982409911,-0.0465538578841979
1998-10-31,BM,-0.0465538578841979,0.003633473294625886,-0.00054880430360942,0.033662832565183154,1.0,17.831622176591377,-0.0465538578841979,-0.0434621827223643
1998-11-30,BM,-0.0434621827223643,-0.000934068962233493,-0.004478078442244384,0.035806775732509406,1.0,17.913757700205338,-0.0434621827223643,-0.0605215451641223
1998-12-31,BM,-0.0605215451641223,-0.0029247074387229936,-0.007724443915839593,0.03911034765455834,1.0,17.998631074606433,-0.0605215451641223,0.006366699824120609
1999-01-31,BM,0.006366699824120609,-0.007654790595793059,-0.006486333060800243,0.03931850188872247,1.0,18.083504449007528,0.006366699824120609,0.0259974735549388
1999-02-28,BM,0.0259974735549388,-0.006696286452024325,-0.003971806451444056,0.04042881547780464,1.0,18.16016427104723,0.0259974735549388,-0.07216772594501719
1999-03-31,BM,-0.07216772594501719,-0.006499558584604481,-0.011971905864638865,0.043785542908791365,1.0,18.245037645448324,-0.07216772594501719,0.0851257395147217
1999-04-30,BM,0.0851257395147217,-0.01619629858397047,-0.007752795409079446,0.05058202044229396,1.0,18.327173169062284,0.0851257395147217,0.0175496298342541
1999-05-31,BM,0.0175496298342541,-0.011305479328891253,-0.008900886898629131,0.04976411169390707,1.0,18.412046543463383,0.0175496298342541,0.0375189933877983
1999-06-30,BM,0.0375189933877983,-0.008413186386626543,-0.004585504738757796,0.051472578649023805,1.0,18.494182067077343,0.0375189933877983,0.032424402709359604
1999-07-31,BM,0.032424402709359604,-0.006860151908439107,-0.0035864390236225382,0.05211472410411513,1.0,18.579055441478438,0.032424402709359604,0.008878596576354661
1999-08-31,BM,0.008878596576354661,-0.007762733739227253,-0.00637595621292875,0.05029637204330292,1.0,18.663928815879533,0.008878596576354661,0.021898525125628197
1999-09-30,BM,0.021898525125628197,-0.0008039796649230914,0.0010878957342895241,0.04690535448340404,1.0,18.746064339493497,0.021898525125628197,-0.0380341546113989
1999-10-31,BM,-0.0380341546113989,0.005418964245061099,0.0017978710070227742,0.04617750773630631,1.0,18.830937713894592,-0.0380341546113989,-0.008816587910353531
1999-11-30,BM,-0.008816587910353531,0.005912421346057953,0.004685003908023673,0.04412807008734307,1.0,18.913073237508556,-0.008816587910353531,0.0046012518069728
1999-12-31,BM,0.0046012518069728,0.01061287200549148,0.01011190365561493,0.039097605539376426,1.0,18.99794661190965,0.0046012518069728,0.0800532216312057
2000-01-31,BM,0.0800532216312057,0.010452376731205314,0.01625244713953869,0.04394225184068002,1.0,19.082819986310746,0.0800532216312057,0.0835144892179413
2000-02-29,BM,0.0835144892179413,0.015366535647229578,0.02104553177812223,0.04804701230482085,1.0,19.16221765913758,0.0835144892179413,-0.0586199117308798
2000-03-31,BM,-0.0586199117308798,0.029519464298407624,0.02217451629596701,0.0457624752064623,1.0,19.247091033538673,-0.0586199117308798,-0.0284607110130307
2000-04-30,BM,-0.0284607110130307,0.01645167782153476,0.012708978751987647,0.04323525332955782,1.0,19.329226557152634,-0.0284607110130307,-0.013203327371676501
2000-05-31,BM,-0.013203327371676501,0.012268919562690687,0.010146232318160097,0.04382958953774424,1.0,19.41409993155373,-0.013203327371676501,-0.010045827649132899
2000-06-30,BM,-0.010045827649132899,0.007657799493647524,0.006182497231749163,0.04327636242973004,1.0,19.496235455167692,-0.010045827649132899,0.0240573140916317
2000-07-31,BM,0.0240573140916317,0.0037968694610572952,0.005485239846938504,0.04288071876198955,1.0,19.581108829568787,0.0240573140916317,-0.00752062164662349
2000-08-31,BM,-0.00752062164662349,0.005176752871537026,0.004118638328356991,0.04302382302416655,1.0,19.665982203969882,-0.00752062164662349,0.00936271073317553
2000-09-30,BM,0.00936271073317553,0.0025022849831505094,0.0030739871289859355,0.04270386739042163,1.0,19.748117727583846,0.00936271073317553,-0.048650268758123595
2000-10-31,BM,-0.048650268758123595,0.006811090923566367,0.002189310950092211,0.043730528859363085,1.0,19.83299110198494,-0.048650268758123595,0.0250093500910746
2000-11-30,BM,0.0250093500910746,0.0031898472101327246,0.0050081391168778884,0.044045663874271855,1.0,19.915126625598905,0.0250093500910746,-0.018623448989899
2000-12-31,BM,-0.018623448989899,0.005045128872323796,0.0030727473838052396,0.04457227335526257,1.0,20.0,-0.018623448989899,0.11743517626698001
2001-01-31,BM,0.11743517626698001,-0.0039254775477766315,0.006187910270119765,0.051247956872466464,1.0,20.084873374401095,0.11743517626698001,0.0446560200165153
2001-02-28,BM,0.0446560200165153,-0.00084177872513675,0.0029497045033342645,0.04696657211276059,1.0,20.161533196440793,0.0446560200165153,0.050458159834847194
2001-03-31,BM,0.050458159834847194,0.008546942342808261,0.012039543800478182,0.0444554745576839,1.0,20.246406570841888,0.050458159834847194,-0.043954225819238905
2001-04-30,BM,-0.043954225819238905,0.015721385147160795,0.010748417566627496,0.04593890103613281,1.0,20.32854209445585,-0.043954225819238905,0.031626074013696
2001-05-31,BM,0.031626074013696,0.012925848924655122,0.014484201015408538,0.0456358376218253,1.0,20.413415468856947,0.031626074013696,0.00180749062589107
2001-06-30,BM,0.00180749062589107,0.016714203621275934,0.015471977538327202,0.045182654234489125,1.0,20.49555099247091,0.00180749062589107,0.037249490472838
2001-07-31,BM,0.037249490472838,0.014691492397117693,0.016571325570094397,0.04556937164482626,1.0,20.580424366872005,0.037249490472838,0.0201294821256045
2001-08-31,BM,0.0201294821256045,0.01876150258979601,0.018875500884446724,0.04493507622010833,1.0,20.6652977412731,0.0201294821256045,0.0147308914285714
2001-09-30,BM,0.0147308914285714,0.019740299989107736,0.019322849275729716,0.04485841867684452,1.0,20.747433264887064,0.0147308914285714,-0.0598513756645401
2001-10-31,BM,-0.0598513756645401,0.025502223642443644,0.018389423700195005,0.04648832962841842,1.0,20.83230663928816,-0.0598513756645401,0.0023776618427726
2001-11-30,BM,0.0023776618427726,0.017787612210115034,0.016503449679503172,0.04665412680209232,1.0,20.914442162902123,0.0023776618427726,0.00498953717504379
2001-12-31,BM,0.00498953717504379,0.019696804103994273,0.01847119852658174,0.045522112278290894,1.0,20.999315537303218,0.00498953717504379,0.102591143518689
2002-01-31,BM,0.102591143518689,0.009474473277454614,0.01723419579755749,0.04270280373518635,1.0,21.084188911704313,0.102591143518689,0.022515957575757597
2002-02-28,BM,0.022515957575757597,0.014741302686743134,0.015389190594161014,0.04188069195929596,1.0,21.16084873374401,0.022515957575757597,0.048084463065092405
2002-03-31,BM,0.048084463065092405,0.012201102481371351,0.01519138253001478,0.04170523691866871,1.0,21.245722108145106,0.048084463065092405,0.115174964377407
2002-04-30,BM,0.115174964377407,0.020568256016310564,0.02845214837973527,0.04624139563386378,1.0,21.32785763175907,0.115174964377407,0.0572876571005064
2002-05-31,BM,0.0572876571005064,0.028163609685738833,0.030590613636969476,0.04698884754262214,1.0,21.412731006160165,0.0572876571005064,0.0535006372956726
2002-06-30,BM,0.0535006372956726,0.03320726118343114,0.03489837585945127,0.04647696297053357,1.0,21.49486652977413,0.0535006372956726,0.00773504362703173
2002-07-31,BM,0.00773504362703173,0.03468463816732519,0.03243883862230074,0.047117759587114366,1.0,21.579739904175224,0.00773504362703173,-0.0385061449390376
2002-08-31,BM,-0.0385061449390376,0.033557871031091306,0.027552536366913905,0.051359760506366016,1.0,21.66461327857632,-0.0385061449390376,-0.0255914959839357
2002-09-30,BM,-0.0255914959839357,0.028718140452217763,0.024192337415871647,0.05354732600375809,1.0,21.746748802190282,-0.0255914959839357,-0.06569621184579261
2002-10-31,BM,-0.06569621184579261,0.031832674968636336,0.023705267734100605,0.05440106623387373,1.0,21.831622176591377,-0.06569621184579261,-0.0366765217391304
2002-11-30,BM,-0.0366765217391304,0.025644140996948592,0.020450752435608687,0.056903608585206183,1.0,21.913757700205338,-0.0366765217391304,0.0362279552795031
2002-12-31,BM,0.0362279552795031,0.021856317459296396,0.02305395394431363,0.05684650658916089,1.0,21.998631074606433,0.0362279552795031,0.0224159671625007
2003-01-31,BM,0.0224159671625007,0.01582330034664313,0.016372689247964606,0.05106622202568145,1.0,22.083504449007528,0.0224159671625007,0.000145967105263143
2003-02-28,BM,0.000145967105263143,0.01581421030907432,0.014508523375423401,0.0512296209989735,1.0,22.16016427104723,0.000145967105263143,-0.0183901914912281
2003-03-31,BM,-0.0183901914912281,0.011456165221817116,0.008968968829063359,0.050861627332177986,1.0,22.245037645448324,-0.0183901914912281,-0.0173478608376588
2003-04-30,BM,-0.0173478608376588,-0.0006861216753315282,-0.0020745999388587914,0.03861852309138886,1.0,22.327173169062284,-0.0173478608376588,-0.011004632132813198
2003-05-31,BM,-0.011004632132813198,-0.0074711687606192735,-0.007765624041635426,0.033807622101153276,1.0,22.412046543463383,-0.011004632132813198,0.0916169123087463
2003-06-30,BM,0.0916169123087463,-0.013335284163208892,-0.004589267790545952,0.04109276790856144,1.0,22.494182067077343,0.0916169123087463,0.00955152469135802
2003-07-31,BM,0.00955152469135802,-0.005709659737598477,-0.004437894368518759,0.04114560587540959,1.0,22.579055441478438,0.00955152469135802,0.052531714341124996
2003-08-31,BM,0.052531714341124996,-0.0013407806802897843,0.0031485939048281233,0.04265805122678233,1.0,22.663928815879533,0.052531714341124996,0.033649902004717
2003-09-30,BM,0.033649902004717,0.005761329349261188,0.00808537707054918,0.04245712037062228,1.0,22.746064339493497,0.033649902004717,0.0373453284810126
2003-10-31,BM,0.0373453284810126,0.014792794244762063,0.01667217209778295,0.03612642331800231,1.0,22.830937713894592,0.0373453284810126,0.021291824164012797
2003-11-30,BM,0.021291824164012797,0.02152205335568415,0.02150286758971155,0.03198228728977955,1.0,22.913073237508556,0.021291824164012797,0.031148796519817598
2003-12-31,BM,0.031148796519817598,0.020164223254275943,0.021079604359737755,0.03180280093361757,1.0,22.99794661190965,0.031148796519817598,0.0512041003996003
2004-01-31,BM,0.0512041003996003,0.020958116832213845,0.02347861546282939,0.03297690095740347,1.0,23.082819986310746,0.0512041003996003,0.035074125674763895
2004-02-29,BM,0.035074125674763895,0.02559976531351722,0.026389295343621114,0.032263988725927104,1.0,23.16221765913758,0.035074125674763895,0.014202041538461501
2004-03-31,BM,0.014202041538461501,0.03046015778315286,0.029105314762761916,0.029396073067783926,1.0,23.247091033538673,0.014202041538461501,-0.0192621054925894
2004-04-30,BM,-0.0192621054925894,0.033328330726436525,0.028945794374851036,0.029674943038339667,1.0,23.329226557152634,-0.0192621054925894,0.027342035351303598
2004-05-31,BM,0.027342035351303598,0.03257765133009323,0.032141349998527434,0.02691843106928268,1.0,23.41409993155373,0.027342035351303598,0.0198494730550244
2004-06-30,BM,0.0198494730550244,0.02673448069759844,0.026160730060717282,0.019435569996880512,1.0,23.496235455167692,0.0198494730550244,0.0385172932092004
2004-07-31,BM,0.0385172932092004,0.02767065782156811,0.028574544103870808,0.018978591199659823,1.0,23.581108829568787,0.0385172932092004,-0.00283486196638405
2004-08-31,BM,-0.00283486196638405,0.026396619536847687,0.023960662744911723,0.019351312224090648,1.0,23.665982203969882,-0.00283486196638405,0.012173702691511402
2004-09-30,BM,0.012173702691511402,0.023079822812202142,0.022170979468811258,0.019366845164442294,1.0,23.748117727583846,0.012173702691511402,0.0185872538922156
2004-10-31,BM,0.0185872538922156,0.02079149319497476,0.020607806586411506,0.018778812324240005,1.0,23.83299110198494,0.0185872538922156,0.0292328964499507
2004-11-30,BM,0.0292328964499507,0.020545623170265925,0.021269562610239667,0.01894429863402442,1.0,23.915126625598905,0.0292328964499507,2.8666387067257e-05
2004-12-31,BM,2.8666387067257e-05,0.02037145043664166,0.01867621843251047,0.019588081161581117,1.0,24.0,2.8666387067257e-05,0.0169028012820513
2005-01-31,BM,0.0169028012820513,0.01571913825368411,0.015817776839381386,0.01669963473348017,1.0,24.084873374401095,0.0169028012820513,0.0208537500582977
2005-02-28,BM,0.0208537500582977,0.014067199672528419,0.014632745538009202,0.015682527243334316,1.0,24.161533196440793,0.0208537500582977,0.0419769043773219
2005-03-31,BM,0.0419769043773219,0.014671900447058983,0.01694731744124757,0.01755145388349343,1.0,24.246406570841888,0.0419769043773219,-0.0161752324462178
2005-04-30,BM,-0.0161752324462178,0.02023908316250547,0.017204556861778537,0.016986025818250008,1.0,24.32854209445585,-0.0161752324462178,0.031872297456293
2005-05-31,BM,0.031872297456293,0.01628296790818534,0.017582078703860988,0.017279624562441392,1.0,24.413415468856947,0.031872297456293,0.053380605296290094
2005-06-30,BM,0.053380605296290094,0.017375951944664302,0.02037633972396646,0.0201520095286518,1.0,24.49555099247091,0.053380605296290094,0.00159426539165962
2005-07-31,BM,0.00159426539165962,0.01872716213439973,0.017299420739171397,0.019948117537239112,1.0,24.580424366872005,0.00159426539165962,0.0031489359495295
2005-08-31,BM,0.0031489359495295,0.019129810076040064,0.017798070565497526,0.01946807266455818,1.0,24.6652977412731,0.0031489359495295,0.0130232358124132
2005-09-30,BM,0.0130232358124132,0.01830937673585989,0.01786886499223934,0.019447294218721566,1.0,24.747433264887064,0.0130232358124132,-0.024616005914999302
2005-10-31,BM,-0.024616005914999302,0.017803556910423304,0.014268593341638098,0.022980375973307748,1.0,24.83230663928816,-0.024616005914999302,0.0114494285924185
2005-11-30,BM,0.0114494285924185,0.012908202149973307,0.01278663768684375,0.022495933956309135,1.0,24.914442162902123,0.0114494285924185,0.025787915151515198
2005-12-31,BM,0.025787915151515198,0.013946453259550694,0.014933241750547744,0.022396651466812405,1.0,24.999315537303218,0.025787915151515198,-0.0126783332701195
2006-01-31,BM,-0.0126783332701195,0.014754190884047412,0.012468147204533512,0.023747362692056607,1.0,25.084188911704313,-0.0126783332701195,0.011089064846283102
2006-02-28,BM,0.011089064846283102,0.01170581967237312,0.01165442343686563,0.02360074605831132,1.0,25.16084873374401,0.011089064846283102,-0.00837888125
2006-03-31,BM,-0.00837888125,0.0088978342604605,0.007458107967922137,0.0221513780480657,1.0,25.245722108145106,-0.00837888125,0.0324766908227848
2006-04-30,BM,0.0324766908227848,0.009606593460116665,0.011512434907005686,0.021883291570384055,1.0,25.32785763175907,0.0324766908227848,-0.0074075923566878895
2006-05-31,BM,-0.0074075923566878895,0.00966153831161592,0.008239110755923946,0.021495307238717006,1.0,25.412731006160165,-0.0074075923566878895,0.023876814271255098
2006-06-30,BM,0.023876814271255098,0.004135338524981557,0.005780461503837697,0.017100702628609153,1.0,25.49486652977413,0.023876814271255098,0.0119966604938272
2006-07-31,BM,0.0119966604938272,0.006161024786762965,0.006647327762351662,0.017132833287380887,1.0,25.579739904175224,0.0119966604938272,-0.0014337850624952001
2006-08-31,BM,-0.0014337850624952001,0.006965363381699119,0.006265434344682936,0.017268440128552515,1.0,25.66461327857632,-0.0014337850624952001,-0.00942751395598497
2006-09-30,BM,-0.00942751395598497,0.005651088756707446,0.004394538530649756,0.017680978482626227,1.0,25.746748802190282,-0.00942751395598497,0.0150943561320755
2006-10-31,BM,0.0150943561320755,0.0070318607529814775,0.007703735367905989,0.015315624833104047,1.0,25.831622176591377,0.0150943561320755,-0.00889716678608391
2006-11-30,BM,-0.00889716678608391,0.0073632178020412034,0.006008185753030787,0.015975302179382665,1.0,25.913757700205338,-0.00889716678608391,0.0247389320270924
2006-12-31,BM,0.0247389320270924,0.004210028534986739,0.005920770492662222,0.015859681702416282,1.0,25.998631074606433,0.0247389320270924,-0.007171204154495289
2007-01-31,BM,-0.007171204154495289,0.007611598107460549,0.006379697918964239,0.015343847767733794,1.0,26.083504449007528,-0.007171204154495289,0.02108702936311
2007-02-28,BM,0.02108702936311,0.005951573652844331,0.0072128616286998145,0.015884720582023216,1.0,26.16016427104723,0.02108702936311,0.0167534556495299
2007-03-31,BM,0.0167534556495299,0.008630292799490695,0.009307223036993972,0.015287701888745444,1.0,26.245037645448324,0.0167534556495299,0.006707420000000009
2007-04-30,BM,0.006707420000000009,0.007200907783740249,0.007159783801761906,0.013434856004766302,1.0,26.327173169062284,0.006707420000000009,-0.021953748414084703
2007-05-31,BM,-0.021953748414084703,0.008484090725257331,0.005947604130312173,0.015383597137647241,1.0,26.412046543463383,-0.021953748414084703,0.0061798932898415706
2007-06-30,BM,0.0061798932898415706,0.004317675935680986,0.004472860715194379,0.014320057878622424,1.0,26.494182067077343,0.0061798932898415706,-0.0205535222929936
2007-07-31,BM,-0.0205535222929936,0.003788878917136838,0.0017603454829593116,0.015774329119462464,1.0,26.579055441478438,-0.0205535222929936,-0.0572416521060201
2007-08-31,BM,-0.0572416521060201,0.0020507209870915285,-0.0028903101040010973,0.0232547436641656,1.0,26.663928815879533,-0.0572416521060201,-0.0354882441025695
2007-09-30,BM,-0.0354882441025695,-0.002296018844729847,-0.005062037616216475,0.025067014896203593,1.0,26.746064339493497,-0.0354882441025695,-0.0265610540835004
2007-10-31,BM,-0.0265610540835004,-0.006894437047879392,-0.0085333218008478,0.024905708230900374,1.0,26.830937713894592,-0.0265610540835004,-0.0598510723940851
2007-11-30,BM,-0.0598510723940851,-0.008500244984008164,-0.012779480601514565,0.028983158268460284,1.0,26.913073237508556,-0.0598510723940851,0.0014989055555555799
2007-12-31,BM,0.0014989055555555799,-0.016190245385933392,-0.014716149474142634,0.02695364857166721,1.0,26.99794661190965,0.0014989055555555799,0.0455169426174496
2008-01-31,BM,0.0455169426174496,-0.015402053594110586,-0.01032547057648056,0.032095388132910053,1.0,27.082819986310746,0.0455169426174496,0.010780196138996102
2008-02-29,BM,0.010780196138996102,-0.013181152389170621,-0.011184373345156718,0.03130655577711408,1.0,27.16221765913758,0.010780196138996102,-0.0249676901534336
2008-03-31,BM,-0.0249676901534336,-0.01372417598103733,-0.014661135495403675,0.0302196621929098,1.0,27.247091033538673,-0.0249676901534336,-0.013982114291555901
2008-04-30,BM,-0.013982114291555901,-0.016603731449531294,-0.016385263353033336,0.029470605257984034,1.0,27.329226557152634,-0.013982114291555901,-0.00970357058516195
2008-05-31,BM,-0.00970357058516195,-0.01587903743839231,-0.015364415200623106,0.029472350274848205,1.0,27.41409993155373,-0.00970357058516195,-0.0127628829972011
2008-06-30,BM,-0.0127628829972011,-0.017322988699756268,-0.016942979891209995,0.028710976807488423,1.0,27.496235455167692,-0.0127628829972011,0.0188871118421053
2008-07-31,BM,0.0188871118421053,-0.016614748763775132,-0.013656260379951754,0.03046406413088289,1.0,27.581108829568787,0.0188871118421053,0.040041619467473796
2008-08-31,BM,0.040041619467473796,-0.009693952041218278,-0.005549321082160595,0.03075379886058849,1.0,27.665982203969882,0.040041619467473796,0.021848422373680697
2008-09-30,BM,0.021848422373680697,-0.002827600807577979,-0.0007712655424730788,0.030127150313144658,1.0,27.748117727583846,0.021848422373680697,-0.020602557278407797
2008-10-31,BM,-0.020602557278407797,0.0015732606885293938,-0.0002747241420486951,0.029709663785123335,1.0,27.83299110198494,-0.020602557278407797,-0.0379766804339551
2008-11-30,BM,-0.0379766804339551,0.00514130751722733,0.0015481418546288053,0.02618383869413022,1.0,27.915126625598905,-0.0379766804339551,-0.0305644154159095
2008-12-31,BM,-0.0305644154159095,0.0015526178818172686,-0.0011238015596599512,0.027776821644367553,1.0,28.0,-0.0305644154159095,-0.0173188689485044
2009-01-31,BM,-0.0173188689485044,-0.005363869212124468,-0.006360119190156118,0.023826957517023288,1.0,28.084873374401095,-0.0173188689485044,-0.0413885458592132
2009-02-28,BM,-0.0413885458592132,-0.007918329674624512,-0.01070751435667356,0.02513846216135887,1.0,28.161533196440793,-0.0413885458592132,-0.0032112537289749597
2009-03-31,BM,-0.0032112537289749597,-0.009411134738786296,-0.008894477987968673,0.02479875579241777,1.0,28.246406570841888,-0.0032112537289749597,0.016268362962963002
2009-04-30,BM,0.016268362962963002,-0.008431965596733483,-0.006373604883425431,0.02575370773734338,1.0,28.32854209445585,0.016268362962963002,0.0654894104477612
2009-05-31,BM,0.0654894104477612,-0.006070880728722124,-0.00010752313068183629,0.032998384284077704,1.0,28.413415468856947,0.0654894104477612,0.000670383430276171
2009-06-30,BM,0.000670383430276171,0.0010429641299108136,0.0010119157382746033,0.032757006611558885,1.0,28.49555099247091,0.000670383430276171,0.0521061617647059
2009-07-31,BM,0.0521061617647059,-0.00061310208934638,0.00378016989849132,0.035678331687147485,1.0,28.580424366872005,0.0521061617647059,0.116087573529412
2009-08-31,BM,0.116087573529412,0.000483674483129266,0.010117332736986171,0.047499781303931676,1.0,28.6652977412731,0.116087573529412,0.0322777372581537
2009-09-30,BM,0.0322777372581537,0.009050870042741204,0.010986442310692254,0.04782821752727438,1.0,28.747433264887064,0.0322777372581537,-0.0673899023125997
2009-10-31,BM,-0.0673899023125997,0.013858169546064975,0.007087496891176263,0.05233240566283565,1.0,28.83230663928816,-0.0673899023125997,-0.014765262896137
2009-11-30,BM,-0.014765262896137,0.011184240284370012,0.009021781685994436,0.050925393779329135,1.0,28.914442162902123,-0.014765262896137,0.0289948327213282
2009-12-31,BM,0.0289948327213282,0.012620526877076604,0.013985052364097578,0.04960168632045132,1.0,28.999315537303218,0.0289948327213282,0.0530716796875
2010-01-31,BM,0.0530716796875,0.016830863392515927,0.019850931417097945,0.04972517804287953,1.0,29.084188911704313,0.0530716796875,0.007126916892224429
2010-02-28,BM,0.007126916892224429,0.025418156624035307,0.023893886646384418,0.04613616976859019,1.0,29.16084873374401,0.007126916892224429,0.040720768
2010-03-31,BM,0.040720768,0.026357990316871617,0.027554888457132328,0.0455288398713078,1.0,29.245722108145106,0.040720768,0.0880706710901612
2010-04-30,BM,0.0880706710901612,0.028580936229329532,0.03353841413439884,0.04853000121376694,1.0,29.32785763175907,0.0880706710901612,-0.0143207883740248
2010-05-31,BM,-0.0143207883740248,0.03063377810591135,0.026887564232583344,0.04921714653379402,1.0,29.412731006160165,-0.0143207883740248,-0.0533141574237289
2010-06-30,BM,-0.0533141574237289,0.029270944305520352,0.02238885249474959,0.054060334427069645,1.0,29.49486652977413,-0.0533141574237289,0.00860996268656718
2010-07-31,BM,0.00860996268656718,0.01968727892475355,0.01876416923823803,0.05334007254623361,1.0,29.579739904175224,0.00860996268656718,-0.010244499999999901
2010-08-31,BM,-0.010244499999999901,0.009916587029949476,0.00823649644412037,0.04404178993373766,1.0,29.66461327857632,-0.010244499999999901,-0.037135738805970105
2010-09-30,BM,-0.037135738805970105,0.006050929097390057,0.002452040105443387,0.04514180799169005,1.0,29.746748802190282,-0.037135738805970105,0.0136002481203007
2010-10-31,BM,0.0136002481203007,0.008801307597992745,0.009201219308185087,0.03944545105543437,1.0,29.831622176591377,0.0136002481203007,0.00139778787878789
2010-11-30,BM,0.00139778787878789,0.0113799904176689,0.010548140206095492,0.0388237399498084,1.0,29.913757700205338,0.00139778787878789,0.0393691812793092
2010-12-31,BM,0.0393691812793092,0.008871168159256147,0.01141266925259391,0.039383330159206024,1.0,29.998631074606433,0.0393691812793092,0.00036655714285712895
2011-01-31,BM,0.00036655714285712895,0.007625486485784255,0.007020575707207005,0.03719307273295465,1.0,30.083504449007528,0.00036655714285712895,-0.00149761227738344
2011-02-28,BM,-0.00149761227738344,0.007010908326750864,0.006301864943073015,0.037274072061677994,1.0,30.16016427104723,-0.00149761227738344,-0.028510848411351
2011-03-31,BM,-0.028510848411351,0.0031728737560796417,0.000532563575460432,0.036817445213897675,1.0,30.245037645448324,-0.028510848411351,-0.0387168726655348
2011-04-30,BM,-0.0387168726655348,-0.007425446198603285,-0.01003306507084757,0.02602232409881659,1.0,30.327173169062284,-0.0387168726655348,-0.000972216764418365
2011-05-31,BM,-0.000972216764418365,-0.009643272043286013,-0.008920684103380367,0.026107540830621872,1.0,30.412046543463383,-0.000972216764418365,-0.015273505736853299
2011-06-30,BM,-0.015273505736853299,-0.00488491380153051,-0.0057506297961407325,0.022251920260304626,1.0,30.494182067077343,-0.015273505736853299,0.0190289402985075
2011-07-31,BM,0.0190289402985075,-0.007056138203659645,-0.004882381661812372,0.023052078840842323,1.0,30.579055441478438,0.0190289402985075,-0.028396066416040103
2011-08-31,BM,-0.028396066416040103,-0.00439491635834079,-0.006395012196482389,0.024011486213068176,1.0,30.663928815879533,-0.028396066416040103,0.00723737404580149
2011-09-30,BM,0.00723737404580149,-0.003600400686528971,-0.002697252792168089,0.022195074716942372,1.0,30.746064339493497,0.00723737404580149,-0.041769224670367804
2011-10-31,BM,-0.041769224670367804,-0.004178843784210718,-0.007311375524723798,0.024166775964991616,1.0,30.830937713894592,-0.041769224670367804,-0.0424648396946565
2011-11-30,BM,-0.0424648396946565,-0.00810311765231578,-0.010966594489177499,0.025978929703237855,1.0,30.913073237508556,-0.0424648396946565,0.0106037852457061
2011-12-31,BM,0.0106037852457061,-0.015542574104494479,-0.01336371082531109,0.02192256959210534,1.0,30.99794661190965,0.0106037852457061,-0.0067937950769230504
2012-01-31,BM,-0.0067937950769230504,-0.014611917004235482,-0.013960406843626103,0.021610099939888487,1.0,31.082819986310746,-0.0067937950769230504,0.019497081949601102
2012-02-29,BM,0.019497081949601102,-0.015093388167829992,-0.012210848991377393,0.023479800776101976,1.0,31.16221765913758,0.019497081949601102,0.0193150421629798
2012-03-31,BM,0.0193150421629798,-0.010729030862288892,-0.008225358110183158,0.024498411211111917,1.0,31.247091033538673,0.0193150421629798,-0.0122292252621979
2012-04-30,BM,-0.0122292252621979,-0.005453402241514838,-0.006018054159905083,0.022622848213297506,1.0,31.329226557152634,-0.0122292252621979,-0.0127213597811217
2012-05-31,BM,-0.0127213597811217,-0.006476766650403886,-0.006997149411297029,0.022638856731483598,1.0,31.41409993155373,-0.0127213597811217,0.0169440871480048
2012-06-30,BM,0.0169440871480048,-0.006244753381701015,-0.00431235000422552,0.023463478651806122,1.0,31.496235455167692,0.0169440871480048,-0.028118715070552903
2012-07-31,BM,-0.028118715070552903,-0.00643428548629217,-0.008241321284980552,0.023144935703000302,1.0,31.581108829568787,-0.028118715070552903,0.00880012589547851
2012-08-31,BM,0.00880012589547851,-0.006409071727611514,-0.005141638592354002,0.02268653848515575,1.0,31.665982203969882,0.00880012589547851,0.00317108001329419
2012-09-30,BM,0.00317108001329419,-0.006267003377640876,-0.005480496428396277,0.022514546315957784,1.0,31.748117727583846,0.00317108001329419,-0.00283481229557845
2012-10-31,BM,-0.00283481229557845,-0.0021815211336716042,-0.002235962063830498,0.019399523335625578,1.0,31.83299110198494,-0.00283481229557845,-0.0195083715954555
2012-11-30,BM,-0.0195083715954555,0.0014212086298809462,-0.0003229230555637479,0.0158854235035848,1.0,31.915126625598905,-0.0195083715954555,0.033923630220055
2012-12-31,BM,0.033923630220055,-0.0013162601738610175,0.001620397358965327,0.018547062999366423,1.0,32.0,0.033923630220055,0.0170929593749999
2013-01-31,BM,0.0170929593749999,0.002385323944046078,0.003610960229958906,0.01884140136507529,1.0,32.0848733744011,0.0170929593749999,-0.00222335238095237
2013-02-28,BM,-0.00222335238095237,0.0021667673463550596,0.0018009240357461168,0.0182092334905741,1.0,32.16153319644079,-0.00222335238095237,0.0257068866616489
2013-03-31,BM,0.0257068866616489,0.0002087314787248622,0.0023335777439685416,0.01885032939928846,1.0,32.24640657084189,0.0257068866616489,-0.0255778869130314
2013-04-30,BM,-0.0255778869130314,0.003657468926347299,0.0012211892730657498,0.020137729929071955,1.0,32.328542094455855,-0.0255778869130314,0.048049830654588004
2013-05-31,BM,0.048049830654588004,0.0024886937325373257,0.006285455142708225,0.023648131480267738,1.0,32.41341546885695,0.048049830654588004,0.01284888829944
2013-06-30,BM,0.01284888829944,0.005316488596772162,0.005944188571994492,0.023509475868445904,1.0,32.49555099247091,0.01284888829944,-0.00971038582677166
2013-07-31,BM,-0.00971038582677166,0.009040816175862427,0.007478216008976263,0.0216084903864946,1.0,32.580424366872,-0.00971038582677166,0.00970618651968504
2013-08-31,BM,0.00970618651968504,0.007358042382930593,0.0075537210609934735,0.021615111337188325,1.0,32.6652977412731,0.00970618651968504,-0.024704487224158
2013-09-30,BM,-0.024704487224158,0.007952142974420671,0.005230757124539125,0.02354101631606176,1.0,32.747433264887064,-0.024704487224158,0.00758633787849689
2013-10-31,BM,0.00758633787849689,0.005963990708186165,0.006099186305712069,0.023408272160283763,1.0,32.832306639288156,0.00758633787849689,-0.0034188042650918197
2013-11-30,BM,-0.0034188042650918197,0.00842714611490911,0.007439983583242376,0.02223979139781205,1.0,32.91444216290212,-0.0034188042650918197,-0.00383319262846383
2013-12-31,BM,-0.00383319262846383,0.005032379343532126,0.00429358167919914,0.020774972615703567,1.0,32.99931553730322,-0.00383319262846383,0.026004216168953497
2014-01-31,BM,0.026004216168953497,0.003130001888671788,0.005036186412028607,0.02142323377273304,1.0,33.08418891170431,0.026004216168953497,-0.0186996049233253
2014-02-28,BM,-0.0186996049233253,0.005696144484117775,0.0036631653668308625,0.02243489377051022,1.0,33.16084873374401,-0.0186996049233253,0.0137119870508475
2014-03-31,BM,0.0137119870508475,0.0016591907036655757,0.0026635903992640792,0.02161571905047338,1.0,33.24572210814511,0.0137119870508475,-0.0159751936949153
2014-04-30,BM,-0.0159751936949153,0.0052309974276545665,0.0034638148341070876,0.02063045262962249,1.0,33.327857631759066,-0.0159751936949153,-0.0434477376619796
2014-05-31,BM,-0.0434477376619796,-0.0005894593313911883,-0.00416098252560688,0.01953296017752042,1.0,33.412731006160165,-0.0434477376619796,0.00928787861150072
2014-06-30,BM,0.00928787861150072,-0.0057073344187929705,-0.004457733332935153,0.01927641350591963,1.0,33.49486652977413,0.00928787861150072,-0.0165092538461538
2014-07-31,BM,-0.0165092538461538,-0.003980219469859118,-0.005024305667883665,0.019542908576895803,1.0,33.57973990417522,-0.0165092538461538,-0.0298952970321017
2014-08-31,BM,-0.0298952970321017,-0.006363441321299013,-0.008324429297199227,0.020163123522049686,1.0,33.66461327857632,-0.0298952970321017,-0.0637231852307692
2014-09-30,BM,-0.0637231852307692,-0.006835333122021167,-0.011575987464416826,0.025487806972495163,1.0,33.74674880219028,-0.0637231852307692,-0.0946726480300187
2014-10-31,BM,-0.0946726480300187,-0.013318017041045356,-0.02009756962345979,0.034128584768924414,1.0,33.831622176591374,-0.0946726480300187,-0.0188543855000636
2014-11-30,BM,-0.0188543855000636,-0.021613821019675072,-0.021383868059707437,0.03373138922631169,1.0,33.91375770020534,-0.0188543855000636,0.026540908415331
2014-12-31,BM,0.026540908415331,-0.022979384008002323,-0.01885269297272454,0.03621620510558057,1.0,33.998631074606436,0.026540908415331,-0.00872456213910758
2015-01-31,BM,-0.00872456213910758,-0.02293059380378619,-0.021746757831729625,0.03359880684337798,1.0,34.08350444900753,-0.00872456213910758,-0.037786316338582704
2015-02-28,BM,-0.037786316338582704,-0.022023771732493667,-0.02333731711633441,0.03389194297453212,1.0,34.16016427104723,-0.037786316338582704,-0.0468498697478992
2015-03-31,BM,-0.0468498697478992,-0.026705435676987323,-0.028384138516229968,0.032347328260543234,1.0,34.24503764544832,-0.0468498697478992,0.0729702106227106
2015-04-30,BM,0.0729702106227106,-0.02951222440907677,-0.020972021489761145,0.04366118989506244,1.0,34.327173169062284,0.0729702106227106,-0.026657462759462697
2015-05-31,BM,-0.026657462759462697,-0.018928774565014024,-0.019572831914551402,0.043141382981318026,1.0,34.41204654346338,-0.026657462759462697,-0.0349020281882868
2015-06-30,BM,-0.0349020281882868,-0.022196532871465245,-0.02325532414786703,0.042332324677589406,1.0,34.49418206707735,-0.0349020281882868,-0.14267434496124
2015-07-31,BM,-0.14267434496124,-0.023868603266204606,-0.03376908174079088,0.05444029817693815,1.0,34.57905544147844,-0.14267434496124,0.124680038608077
2015-08-31,BM,0.124680038608077,-0.03412124398703536,-0.02088780377077599,0.07115999667024657,1.0,34.66392881587954,0.124680038608077,-0.108951799651568
2015-09-30,BM,-0.108951799651568,-0.016993678183503887,-0.02465685497250922,0.07474266451653123,1.0,34.7460643394935,-0.108951799651568,-0.02206372
2015-10-31,BM,-0.02206372,-0.018291782876372006,-0.018606110970007663,0.07142465828667173,1.0,34.83093771389459,-0.02206372,-0.0473475613333333
2015-11-30,BM,-0.0473475613333333,-0.018583540558184408,-0.020980542289446805,0.0719056541996667,1.0,34.913073237508556,-0.0473475613333333,-0.052996233016949106
2015-12-31,BM,-0.052996233016949106,-0.025300674171699344,-0.027608637408803482,0.07078404455643432,1.0,34.997946611909654,-0.052996233016949106,-0.0685467186202619
2016-01-31,BM,-0.0685467186202619,-0.02932537152423039,-0.03259381711556634,0.07143673908076092,1.0,35.082819986310746,-0.0685467186202619,-0.00450732308921824
2016-02-29,BM,-0.00450732308921824,-0.03212177173165578,-0.029820567678119303,0.07186153525712634,1.0,35.162217659137575,-0.00450732308921824,0.10539472335550601
2016-03-31,BM,0.10539472335550601,-0.02827244930813932,-0.017133518252835534,0.08138937046272877,1.0,35.24709103353867,0.10539472335550601,0.142568450993884
2016-04-30,BM,0.142568450993884,-0.02532476633243065,-0.011333664888571085,0.09037744253103254,1.0,35.32922655715264,0.142568450993884,-0.0835541872986412
2016-05-31,BM,-0.0835541872986412,-0.009940592354853678,-0.016075058600169292,0.09271663507062103,1.0,35.41409993155373,-0.0835541872986412,0.063691857064321
2016-06-30,BM,0.063691857064321,-0.014363515910340442,-0.00785890149578531,0.09523099276209344,1.0,35.49623545516769,0.063691857064321,0.026715939876033098
2016-07-31,BM,0.026715939876033098,0.004397047910165105,0.006256955573987449,0.08548656918238462,1.0,35.58110882956879,0.026715939876033098,-0.0462431018207283
2016-08-31,BM,-0.0462431018207283,-0.0045087792472934315,-0.007986639461746325,0.07786069031112075,1.0,35.66598220396988,-0.0462431018207283,0.0133469963585434
2016-09-30,BM,0.0133469963585434,0.0011920114646010865,0.002204926872429624,0.07115916998723627,1.0,35.748117727583846,0.0133469963585434,-0.0374128365203535
2016-10-31,BM,-0.0374128365203535,0.004411167497195941,0.0009258338290668323,0.0717703846323697,1.0,35.832991101984945,-0.0374128365203535,0.0990891386353759
2016-11-30,BM,0.0990891386353759,0.0053143242983759225,0.013128892159792599,0.07518438386670413,1.0,35.9151266255989,0.0990891386353759,0.0332300708649912
2016-12-31,BM,0.0332300708649912,0.019140267175860013,0.020314417483287623,0.0723574154440546,1.0,36.0,0.0332300708649912,0.0427776821665439
2017-01-31,BM,0.0427776821665439,0.028392702583610294,0.02959145088218811,0.06685607868846696,1.0,36.0848733744011,0.0427776821665439,-0.0681055595431098
2017-02-28,BM,-0.0681055595431098,0.032691339425043216,0.024291597844363813,0.07211859297939284,1.0,36.16153319644079,-0.0681055595431098,-0.0382721452991453
2017-03-31,BM,-0.0382721452991453,0.01691858643425996,0.012319358789809534,0.06930072600911767,1.0,36.24640657084189,-0.0382721452991453,-0.0961211059981685
2017-04-30,BM,-0.0961211059981685,0.00047853222580275143,-0.007571437626194839,0.06243198472082226,1.0,36.328542094455855,-0.0961211059981685,-0.08638029357366771
2017-05-31,BM,-0.08638029357366771,-0.0006639149286997311,-0.007806946482447049,0.06274919183318635,1.0,36.41341546885695,-0.08638029357366771,0.0144899375494071
2017-06-30,BM,0.0144899375494071,-0.014306837713971432,-0.011907106442023205,0.059157269761112595,1.0,36.49555099247091,0.0144899375494071,0.0121582911038658
2017-07-31,BM,0.0121582911038658,-0.01541829247093743,-0.013120243839703815,0.05843811913273317,1.0,36.580424366872,0.0121582911038658,-0.0333751007655232
2017-08-31,BM,-0.0333751007655232,-0.010109074932337968,-0.012047910418436725,0.05789056145878308,1.0,36.6652977412731,-0.0333751007655232,0.0196802115921231
2017-09-30,BM,0.0196802115921231,-0.014356538307253114,-0.011520142482305082,0.058171312934936256,1.0,36.747433264887064,0.0196802115921231,-0.00851669844389844
2017-10-31,BM,-0.00851669844389844,-0.009166261206118877,-0.009112130975933828,0.057597289214055554,1.0,36.832306639288156,-0.00851669844389844,0.00122917929292929
2017-11-30,BM,0.00122917929292929,-0.018948610031507454,-0.017267127587804378,0.04680064615772393,1.0,36.91444216290212,0.00122917929292929,0.0109823772066459
2017-12-31,BM,0.0109823772066459,-0.02185778199260399,-0.019121102059333154,0.04502537274798305,1.0,36.99931553730322,0.0109823772066459,-0.00888026070391873
2018-01-31,BM,-0.00888026070391873,-0.024748264261685627,-0.023425930631871705,0.0408446756924112,1.0,37.08418891170431,-0.00888026070391873,-0.0256804903846154
2018-02-28,BM,-0.0256804903846154,-0.01936414618539553,-0.01989050820199717,0.03838795516060822,1.0,37.16084873374401,-0.0256804903846154,0.0133753122515025
2018-03-31,BM,0.0133753122515025,-0.01821945028407463,-0.015586553406109855,0.03902962513619886,1.0,37.24572210814511,0.0133753122515025,0.0432519002053772
2018-04-30,BM,0.0432519002053772,-0.008265230443195448,-0.003972136222481046,0.03318521199269043,1.0,37.327857631759066,0.0432519002053772,-0.0026241012443439
2018-05-31,BM,-0.0026241012443439,0.0035195144458086344,0.0030075464716292715,0.02075826757344175,1.0,37.412731006160165,-0.0026241012443439,-0.00821815533980583
2018-06-30,BM,-0.00821815533980583,0.0019636927372858166,0.0011152053975281944,0.020651132521363524,1.0,37.49486652977413,-0.00821815533980583,-0.0299643274336283
2018-07-31,BM,-0.0299643274336283,0.00011128851513384999,-0.0023950128139296474,0.02213037824707541,1.0,37.57973990417522,-0.0299643274336283,-0.0497200089271852
2018-08-31,BM,-0.0497200089271852,0.00042135881803338646,-0.0037570884940681475,0.024578106408078268,1.0,37.66461327857632,-0.0497200089271852,-0.0239652300884956
2018-09-30,BM,-0.0239652300884956,-0.0058877521382673685,-0.007394208634119707,0.02401748358835747,1.0,37.74674880219028,-0.0239652300884956,-0.00233550640012643
2018-10-31,BM,-0.00233550640012643,-0.007292164105958019,-0.006879109297138705,0.02405747144213939,1.0,37.831622176591374,-0.00233550640012643,-0.0947460769911504
2018-11-30,BM,-0.0947460769911504,-0.007616226441690357,-0.014877047320812012,0.03471132480957936,1.0,37.91375770020534,-0.0947460769911504,-0.0302597684737282
2018-12-31,BM,-0.0302597684737282,-0.017227904096035477,-0.01831389279417652,0.033951586068026826,1.0,37.998631074606436,-0.0302597684737282,-0.015912398582152
2019-01-31,BM,-0.015912398582152,-0.0191714957114727,-0.018899904284029292,0.03383444319345456,1.0,38.08350444900753,-0.015912398582152,-0.0195462261884904
2019-02-28,BM,-0.0195462261884904,-0.018283487365794212,-0.018388715601018877,0.03376896184640457,1.0,38.16016427104723,-0.0195462261884904,0.0060637562861026095
2019-03-31,BM,0.0060637562861026095,-0.021276354496702652,-0.018998011931468866,0.03320499091426184,1.0,38.24503764544832,0.0060637562861026095,0.0132460557382724
2019-04-30,BM,0.0132460557382724,-0.02465709485300034,-0.021498498970394266,0.02894804868826868,1.0,38.327173169062284,0.0132460557382724,-0.04146484508547
2019-05-31,BM,-0.04146484508547,-0.023214353309126134,-0.024735227623821448,0.028816945599605705,1.0,38.41204654346338,-0.04146484508547,-0.0340943175116864
2019-06-30,BM,-0.0340943175116864,-0.02623677964964106,-0.026891574471478153,0.028434231604883852,1.0,38.49418206707735,-0.0340943175116864,-0.0326180683069224
2019-07-31,BM,-0.0326180683069224,-0.026612233293100886,-0.027112719544252664,0.028470598639368877,1.0,38.57905544147844,-0.0326180683069224,-0.0630876669146211
2019-08-31,BM,-0.0630876669146211,-0.02505751141853154,-0.028226691043205656,0.029671751136814736,1.0,38.66392881587954,-0.0630876669146211,0.0282454146825397
2019-09-30,BM,0.0282454146825397,-0.028614096584542947,-0.02387580397895271,0.033882573997231255,1.0,38.7460643394935,0.0282454146825397,-0.0360828456703333
2019-10-31,BM,-0.0360828456703333,-0.02583401284975512,-0.026688082251469954,0.033328172038276094,1.0,38.83093771389459,-0.0360828456703333,-0.06888227217576649
2019-11-30,BM,-0.06888227217576649,-0.02050099182058993,-0.024532765183521293,0.029094129181241987,1.0,38.913073237508556,-0.06888227217576649,0.104650817147501
2019-12-31,BM,0.104650817147501,-0.024012128520775233,-0.013290216381752195,0.04714582061437474,1.0,38.997946611909654,0.104650817147501,-0.135748620743034
2020-01-31,BM,-0.135748620743034,-0.013051836181715865,-0.02327656822849236,0.0589626003930128,1.0,39.082819986310746,-0.135748620743034,-0.0432142771993754
2020-02-29,BM,-0.0432142771993754,-0.02361569023212892,-0.025248905812732775,0.05922176050995642,1.0,39.162217659137575,-0.0432142771993754,-0.0964450448551101
2020-03-31,BM,-0.0964450448551101,-0.02809551145808147,-0.033791305907833837,0.061638330983755756,1.0,39.24709103353867,-0.0964450448551101,0.224989537713771
2020-04-30,BM,0.224989537713771,-0.03806742969384351,-0.016146015743208952,0.09667699677795433,1.0,39.32922655715264,0.224989537713771,-0.16612619073394502
2020-05-31,BM,-0.16612619073394502,-0.013844303984821603,-0.026534461213915204,0.1059025413659635,1.0,39.41409993155373,-0.16612619073394502,0.0722018848662616
2020-06-30,BM,0.0722018848662616,-0.02584720155048148,-0.017676444349086204,0.10959386678350046,1.0,39.49623545516769,0.0722018848662616,-0.0165705946990117
2020-07-31,BM,-0.0165705946990117,-0.016318114898373846,-0.016339154881760316,0.10949283192049782,1.0,39.58110882956879,-0.0165705946990117,-0.005368867692307679
2020-08-31,BM,-0.005368867692307679,-0.012089290151500261,-0.011529254946567528,0.10851593298881713,1.0,39.66598220396988,-0.005368867692307679,-0.0238849765133438
2020-09-30,BM,-0.0238849765133438,-0.015145134003759114,-0.015873454212891155,0.10782011936592806,1.0,39.748117727583846,-0.0238849765133438,-0.016066987419021
2020-10-31,BM,-0.016066987419021,-0.014036236807669161,-0.014205466025281796,0.1076337186428653,1.0,39.832991101984945,-0.016066987419021,0.10224351568627499
2020-11-30,BM,0.10224351568627499,-0.00923484728432866,5.501629655499501e-05,0.11101419533146945,1.0,39.9151266255989,0.10224351568627499,0.0965350536086775
2020-12-31,BM,0.0965350536086775,-0.009453692871712844,-0.0006212973316802964,0.11034173959223356,1.0,40.0,0.0965350536086775,0.054306623762376195
2021-01-31,BM,0.054306623762376195,0.011663004796624566,0.01521663971043722,0.10254750315875366,1.0,40.0848733744011,0.054306623762376195,0.171558945744681
2021-02-28,BM,0.171558945744681,0.02052854124769289,0.03311440828910859,0.10990106195577419,1.0,40.16153319644079,0.171558945744681,0.0155651285022119
2021-03-31,BM,0.0155651285022119,0.04489254039312845,0.04244858940221876,0.10239738974232507,1.0,40.24640657084189,0.0155651285022119,0.024427200231725302
2021-04-30,BM,0.024427200231725302,0.025853957737532164,0.025735061278714944,0.0847396805600377,1.0,40.328542094455855,0.024427200231725302,0.118290895604969
2021-05-31,BM,0.118290895604969,0.043176993279865836,0.049436485140291114,0.06324821276868405,1.0,40.41341546885695,0.118290895604969,0.022932365800187902
2021-06-30,BM,0.022932365800187902,0.04736690334702105,0.045330691884784974,0.06323521391022259,1.0,40.49555099247091,0.022932365800187902,-0.0561303301886793
2021-07-31,BM,-0.0561303301886793,0.05095808157422101,0.042034047260646,0.06763388768087139,1.0,40.580424366872,-0.0561303301886793,0.00585914905660376
2021-08-31,BM,0.00585914905660376,0.046343403165459957,0.04296971532305529,0.06699311471302359,1.0,40.6652977412731,0.00585914905660376,0.0940153255166217
2021-09-30,BM,0.0940153255166217,0.049047414580909734,0.052794740492219085,0.06491013555333315,1.0,40.747433264887064,0.0940153255166217,-0.0404650528388278
2021-10-31,BM,-0.0404650528388278,0.059054897575059065,0.050761568373901854,0.06758995937264137,1.0,40.832306639288156,-0.0404650528388278,-0.0287973846153846
2021-11-30,BM,-0.0287973846153846,0.04608139134550427,0.039841493348763544,0.069085380855188,1.0,40.91444216290212,-0.0287973846153846,0.0368561837455769
2021-12-31,BM,0.0368561837455769,0.03468753332513499,0.034868254193505165,0.06674145728999045,1.0,40.99931553730322,0.0368561837455769,0.138389529777813
2022-01-31,BM,0.138389529777813,0.03310112968724415,0.041875163028124905,0.07308045775545417,1.0,41.08418891170431,0.138389529777813,0.0910943092691622
2022-02-28,BM,0.0910943092691622,0.030085728235710693,0.035169776655165,0.0631112875247206,1.0,41.16084873374401,0.0910943092691622,0.08080095138055221
2022-03-31,BM,0.08080095138055221,0.03695201739634253,0.04060609522836003,0.06407140895862284,1.0,41.24572210814511,0.08080095138055221,0.09172934070663599
2022-04-30,BM,0.09172934070663599,0.04207690386441771,0.04621460693460258,0.06545710923788553,1.0,41.327857631759066,0.09172934070663599,0.0967422329096186
2022-05-31,BM,0.0967422329096186,0.039662217055478344,0.044418885043323385,0.063568373240181,1.0,41.412731006160165,0.0967422329096186,-0.0752431620145631
2022-06-30,BM,-0.0752431620145631,0.0463722049745175,0.036237591058760794,0.07230267880249772,1.0,41.49486652977413,-0.0752431620145631,-0.0501593739130435
2022-07-31,BM,-0.0501593739130435,0.04463467480852806,0.03673517074839711,0.07162660922284533,1.0,41.57973990417522,-0.0501593739130435,0.029658564524817202
2022-08-31,BM,0.029658564524817202,0.0395420818112874,0.038718455370748237,0.07102088762008782,1.0,41.66461327857632,0.029658564524817202,-0.0120631247943596
2022-09-30,BM,-0.0120631247943596,0.033691467175668816,0.029878584511499797,0.0701083165188851,1.0,41.74674880219028,-0.0120631247943596,0.0445698132376395
2022-10-31,BM,0.0445698132376395,0.03627346063425683,0.0369648233512054,0.06655958643564364,1.0,41.831622176591374,0.0445698132376395,-0.0081588902116402
2022-11-30,BM,-0.0081588902116402,0.04294320589362265,0.03868469788485077,0.06495309490802925,1.0,41.91375770020534,-0.0081588902116402,0.045923683744993296
2022-12-31,BM,0.045923683744993296,0.03885092644296655,0.039440322884802134,0.06498262546955792,1.0,41.998631074606436,0.045923683744993296,-0.00802549677035524
2023-01-31,BM,-0.00802549677035524,0.03044494043998295,0.02723907067245478,0.05809535231471035,1.0,42.08350444900753,-0.00802549677035524,0.037403187234404195
2023-02-28,BM,0.037403187234404195,0.021434048981845,0.022764810502891617,0.054698644894912184,1.0,42.16016427104723,0.037403187234404195,-0.044446384888350406
2023-03-31,BM,-0.044446384888350406,0.017488797695831546,0.012327532480483065,0.054567113934443696,1.0,42.24503764544832,-0.044446384888350406,-0.00422412267365663
2023-04-30,BM,-0.00422412267365663,0.0051091862781055064,0.004331410532125347,0.04857545554802797,1.0,42.327173169062284,-0.00422412267365663,-0.0587549065093927
2023-05-31,BM,-0.0587549065093927,-0.00406957332037406,-0.008626684419458927,0.041974559726717896,1.0,42.41204654346338,-0.0587549065093927,0.010786166931217001
2023-06-30,BM,0.010786166931217001,-0.0025706410017222042,-0.001457573673977252,0.03655985158934287,1.0,42.49418206707735,0.010786166931217001,0.034044569397557
2023-07-31,BM,0.034044569397557,0.0029698627113923866,0.005559421601906123,0.03437828116480081,1.0,42.57905544147844,0.034044569397557,-0.0099026875
2023-08-31,BM,-0.0099026875,0.0033685904270960047,0.0022626505998380227,0.03374828226482121,1.0,42.66392881587954,-0.0099026875,-0.0027757207207207203
2023-09-30,BM,-0.0027757207207207203,0.003564993817492332,0.003036600939307929,0.03349542909042658,1.0,42.7460643394935,-0.0027757207207207203,-0.006889561699314009
2023-10-31,BM,-0.006889561699314009,-0.0007391456332676879,-0.0012516803054381962,0.030887229161420785,1.0,42.83093771389459,-0.006889561699314009,0.0428005215307051
2023-11-30,BM,0.0428005215307051,-0.0006237521321471252,0.002994937339757245,0.03326301792846263,1.0,42.913073237508556,0.0428005215307051,-0.00881473394495412
2023-12-31,BM,-0.00881473394495412,-0.0009076759698096889,-0.0015665974677383729,0.030477431067370362,1.0,42.997946611909654,-0.00881473394495412,-0.013352682500214298
2024-01-31,BM,-0.013352682500214298,-0.0009794248038641326,-0.0020105296118932948,0.030618534731786048,1.0,43.082819986310746,-0.013352682500214298,-0.0327923728028809
2024-02-29,BM,-0.0327923728028809,-0.0055935947797385414,-0.007860159615000386,0.029070297401069492,1.0,43.162217659137575,-0.0327923728028809,0.080859965119609
2024-03-31,BM,0.080859965119609,-0.0045341391356049495,0.0025820362189962307,0.036331978536318754,1.0,43.24709103353867,0.080859965119609,-0.0142940647975078
2024-04-30,BM,-0.0142940647975078,0.003200777936510107,0.0017428743753419667,0.036618634083368316,1.0,43.32922655715264,-0.0142940647975078,0.0444408508884411
2024-05-31,BM,0.0444408508884411,0.007242672637590552,0.010342520825161449,0.03306447786459462,1.0,43.41409993155373,0.0444408508884411,-0.0313934385714286
2024-06-30,BM,-0.0313934385714286,0.01030218936097456,0.006827553699940983,0.035186890920587785,1.0,43.49623545516769,-0.0313934385714286,0.00898663063063059
2024-07-31,BM,0.00898663063063059,0.004353279545612235,0.004739392136030449,0.034153212100148746,1.0,43.58110882956879,0.00898663063063059,-0.0203458980907513
2024-08-31,BM,-0.0203458980907513,0.006070490284760469,0.0038691245868011735,0.034689078405356046,1.0,43.66598220396988,-0.0203458980907513,-0.00502632558726949
2024-09-30,BM,-0.00502632558726949,0.004473201432939508,0.0036815741812554433,0.034734325084097434,1.0,43.748117727583846,-0.00502632558726949,0.00259112719002695
2024-10-31,BM,0.00259112719002695,0.004642586534034464,0.0044716315887005234,0.034579495503281175,1.0,43.832991101984945,0.00259112719002695,-0.0296885947802197
2024-11-30,BM,-0.0296885947802197,0.0009871870485182684,-0.0015691281038765431,0.03359259189342994,1.0,43.9151266255989,-0.0296885947802197,0.014520588184338198
1952-06-30,GP,-0.0185892772972636,-0.010728854637784509,-0.011383889859407767,0.026952613668539332,0.0,0.0,-0.0185892772972636,0.00156277034276056
1952-07-31,GP,0.00156277034276056,-0.010369661698208655,-0.00937529236146122,0.026943732535494477,0.0,0.0,0.00156277034276056,0.000258795692971807
1952-08-31,GP,0.000258795692971807,-0.005032297924411022,-0.004591373456295787,0.022404430084701298,0.0,0.0,0.000258795692971807,0.026771167499505498
1952-09-30,GP,0.026771167499505498,-0.0036478125357047946,-0.0011128975327706033,0.02384081227129396,0.0,0.0,0.026771167499505498,-0.00744644915527189
1952-10-31,GP,-0.00744644915527189,0.0015794467718330783,0.0008272887779076643,0.02209499072809511,0.0,0.0,-0.00744644915527189,0.0136031524841421
1952-11-30,GP,0.0136031524841421,0.0007081192095330656,0.0017827053157504849,0.022402567313555735,0.0,0.0,0.0136031524841421,-0.0121209334769007
1952-12-31,GP,-0.0121209334769007,4.690758300381086e-05,-0.0009670791719882317,0.021864517526848964,0.0,0.0,-0.0121209334769007,-0.00100799172601118
1953-01-31,GP,-0.00100799172601118,0.002540040671714965,0.002244371305237786,0.018207347308051243,0.0,0.0,-0.00100799172601118,-0.000928522925581812
1953-02-28,GP,-0.000928522925581812,0.0007793847428255576,0.0006370591037916101,0.017492751284738976,0.0,0.0,-0.000928522925581812,0.0226474066313997
1953-03-31,GP,0.0226474066313997,0.0035845398112458837,0.005173112046258701,0.015232444918994417,0.0,0.0,0.0226474066313997,-0.0127947628701615
1953-04-30,GP,-0.0127947628701615,0.003015579348419229,0.0016980508302041682,0.014035618506462792,0.0,0.0,-0.0127947628701615,0.010833438453679001
1953-05-31,GP,0.010833438453679001,0.001086850472689907,0.001899066137772332,0.014157405404025044,0.0,0.0,0.010833438453679001,-0.00810265615067187
1953-06-30,GP,-0.00810265615067187,0.00376164281368469,0.002772951233321643,0.013058788526622756,0.0,0.0,-0.00810265615067187,0.00178165751057786
1953-07-31,GP,0.00178165751057786,0.002882967677918104,0.002791191830639751,0.013057097228702798,0.0,0.0,0.00178165751057786,0.0307997408483532
1953-08-31,GP,0.0307997408483532,0.003021409661336837,0.0053362705935882,0.015302116150157523,0.0,0.0,0.0307997408483532,0.021539843796493197
1953-09-30,GP,0.021539843796493197,0.0033876436021411734,0.004900326951670509,0.01469855516173887,0.0,0.0,0.021539843796493197,0.00768290148067995
1953-10-31,GP,0.00768290148067995,0.006022761143210726,0.006161106171333162,0.014183049525130068,0.0,0.0,0.00768290148067995,0.0341121952942547
1953-11-30,GP,0.0341121952942547,0.005484556506532349,0.00787019307217588,0.016246889004514452,0.0,0.0,0.0341121952942547,0.020106318946549
1953-12-31,GP,0.020106318946549,0.009687568213001022,0.010555797440796688,0.015276551881858877,0.0,0.0,0.020106318946549,-0.041044481200288
1954-01-31,GP,-0.041044481200288,0.011607051001415585,0.007219423317940285,0.021239744562497567,0.0,0.0,-0.041044481200288,0.00678037835200299
1954-02-28,GP,0.00678037835200299,0.007960145703715022,0.007861831757739019,0.02108693199188473,0.0,0.0,0.00678037835200299,0.0247648636110989
1954-03-31,GP,0.0247648636110989,0.006517688587406229,0.008038286506047286,0.021230277125940923,0.0,0.0,0.0247648636110989,-0.024320426030849
1954-04-30,GP,-0.024320426030849,0.00993220008570263,0.0070778145759899935,0.022482258844130965,0.0,0.0,-0.024320426030849,-0.013692234531449401
1954-05-31,GP,-0.013692234531449401,0.006736394223472813,0.005034008493895959,0.023212723978808525,0.0,0.0,-0.013692234531449401,0.0193647793793595
1954-06-30,GP,0.0193647793793595,0.006228250734311217,0.007322961454731908,0.023153761657832093,0.0,0.0,0.0193647793793595,-0.0177586252107189
1954-07-31,GP,-0.0177586252107189,0.007826716358745912,0.00569460456129051,0.02424050864709855,0.0,0.0,-0.0177586252107189,0.00814656689586507
1954-08-31,GP,0.00814656689586507,0.0034123194442848117,0.0038068400652498335,0.022955698931872895,0.0,0.0,0.00814656689586507,-0.0406081680304378
1954-09-30,GP,-0.0406081680304378,0.0021947488169549822,-0.0013721609203277494,0.02546472454247076,0.0,0.0,-0.0406081680304378,0.0182144174696379
1954-10-31,GP,0.0182144174696379,-0.0021953484113284493,-0.0004945345879145867,0.025981411744222457,0.0,0.0,0.0182144174696379,0.00550556441884284
1954-11-30,GP,0.00550556441884284,-0.0036406009408390676,-0.0028784204941989084,0.023732508983621288,0.0,0.0,0.00550556441884284,-0.0340327404787464
1954-12-31,GP,-0.0340327404787464,-0.004967942261539627,-0.007390008779640192,0.02410882914371045,0.0,0.0,-0.0340327404787464,0.00402264164617106
1955-01-31,GP,0.00402264164617106,-0.004330511286854028,-0.003634415209101937,0.021788160564255685,0.0,0.0,0.00402264164617106,0.000323944091410686
1955-02-28,GP,0.000323944091410686,-0.004581214623747839,-0.004172451397484629,0.021586380884637473,0.0,0.0,0.000323944091410686,-0.00269802617677487
1955-03-31,GP,-0.00269802617677487,-0.006803116398264949,-0.006461025546474109,0.019604371281712236,0.0,0.0,-0.00269802617677487,-0.000521915166115154
1955-04-30,GP,-0.000521915166115154,-0.00483744368425821,-0.004477816307746289,0.01882156047703453,0.0,0.0,-0.000521915166115154,-0.0177219659253904
1955-05-31,GP,-0.0177219659253904,-0.003640141923773279,-0.004813627257241372,0.019035639528060786,0.0,0.0,-0.0177219659253904,-0.0448033077914954
1955-06-30,GP,-0.0448033077914954,-0.007011664224205087,-0.010160967854812613,0.020576601625090923,0.0,0.0,-0.0448033077914954,-0.0142396612734447
1955-07-31,GP,-0.0142396612734447,-0.009470271731548406,-0.009867720860039763,0.020483344222520173,0.0,0.0,-0.0142396612734447,0.00631103885057484
1955-08-31,GP,0.00631103885057484,-0.01150538338330384,-0.010020681530480616,0.02034296446337965,0.0,0.0,0.00631103885057484,0.00382575505460704
1955-09-30,GP,0.00382575505460704,-0.007240000939575417,-0.006317854606726879,0.01820039106406554,0.0,0.0,0.00382575505460704,0.0254041338397716
1955-10-31,GP,0.0254041338397716,-0.008548061159123679,-0.005718711575882405,0.019173706174313934,0.0,0.0,0.0254041338397716,-0.00555850365118729
1955-11-30,GP,-0.00555850365118729,-0.006739100302675608,-0.006640717248384917,0.01884815219904018,0.0,0.0,-0.00555850365118729,0.0160028225043767
1955-12-31,GP,0.0160028225043767,-0.004150533318352053,-0.002471086999791324,0.017739423003485275,0.0,0.0,0.0160028225043767,-0.016407090561122897
1956-01-31,GP,-0.016407090561122897,-0.0030614259676060864,-0.004173564683732487,0.01803738777152675,0.0,0.0,-0.016407090561122897,0.0237219771793596
1956-02-29,GP,0.0237219771793596,-0.0045824291178364115,-0.0022237285930700778,0.019751023621602935,0.0,0.0,0.0237219771793596,-0.0209822350857949
1956-03-31,GP,-0.0209822350857949,-0.002180610630915096,-0.0037474126688217466,0.020482652360206022,0.0,0.0,-0.0209822350857949,0.0106515458271888
1956-04-30,GP,0.0106515458271888,-0.004040639714522346,-0.0028162909193797502,0.020892477645580842,0.0,0.0,0.0106515458271888,0.0187119773521308
1956-05-31,GP,0.0187119773521308,-0.0014612295551969642,0.00021987102041368285,0.02117485575645099,0.0,0.0,0.0187119773521308,0.00258144088971739
1956-06-30,GP,0.00258144088971739,0.004312887276041781,0.004168600077181415,0.01573502326116918,0.0,0.0,0.00258144088971739,-0.00299161165602064
1956-07-31,GP,-0.00299161165602064,0.005842078381783789,0.005105937545300087,0.014848819527878445,0.0,0.0,-0.00299161165602064,0.00287564865677823
1956-08-31,GP,0.00287564865677823,0.0049963828811842,0.0048196550291503696,0.014856588016182034,0.0,0.0,0.00287564865677823,-0.00455148146295236
1956-09-30,GP,-0.00455148146295236,0.004910009572290672,0.004121551986020419,0.015102325137048792,0.0,0.0,-0.00455148146295236,0.0086282473671366
1956-10-31,GP,0.0086282473671366,0.0021867718174975845,0.0027235614466341695,0.013660799764669999,0.0,0.0,0.0086282473671366,-0.019704538406844302
1956-11-30,GP,-0.019704538406844302,0.0034764764555270293,0.0015447252169960852,0.01498648832294625,0.0,0.0,-0.019704538406844302,0.00422674026090367
1956-12-31,GP,0.00422674026090367,0.00023035273632512015,0.0005633850300399993,0.014324624188520495,0.0,0.0,0.00422674026090367,-0.0146907818388911
1957-01-31,GP,-0.0146907818388911,0.0021061555383275355,0.000706410756892649,0.014147246851783403,0.0,0.0,-0.0146907818388911,0.0211359364652003
1957-02-28,GP,0.0211359364652003,-0.001385913463331619,0.0004909073640460408,0.01377970329113777,0.0,0.0,0.0211359364652003,0.0305379555574457
1957-03-31,GP,0.0305379555574457,0.0024430112231224902,0.004784256584316091,0.014488922222445182,0.0,0.0,0.0305379555574457,-0.00654147071870528
1957-04-30,GP,-0.00654147071870528,0.004250866653145844,0.0033515052054915845,0.01470445583849676,0.0,0.0,-0.00654147071870528,0.0261916194448143
1957-05-31,GP,0.0261916194448143,0.0019550986467062005,0.003974808713215209,0.01554903055532303,0.0,0.0,0.0261916194448143,0.0359895017278053
1957-06-30,GP,0.0359895017278053,0.004101478515351374,0.006758813783055868,0.018064245819987175,0.0,0.0,0.0359895017278053,0.0161625234659819
1957-07-31,GP,0.0161625234659819,0.007645216095699186,0.008354991709889412,0.01797036019106463,0.0,0.0,0.0161625234659819,0.0257785848948528
1957-08-31,GP,0.0257785848948528,0.008853113805626794,0.01026356972972896,0.018542625728183094,0.0,0.0,0.0257785848948528,0.0282334284880997
1957-09-30,GP,0.0282334284880997,0.011610392565427263,0.012995645558983299,0.018576568524898463,0.0,0.0,0.0282334284880997,0.0270063952786509
1957-10-31,GP,0.0270063952786509,0.01339268175824209,0.014527157884942824,0.01893783721079661,0.0,0.0,0.0270063952786509,0.032758015171643
1957-11-30,GP,0.032758015171643,0.01763913027510529,0.018899037349816766,0.01617026908804944,0.0,0.0,0.032758015171643,0.0411267869519615
1957-12-31,GP,0.0411267869519615,0.020232882539717955,0.021974041240738252,0.016628514364131302,0.0,0.0,0.0411267869519615,-0.044168996210352196
1958-01-31,GP,-0.044168996210352196,0.025307206975250015,0.019517523376449828,0.023354502741099657,0.0,0.0,-0.044168996210352196,0.0387124024387585
1958-02-28,GP,0.0387124024387585,0.019370394913836148,0.020982228874246344,0.024007272678525524,0.0,0.0,0.0387124024387585,-0.00118434623471352
1958-03-31,GP,-0.00118434623471352,0.020113526448500948,0.018338703724899742,0.024598645552340096,0.0,0.0,-0.00118434623471352,0.0167861994499333
1958-04-30,GP,0.0167861994499333,0.02060053776522747,0.020282676238952958,0.02334341611025398,0.0,0.0,0.0167861994499333,-0.013593802770471699
1958-05-31,GP,-0.013593802770471699,0.019745499583874657,0.016967224387679124,0.025180907993574718,0.0,0.0,-0.013593802770471699,0.017595075388930702
1958-06-30,GP,0.017595075388930702,0.015237926447667654,0.01543435552610624,0.02446743720930361,0.0,0.0,0.017595075388930702,-0.0204600978885828
1958-07-31,GP,-0.0204600978885828,0.015368158440662999,0.012382470413225849,0.02656265978602179,0.0,0.0,-0.0204600978885828,0.005151094488801941
1958-08-31,GP,0.005151094488801941,0.011164641823987036,0.010663512879388277,0.02628290660988823,0.0,0.0,0.005151094488801941,-0.0324913181633609
1958-09-30,GP,-0.0324913181633609,0.009066247824050876,0.0056031173250998935,0.028356575713813826,0.0,0.0,-0.0324913181633609,-0.0139992263337199
1958-10-31,GP,-0.0139992263337199,0.0036573647838679837,0.0021859821907356607,0.028011489635812025,0.0,0.0,-0.0139992263337199,0.036124600478392804
1958-11-30,GP,0.036124600478392804,-0.0005932935348013701,0.002466530966298144,0.02836020769749119,0.0,0.0,0.036124600478392804,-0.00389111281995649
1958-12-31,GP,-0.00389111281995649,-0.0010480377596712518,-0.0012849606813616883,0.025627107724828423,0.0,0.0,-0.00389111281995649,-0.0052437857365706594
1959-01-31,GP,-0.0052437857365706594,0.002613588003091994,0.0019588068581201062,0.021897701440402886,0.0,0.0,-0.0052437857365706594,-0.00337893979533452
1959-02-28,GP,-0.00337893979533452,-0.0013824291037561115,-0.001548804994720979,0.018597720467383526,0.0,0.0,-0.00337893979533452,0.0176540643467403
1959-03-31,GP,0.0176540643467403,-0.0015819376092671112,2.1062553733506028e-05,0.019408692578639506,0.0,0.0,0.0176540643467403,0.0366911663392894
1959-04-30,GP,0.0366911663392894,-0.001503040800466475,0.001679809794513181,0.02168845568776811,0.0,0.0,0.0366911663392894,-0.00608464059630062
1959-05-31,GP,-0.00608464059630062,0.0030683200276936246,0.0023055733090274378,0.02131278894913924,0.0,0.0,-0.00608464059630062,-0.00999745230414109
1959-06-30,GP,-0.00999745230414109,0.0009156185744907772,6.196001271454854e-06,0.0209994256069539,0.0,0.0,-0.00999745230414109,-0.00201069796874214
1959-07-31,GP,-0.00201069796874214,0.0018667681730763872,0.0015436459945915098,0.020017193246077182,0.0,0.0,-0.00201069796874214,-0.0250615112127654
1959-08-31,GP,-0.0250615112127654,0.0012156961314814705,-0.0009740711472057687,0.021376117068259683,0.0,0.0,-0.0250615112127654,0.016274729912086502
1959-09-30,GP,0.016274729912086502,0.0018911331269901523,0.0030897661924148482,0.019382112610029097,0.0,0.0,0.016274729912086502,0.0461335636016374
1959-10-31,GP,0.0461335636016374,0.004643310967518007,0.00810083202036129,0.022139505296620777,0.0,0.0,0.0461335636016374,0.0302462711547857
1959-11-30,GP,0.0302462711547857,0.005553216705994789,0.007610971243394032,0.021519428759458482,0.0,0.0,0.0302462711547857,-0.0139557035396763
1959-12-31,GP,-0.0139557035396763,0.00865661524915317,0.006772255350084047,0.022194033077444175,0.0,0.0,-0.0139557035396763,0.0265891133307964
1960-01-31,GP,0.0265891133307964,0.007864622721598111,0.009424996939031302,0.022527164023277906,0.0,0.0,0.0265891133307964,0.061706943096147306
1960-02-29,GP,0.061706943096147306,0.010588991187610013,0.014848820513321453,0.026626458236372125,0.0,0.0,0.061706943096147306,0.039322787798501804
1960-03-31,GP,0.039322787798501804,0.014593798346647013,0.016654547467634912,0.02755264208425671,0.0,0.0,0.039322787798501804,0.0476464807092197
1960-04-30,GP,0.0476464807092197,0.014833036661120869,0.017567490331795773,0.028443981945729647,0.0,0.0,0.0476464807092197,0.048339920736291696
1960-05-31,GP,0.048339920736291696,0.019717684052531808,0.022102870442845132,0.028667917292456265,0.0,0.0,0.048339920736291696,0.0393741151663436
1960-06-30,GP,0.0393741151663436,0.025021081601662058,0.026217167732052193,0.027144529280382246,0.0,0.0,0.0393741151663436,0.00556092727559783
1960-07-31,GP,0.00556092727559783,0.02878333734121531,0.02684813650241385,0.026509296100341754,0.0,0.0,0.00556092727559783,0.009388270828270519
1960-08-31,GP,0.009388270828270519,0.03156719538561197,0.029718951672500177,0.021828894536718737,0.0,0.0,0.009388270828270519,-0.00782298903811844
1960-09-30,GP,-0.00782298903811844,0.030941153650719602,0.02771080842664977,0.024161888746297898,0.0,0.0,-0.00782298903811844,0.017886479697703298
1960-10-31,GP,0.017886479697703298,0.026036012501650895,0.025356884767988596,0.023572699142171107,0.0,0.0,0.017886479697703298,0.0487111565789703
1960-11-30,GP,0.0487111565789703,0.02491239509646159,0.026895625220003976,0.024505095647748366,0.0,0.0,0.0487111565789703,-0.00956799508375311
1960-12-31,GP,-0.00956799508375311,0.030609382379974914,0.027261267591330907,0.023864498265031918,0.0,0.0,-0.00956799508375311,-0.025737732302407997
1961-01-31,GP,-0.025737732302407997,0.027322372524106776,0.02290069712189721,0.028356375509540323,0.0,0.0,-0.025737732302407997,0.0126622679088246
1961-02-28,GP,0.0126622679088246,0.019372856578783567,0.018813640856286985,0.025661036455253906,0.0,0.0,0.0126622679088246,0.00773532537459008
1961-03-31,GP,0.00773532537459008,0.016949172952449274,0.016181352320961007,0.02497695913137239,0.0,0.0,0.00773532537459008,0.0165630067148995
1961-04-30,GP,0.0165630067148995,0.01332088610384658,0.013591062821434323,0.02294639904655912,0.0,0.0,0.0165630067148995,-0.00573583127108358
1961-05-31,GP,-0.00573583127108358,0.010432075738265472,0.00908475015415305,0.020701938828516616,0.0,0.0,-0.00573583127108358,0.0506872115568995
1961-06-30,GP,0.0506872115568995,0.006331171516681183,0.010027508186699374,0.022395061617334323,0.0,0.0,0.0506872115568995,-0.00919306970661
1961-07-31,GP,-0.00919306970661,0.010433560996799514,0.008798008438182054,0.023057767114209475,0.0,0.0,-0.00919306970661,0.049939851127860806
1961-08-31,GP,0.049939851127860806,0.008744348220901286,0.012177306796481246,0.025943178799944164,0.0,0.0,0.049939851127860806,0.056487586878205404
1961-09-30,GP,0.056487586878205404,0.013995515508717582,0.0175365214561749,0.02799718929874898,0.0,0.0,0.056487586878205404,0.0591763948165508
1961-10-31,GP,0.0591763948165508,0.01750470707058141,0.020977347716078856,0.03047197498360662,0.0,0.0,0.0591763948165508,0.0277346413316129
1961-11-30,GP,0.0277346413316129,0.018456092364906907,0.019229304778799073,0.029316118537346527,0.0,0.0,0.0277346413316129,-0.045588377949955704
1961-12-31,GP,-0.045588377949955704,0.021847241129940183,0.016227606206615525,0.03400228341287746,0.0,0.0,-0.045588377949955704,-0.0604920201798866
1962-01-31,GP,-0.0604920201798866,0.020042636980163116,0.013331415550158975,0.03901266046609514,0.0,0.0,-0.0604920201798866,0.0187083495444427
1962-02-28,GP,0.0187083495444427,0.013392247153916646,0.013835255686460483,0.03904226363254971,0.0,0.0,0.0187083495444427,0.0180827103879031
1962-03-31,GP,0.0180827103879031,0.01438979480572143,0.014697537770903234,0.03900954568727316,0.0,0.0,0.0180827103879031,0.0232090193881433
1962-04-30,GP,0.0232090193881433,0.014527949685085395,0.015251372160340218,0.03908554226608199,0.0,0.0,0.0232090193881433,-0.034779416413769304
1962-05-31,GP,-0.034779416413769304,0.017159299745015108,0.012831073398449744,0.04133763275634627,0.0,0.0,-0.034779416413769304,-0.022555760182653598
1962-06-30,GP,-0.022555760182653598,0.009389606293136126,0.00672749242015365,0.04064133038087943,0.0,0.0,-0.022555760182653598,0.0161694745254557
1962-07-31,GP,0.0161694745254557,0.008174816249859438,0.008841037772825792,0.04039686860789268,0.0,0.0,0.0161694745254557,-0.0186869238422279
1962-08-31,GP,-0.0186869238422279,0.005104782013277154,0.003122139858651733,0.03887881360167506,0.0,0.0,-0.0186869238422279,-0.0244176306709863
1962-09-30,GP,-0.0244176306709863,-0.001729264415853146,-0.0036199616037809086,0.03566546643652426,0.0,0.0,-0.0244176306709863,0.00577309896464746
1962-10-31,GP,0.00577309896464746,-0.009328721278356518,-0.008070236258106189,0.029999194429591685,0.0,0.0,0.00577309896464746,0.0403872099556927
1962-11-30,GP,0.0403872099556927,-0.011325225129898833,-0.00701585553943287,0.03155408422003894,0.0,0.0,0.0403872099556927,-0.015329371465060299
1962-12-31,GP,-0.015329371465060299,-0.003509262593021704,-0.004494271665691587,0.029321473638655473,0.0,0.0,-0.015329371465060299,-0.0124612151584946
1963-01-31,GP,-0.0124612151584946,0.0005964327446897778,-0.0004917045805755871,0.0237270746970519,0.0,0.0,-0.0124612151584946,-0.0102542943452497
1963-02-28,GP,-0.0102542943452497,-0.0022371640464863406,-0.002905258238049954,0.023060154528958463,0.0,0.0,-0.0102542943452497,0.00432070857738307
1963-03-31,GP,0.00432070857738307,-0.0048132553858638676,-0.0040520917222599566,0.022249443385849953,0.0,0.0,0.00432070857738307,0.020750803421325
1963-04-30,GP,0.020750803421325,-0.006530374550478433,-0.004256943052828147,0.02198538130109488,0.0,0.0,0.020750803421325,0.008459452801940241
1963-05-31,GP,0.008459452801940241,-0.0014821727472880428,-0.0006537039515190191,0.019980017880852925,0.0,0.0,0.008459452801940241,-0.00369490911271752
1963-06-30,GP,-0.00369490911271752,0.0013373920694932154,0.0009180336376423207,0.018807920992839344,0.0,0.0,-0.00369490911271752,-0.00302415056499392
1963-07-31,GP,-0.00302415056499392,-0.0004684609885225318,-0.0006814351198951475,0.018199279646730133,0.0,0.0,-0.00302415056499392,0.0165742294042725
1963-08-31,GP,0.0165742294042725,0.0009554274912260117,0.002256994317313219,0.01787150982991918,0.0,0.0,0.0165742294042725,0.0144717966756162
1963-09-30,GP,0.0144717966756162,0.004681960225340448,0.005497779929530094,0.016025357693876762,0.0,0.0,0.0144717966756162,0.038401301922056603
1963-10-31,GP,0.038401301922056603,0.005472750926337606,0.008216796842647523,0.018632284553819236,0.0,0.0,0.038401301922056603,-0.00303455319366983
1963-11-30,GP,-0.00303455319366983,0.005292213832370689,0.004598316580200645,0.015820926617784482,0.0,0.0,-0.00303455319366983,-0.0032351711777457697
1963-12-31,GP,-0.0032351711777457697,0.006409924584315278,0.005606166604143523,0.014787527143059876,0.0,0.0,-0.0032351711777457697,0.0126567814998171
1964-01-31,GP,0.0126567814998171,0.007248655855292443,0.007699332992336165,0.013738086704752699,0.0,0.0,0.0126567814998171,0.00911483836349985
1964-02-29,GP,0.00911483836349985,0.009331480932116698,0.00931342738473196,0.012520864774695991,0.0,0.0,0.00911483836349985,0.00220597998951975
1964-03-31,GP,0.00220597998951975,0.00976731091267277,0.009137200002410016,0.012612073926748795,0.0,0.0,0.00220597998951975,-0.007457330596587169
1964-04-30,GP,-0.007457330596587169,0.008081417873417747,0.0067865221675840045,0.012876698200813098,0.0,0.0,-0.007457330596587169,0.022311782371696197
1964-05-31,GP,0.022311782371696197,0.006634437564460708,0.007940882965063666,0.013638672767311955,0.0,0.0,0.022311782371696197,-0.00897131578475999
1964-06-30,GP,-0.00897131578475999,0.008998682244861956,0.007501182409060127,0.014124312094981242,0.0,0.0,-0.00897131578475999,-0.0335358053251051
1964-07-31,GP,-0.0335358053251051,0.008458030861246859,0.0049585445123841955,0.018315740255351983,0.0,0.0,-0.0335358053251051,-0.0179549716918493
1964-08-31,GP,-0.0179549716918493,0.0039025731585761673,0.002081111087707379,0.01902362016042495,0.0,0.0,-0.0179549716918493,-0.007376711498848309
1964-09-30,GP,-0.007376711498848309,0.0009546851251702129,0.0002604020731686699,0.01877382342770785,0.0,0.0,-0.007376711498848309,-0.0156461255636447
1964-10-31,GP,-0.0156461255636447,-0.0032069524585484153,-0.004243550217306439,0.01486876913778911,0.0,0.0,-0.0156461255636447,-0.000494670237195917
1964-11-30,GP,-0.000494670237195917,-0.00435345903763704,-0.004031893304266946,0.014905575820409168,0.0,0.0,-0.000494670237195917,0.0101215900353352
1964-12-31,GP,0.0101215900353352,-0.004104322588496145,-0.002918829869843532,0.015458911810187008,0.0,0.0,0.0101215900353352,0.0238690751465967
1965-01-31,GP,0.0238690751465967,-0.004334794539812681,-0.0019844720659452316,0.0167692179832551,0.0,0.0,0.0238690751465967,0.012608709430129398
1965-02-28,GP,0.012608709430129398,-0.002993500286803876,-0.0016933161437261025,0.017008079316459774,0.0,0.0,0.012608709430129398,-0.0030804904877233304
1965-03-31,GP,-0.0030804904877233304,-0.0020477976103848174,-0.0021338553501630262,0.01696631214870932,0.0,0.0,-0.0030804904877233304,0.0320936394375043
1965-04-30,GP,0.0320936394375043,-0.001649903055033559,0.0011620588193445962,0.019491813282385615,0.0,0.0,0.0320936394375043,0.000513222658812708
1965-05-31,GP,0.000513222658812708,-0.0007606433217782773,-0.0006544878233956945,0.018322243602563654,0.0,0.0,0.000513222658812708,-0.000423860183814977
1965-06-30,GP,-0.000423860183814977,0.00010158744581924077,5.78001433497232e-05,0.018134713143950036,0.0,0.0,-0.000423860183814977,0.002920469557232
1965-07-31,GP,0.002920469557232,0.003111764276845616,0.0030958230502111475,0.014729239869785601,0.0,0.0,0.002920469557232,0.0252588659059642
1965-08-31,GP,0.0252588659059642,0.005009531663125733,0.006696976183362273,0.014393497399397968,0.0,0.0,0.0252588659059642,-0.00140167110174747
1965-09-30,GP,-0.00140167110174747,0.007976402336290508,0.007194896216454009,0.0139591766877928,0.0,0.0,-0.00140167110174747,0.0064419305736329105
1965-10-31,GP,0.0064419305736329105,0.009271352741917527,0.009035567561227142,0.011991067058128566,0.0,0.0,0.0064419305736329105,0.027036809878598002
1965-11-30,GP,0.027036809878598002,0.00990195281562924,0.011329857570876636,0.012619237384433697,0.0,0.0,0.027036809878598002,-0.00159197218547557
1965-12-31,GP,-0.00159197218547557,0.011439700074107677,0.010353727385809072,0.013162538046108821,0.0,0.0,-0.00159197218547557,0.014149027411534301
1966-01-31,GP,0.014149027411534301,0.009125059407555652,0.009543723407887207,0.012539547932358704,0.0,0.0,0.014149027411534301,0.0319439206159183
1966-02-28,GP,0.0319439206159183,0.009265088314956097,0.011154991006702948,0.014112738868803341,0.0,0.0,0.0319439206159183,0.0127735481363266
1966-03-31,GP,0.0127735481363266,0.012449125688014429,0.012476160892040442,0.013382105750801532,0.0,0.0,0.0127735481363266,0.0131677607478872
1966-04-30,GP,0.0131677607478872,0.010692753751543728,0.010899004334572351,0.011892213150475195,0.0,0.0,0.0131677607478872,0.00913058016587325
1966-05-31,GP,0.00913058016587325,0.011843166305095954,0.01161711746016073,0.011460393041292153,0.0,0.0,0.00913058016587325,0.00479724649096306
1966-06-30,GP,0.00479724649096306,0.012711751791431249,0.012052209683058897,0.011053590653861753,0.0,0.0,0.00479724649096306,0.000143166713037653
1966-07-31,GP,0.000143166713037653,0.012882367876315888,0.011820767779376037,0.011288748913100681,0.0,0.0,0.000143166713037653,0.018972286833271
1966-08-31,GP,0.018972286833271,0.010599122495140749,0.011296886189984937,0.010741011856580893,0.0,0.0,0.018972286833271,-0.0360400848810375
1966-09-30,GP,-0.0360400848810375,0.01245130048923334,0.008410351708377435,0.017185123560961406,0.0,0.0,-0.0360400848810375,-0.054419237218457504
1966-10-31,GP,-0.054419237218457504,0.008589299084263301,0.0033385877257032337,0.025015671949728115,0.0,0.0,-0.054419237218457504,0.08151997366630971
1966-11-30,GP,0.08151997366630971,0.0011842038936218898,0.007878851374679209,0.033285237951571525,0.0,0.0,0.08151997366630971,-0.0263054387162442
1966-12-31,GP,-0.0263054387162442,0.00873983533469328,0.00581939583044849,0.034660628207165575,0.0,0.0,-0.0263054387162442,0.0312223215716257
1967-01-31,GP,0.0312223215716257,0.005062156595804324,0.0072421703437894405,0.03537665518262569,0.0,0.0,0.0312223215716257,0.054607416046330896
1967-02-28,GP,0.054607416046330896,0.004996556682686815,0.009130794962990489,0.03736438782090733,0.0,0.0,0.054607416046330896,0.031679867839831496
1967-03-31,GP,0.031679867839831496,0.008799635583596298,0.01070632160494923,0.03792633514887394,0.0,0.0,0.031679867839831496,0.0359905333845126
1967-04-30,GP,0.0359905333845126,0.010482554410136687,0.012608219324668013,0.038626771191512414,0.0,0.0,0.0359905333845126,0.00304555279169006
1967-05-31,GP,0.00304555279169006,0.012924368339103902,0.012101133710152747,0.03871641297100185,0.0,0.0,0.00304555279169006,0.0440078477623497
1967-06-30,GP,0.0440078477623497,0.01276512345735181,0.015368683816101633,0.03968642542769979,0.0,0.0,0.0440078477623497,0.00113478967288828
1967-07-31,GP,0.00113478967288828,0.016752821734561996,0.015451319062755854,0.039652858917827875,0.0,0.0,0.00113478967288828,0.00180681294919566
1967-08-31,GP,0.00180681294919566,0.015131231083618113,0.014020862905749576,0.03982354522728453,0.0,0.0,0.00180681294919566,0.0379908497160904
1967-09-30,GP,0.0379908497160904,0.018571858159093856,0.020190107455510236,0.03699730842023858,0.0,0.0,0.0379908497160904,0.0663993679706166
1967-10-31,GP,0.0663993679706166,0.026972775153143665,0.03025832455459974,0.03076172744851819,0.0,0.0,0.0663993679706166,-0.00441249665416114
1967-11-30,GP,-0.00441249665416114,0.02559817463535338,0.023097285361227172,0.02758139362534042,0.0,0.0,-0.00441249665416114,-0.00623573570473299
1967-12-31,GP,-0.00623573570473299,0.027588442095542752,0.02476976061218644,0.024779568039517964,0.0,0.0,-0.00623573570473299,-0.048511594129101
1968-01-31,GP,-0.048511594129101,0.024183164161328322,0.01812526763712588,0.03240794919532115,0.0,0.0,-0.048511594129101,-0.005725889023860589
1968-02-29,GP,-0.005725889023860589,0.014808708690834515,0.013097492214609924,0.030877492677642126,0.0,0.0,-0.005725889023860589,0.0559677919015931
1968-03-31,GP,0.0559677919015931,0.011408185339589783,0.015121485886423392,0.03293383780939198,0.0,0.0,0.0559677919015931,0.0616552381469265
1968-04-30,GP,0.0616552381469265,0.013224299750233464,0.017260211283291218,0.03516971527981346,0.0,0.0,0.0616552381469265,0.0336413491217457
1968-05-31,GP,0.0336413491217457,0.018552452964345868,0.01980986097746252,0.03515456028815443,0.0,0.0,0.0336413491217457,-0.0634754232633432
1968-06-30,GP,-0.0634754232633432,0.01761004399701823,0.010852921725321445,0.041541270910023936,0.0,0.0,-0.0634754232633432,-0.0272542832494505
1968-07-31,GP,-0.0272542832494505,0.011736388275542641,0.00848716564845988,0.042930180563792684,0.0,0.0,-0.0272542832494505,0.0100919318698428
1968-08-31,GP,0.0100919318698428,0.009094470439302081,0.009177592225180475,0.04287956954900009,0.0,0.0,0.0100919318698428,-0.020089143715592603
1968-09-30,GP,-0.020089143715592603,0.006558205180552299,0.004337592772540224,0.042608645325005946,0.0,0.0,-0.020089143715592603,-0.0299756199992221
1968-10-31,GP,-0.0299756199992221,-0.0013043867909212643,-0.0036936562249463346,0.038755860935326195,0.0,0.0,-0.0299756199992221,0.00199586165382843
1968-11-30,GP,0.00199586165382843,-0.003628307095017715,-0.0031596263659472035,0.03878919244122748,0.0,0.0,0.00199586165382843,-0.0186049860494304
1968-12-31,GP,-0.0186049860494304,-0.002879980062421222,-0.0041903972280053214,0.03904189215901247,0.0,0.0,-0.0186049860494304,-0.042179920660240004
1969-01-31,GP,-0.042179920660240004,-0.00016119750972389495,-0.0036627577722669045,0.038426384557814094,0.0,0.0,-0.042179920660240004,0.033032047096745495
1969-02-28,GP,0.033032047096745495,-0.003475200385758387,-0.00043292976221639734,0.03984005300534382,0.0,0.0,0.033032047096745495,0.035845601840473196
1969-03-31,GP,0.035845601840473196,-0.005560268095289988,-0.0021097789339763894,0.03761150287232679,0.0,0.0,0.035845601840473196,0.0221173184593609
1969-04-30,GP,0.0221173184593609,-0.007906598668603925,-0.005404605574606855,0.03296221098765597,0.0,0.0,0.0221173184593609,0.0127595069730254
1969-05-31,GP,0.0127595069730254,-0.008954237819729816,-0.007144759087000216,0.031218572095753457,0.0,0.0,0.0127595069730254,0.0619119066450014
1969-06-30,GP,0.0619119066450014,-0.0020237896164235786,0.003304185072028503,0.03163155189433889,0.0,0.0,0.0619119066450014,0.0132994317450807
1969-07-31,GP,0.0132994317450807,0.0060822276467084125,0.00668366132157277,0.030204064267356046,0.0,0.0,0.0132994317450807,0.0642191775329854
1969-08-31,GP,0.0642191775329854,0.006373818544457312,0.011194265126834654,0.034495998764361754,0.0,0.0,0.0642191775329854,0.0397508316160237
1969-09-30,GP,0.0397508316160237,0.01403821138523713,0.016180929737802677,0.033882332714317724,0.0,0.0,0.0397508316160237,0.00105042653261618
1969-10-31,GP,0.00105042653261618,0.020376979713895838,0.01876643361545587,0.031110396174971324,0.0,0.0,0.00105042653261618,0.038541047091924
1969-11-30,GP,0.038541047091924,0.020291031066512907,0.021811865735297167,0.031108186038207832,0.0,0.0,0.038541047091924,0.0298664373494299
1969-12-31,GP,0.0298664373494299,0.025486124988454217,0.025851151018535523,0.028413306634506114,0.0,0.0,0.0298664373494299,-0.011869071889378
1970-01-31,GP,-0.011869071889378,0.03203579389842421,0.028377055082774022,0.022560025264593997,0.0,0.0,-0.011869071889378,-0.0564862198771654
1970-02-28,GP,-0.0564862198771654,0.0279538739905948,0.020917199501614785,0.03318106700309876,0.0,0.0,-0.0564862198771654,-0.036340493756733004
1970-03-31,GP,-0.036340493756733004,0.019560072016264016,0.01490169153518093,0.03659628084661918,0.0,0.0,-0.036340493756733004,-0.00648436435945348
1970-04-30,GP,-0.00648436435945348,0.01424572545116457,0.012518217966946401,0.037012641881665594,0.0,0.0,-0.00648436435945348,-0.014163861776194
1970-05-31,GP,-0.014163861776194,0.012496282602757399,0.01027460390451145,0.037804234683390676,0.0,0.0,-0.014163861776194,0.0037591578009028297
1970-06-30,GP,0.0037591578009028297,0.005580303655376001,0.0054285415008365695,0.034132082899628116,0.0,0.0,0.0037591578009028297,-0.0389535810723112
1970-07-31,GP,-0.0389535810723112,0.004713006024087103,0.001074123766053912,0.036300864451128234,0.0,0.0,-0.0389535810723112,-0.013619826104697601
1970-08-31,GP,-0.013619826104697601,-0.004666335667303497,-0.005412459870419671,0.0304794796829708,0.0,0.0,-0.013619826104697601,0.0520699637397211
1970-09-30,GP,0.0520699637397211,-0.009518213641914523,-0.00438586552677822,0.03229247713412858,0.0,0.0,0.0520699637397211,0.0145744273578687
1970-10-31,GP,0.0145744273578687,-0.004880073895814075,-0.003258865458007177,0.03273244534249942,0.0,0.0,0.0145744273578687,-0.021320720023504398
1970-11-30,GP,-0.021320720023504398,-0.007058857508000921,-0.008247346050959543,0.030250351458131035,0.0,0.0,-0.021320720023504398,-0.014487140950312
1970-12-31,GP,-0.014487140950312,-0.01171223545099495,-0.011943477575938034,0.02777876771440548,0.0,0.0,-0.014487140950312,0.00498853871291455
1971-01-31,GP,0.00498853871291455,-0.011950241729261677,-0.010538676692413656,0.028205842957172458,0.0,0.0,0.00498853871291455,0.028247403664215097
1971-02-28,GP,0.028247403664215097,-0.00636162731198168,-0.0034775413972986135,0.02619183264617328,0.0,0.0,0.028247403664215097,0.0217954438523845
1971-03-31,GP,0.0217954438523845,-0.0004900002737136713,0.0013671200701278442,0.02490570266910642,0.0,0.0,0.0217954438523845,0.013645056363580498
1971-04-30,GP,0.013645056363580498,0.0020808913819079632,0.0030445717970473424,0.025006490176071677,0.0,0.0,0.013645056363580498,0.0077611241197775805
1971-05-31,GP,0.0077611241197775805,0.004608974849160191,0.004871653955044974,0.024429168462403106,0.0,0.0,0.0077611241197775805,0.00546036805635042
1971-06-30,GP,0.00546036805635042,0.004972789969057896,0.005013421476332274,0.024427061650495463,0.0,0.0,0.00546036805635042,-0.005149210686062809
1971-07-31,GP,-0.005149210686062809,0.009010421708027133,0.007830452341852973,0.020534778866897845,0.0,0.0,-0.005149210686062809,0.0300680787024101
1971-08-31,GP,0.0300680787024101,0.009780477655175751,0.011471111075778613,0.02025697052363732,0.0,0.0,0.0300680787024101,0.0331003973301578
1971-09-30,GP,0.0331003973301578,0.007780306288147478,0.009890313874981672,0.01732933810705633,0.0,0.0,0.0331003973301578,-0.000133014626613419
1971-10-31,GP,-0.000133014626613419,0.009464485376537395,0.008664693709608163,0.01748730970828561,0.0,0.0,-0.000133014626613419,0.026056966556552902
1971-11-30,GP,0.026056966556552902,0.011390640412618393,0.012612834257946272,0.01531540627108403,0.0,0.0,0.026056966556552902,-0.00263802197290039
1971-12-31,GP,-0.00263802197290039,0.015076468367787931,0.013600260839397237,0.0137068602139507,0.0,0.0,-0.00263802197290039,0.00851722255729393
1972-01-31,GP,0.00851722255729393,0.014383144669077481,0.013894317826428852,0.013542176782947892,0.0,0.0,0.00851722255729393,0.0366615580048459
1972-02-29,GP,0.0366615580048459,0.012589491841175556,0.014595497354814755,0.014534386786105438,0.0,0.0,0.0366615580048459,0.0240378634656649
1972-03-31,GP,0.0240378634656649,0.013940956764126594,0.014782365655921453,0.014649332602822317,0.0,0.0,0.0240378634656649,0.0223177398809292
1972-04-30,GP,0.0223177398809292,0.014885757409770632,0.015505089282367178,0.014801267887309932,0.0,0.0,0.0223177398809292,0.0383859061136122
1972-05-31,GP,0.0383859061136122,0.016209086115329868,0.018057154448520064,0.015940968331683587,0.0,0.0,0.0383859061136122,0.028574498680372
1972-06-30,GP,0.028574498680372,0.019202316847808213,0.019983332000521863,0.01567474160323028,0.0,0.0,0.028574498680372,0.0359399466675313
1972-07-31,GP,0.0359399466675313,0.02226810860839319,0.023407428446654704,0.01409367485362851,0.0,0.0,0.0359399466675313,-0.049967699818168204
1972-08-31,GP,-0.049967699818168204,0.022801914787040578,0.016737780236606513,0.02520945543888774,0.0,0.0,-0.049967699818168204,0.012204618944182899
1972-09-30,GP,0.012204618944182899,0.015250269591738213,0.014996465371108603,0.02469286106329158,0.0,0.0,0.012204618944182899,-0.0285367389883357
1972-10-31,GP,-0.0285367389883357,0.016371872643628785,0.012629488340965079,0.02747911440955274,0.0,0.0,-0.0285367389883357,-0.051815838513751
1972-11-30,GP,-0.051815838513751,0.011408808503184369,0.006140087918439754,0.032715959664027225,0.0,0.0,-0.051815838513751,0.041024726759669096
1972-12-31,GP,0.041024726759669096,0.006938097908561585,0.009778650312820545,0.034051681793155854,0.0,0.0,0.041024726759669096,0.044791885807870295
1973-01-31,GP,0.044791885807870295,0.009893325563322963,0.01280153891703524,0.03550847345231745,0.0,0.0,0.044791885807870295,0.00465927518602387
1973-02-28,GP,0.00465927518602387,0.010632446272688818,0.01013468201546674,0.034747163383304455,0.0,0.0,0.00465927518602387,-0.00297739513764002
1973-03-31,GP,-0.00297739513764002,0.008870756429085087,0.007883410465191329,0.034639478823448526,0.0,0.0,-0.00297739513764002,-0.0306564971474841
1973-04-30,GP,-0.0306564971474841,0.00657119870012425,0.0034688907128235546,0.03598225221884269,0.0,0.0,-0.0306564971474841,0.0111827110502888
1973-05-31,GP,0.0111827110502888,0.00029461658547913115,0.0012019577908799382,0.034404788862457646,0.0,0.0,0.0111827110502888,0.0160799091360168
1973-06-30,GP,0.0160799091360168,-0.001286455017255705,0.00016074199551700474,0.03368257216055963,0.0,0.0,0.0160799091360168,0.0177337858516325
1973-07-31,GP,0.0177337858516325,-0.0030919129746661144,-0.0013564380724745623,0.03230636118048989,0.0,0.0,0.0177337858516325,-0.026421133433783002
1973-08-31,GP,-0.026421133433783002,0.0030627675407703127,0.0006057757928908709,0.029694951340058066,0.0,0.0,-0.026421133433783002,-0.09809139009852821
1973-09-30,GP,-0.09809139009852821,-0.0004486644935902234,-0.00858555829400172,0.040779363554443386,0.0,0.0,-0.09809139009852821,0.00244371105105642
1973-10-31,GP,0.00244371105105642,-0.006771814594516815,-0.006003854124052378,0.040380164150567326,0.0,0.0,0.00244371105105642,0.00806727485091455
1973-11-30,GP,0.00806727485091455,-0.0018391282704434133,-0.0010135946769969154,0.037823226041217586,0.0,0.0,0.00806727485091455,-0.09627767428019571
1973-12-31,GP,-0.09627767428019571,-0.0048352602621483725,-0.012455461430318983,0.04418307916101969,0.0,0.0,-0.09627767428019571,-0.029340955410504698
1974-01-31,GP,-0.029340955410504698,-0.017659765724699825,-0.018633198198516897,0.04047836379178118,0.0,0.0,-0.029340955410504698,-0.0301555773023134
1974-02-28,GP,-0.0301555773023134,-0.020750695778929698,-0.021534435905878335,0.039900668744548715,0.0,0.0,-0.0301555773023134,0.037065865961188604
1974-03-31,GP,0.037065865961188604,-0.02322143961208182,-0.018197497480975953,0.04313689282558124,0.0,0.0,0.037065865961188604,0.0595895730067089
1974-04-30,GP,0.0595895730067089,-0.017064861147657033,-0.010676991634793203,0.04832241369016592,0.0,0.0,0.0595895730067089,0.0668909394513969
1974-05-31,GP,0.0668909394513969,-0.012664237333437023,-0.006034639268034196,0.0530573723939257,0.0,0.0,0.0668909394513969,0.0149238840712448
1974-06-30,GP,0.0149238840712448,-0.00804505275931156,-0.006130974690098528,0.053014601335267024,0.0,0.0,0.0149238840712448,-0.0829744531885275
1974-07-31,GP,-0.0829744531885275,-0.00830049837571044,-0.014523327943445194,0.0567340220010622,0.0,0.0,-0.0829744531885275,-0.030759989170248702
1974-08-31,GP,-0.030759989170248702,-0.013441709262505395,-0.014884899254817336,0.05683048506754474,0.0,0.0,-0.030759989170248702,-0.109259116422367
1974-09-30,GP,-0.109259116422367,-0.007320672814479985,-0.015815543115137238,0.058387050194575726,0.0,0.0,-0.109259116422367,0.0667791197979135
1974-10-31,GP,0.0667791197979135,-0.017475475312063934,-0.010454259052899146,0.06298851375241916,0.0,0.0,0.0667791197979135,-0.027501571890772597
1974-11-30,GP,-0.027501571890772597,-0.012138034862336756,-0.013418329614706409,0.0628744901280056,0.0,0.0,-0.027501571890772597,-0.031388232210750905
1974-12-31,GP,-0.031388232210750905,-0.005885661917843746,-0.008010876108919342,0.057675878333804026,0.0,0.0,-0.031388232210750905,-0.022450910877990903
1975-01-31,GP,-0.022450910877990903,-0.0060717779905934,-0.007436705731209859,0.05747818765645864,0.0,0.0,-0.022450910877990903,0.077062061513421
1975-02-28,GP,0.077062061513421,-0.0053713537702004465,0.0014980975034346738,0.061796652346280824,0.0,0.0,0.077062061513421,0.013403087451529102
1975-03-31,GP,0.013403087451529102,-0.0017353359927247743,-0.000473800705703618,0.060929982689008365,0.0,0.0,0.013403087451529102,0.0041932085524933995
1975-04-30,GP,0.0041932085524933995,-0.005934107406832029,-0.005090164410221576,0.057993364073974346,0.0,0.0,0.0041932085524933995,0.00243493020173254
1975-05-31,GP,0.00243493020173254,-0.011633901124914166,-0.010461498514360271,0.05353390261223959,0.0,0.0,0.00243493020173254,-0.0555896526146614
1975-06-30,GP,-0.0555896526146614,-0.012769260567597097,-0.01633762657151912,0.05435778115246972,0.0,0.0,-0.0555896526146614,-0.0403933521178418
1975-07-31,GP,-0.0403933521178418,-0.01027973324270018,-0.012789201482295315,0.0508916563197352,0.0,0.0,-0.0403933521178418,-0.0037533558586606303
1975-08-31,GP,-0.0037533558586606303,-0.011155493510663188,-0.01053864870632964,0.05062112831890209,0.0,0.0,-0.0037533558586606303,-0.0131231130937145
1975-09-30,GP,-0.0131231130937145,-0.0015640607321444268,-0.002527315095608599,0.04008882872106475,0.0,0.0,-0.0131231130937145,0.0517842521094423
1975-10-31,GP,0.0517842521094423,-0.00882790008592879,-0.0037768874029811984,0.03790644381979742,0.0,0.0,0.0517842521094423,0.0168989564546262
1975-11-30,GP,0.0168989564546262,-0.0016200979040910724,-7.684337419796635e-05,0.03754540193261503,0.0,0.0,0.0168989564546262,-0.040604585854139306
1975-12-31,GP,-0.040604585854139306,0.002769646520034119,-0.0008448728444803332,0.038330198962481625,0.0,0.0,-0.040604585854139306,0.0104773296896962
1976-01-31,GP,0.0104773296896962,0.001119312431293355,0.0018991472028269255,0.03781805883679577,0.0,0.0,0.0104773296896962,-0.0227795638148476
1976-02-29,GP,-0.0227795638148476,-0.004933845007227083,-0.006420988241195458,0.029941064170324622,0.0,0.0,-0.0227795638148476,-0.00137308606757043
1976-03-31,GP,-0.00137308606757043,-0.008223176940534054,-0.0076523360344537515,0.029349668250865577,0.0,0.0,-0.00137308606757043,-0.0464031964290215
1976-04-30,GP,-0.0464031964290215,-0.00872920372417622,-0.01186870311624666,0.031076756191333356,0.0,0.0,-0.0464031964290215,0.00472675258553513
1976-05-31,GP,0.00472675258553513,-0.013169033417881133,-0.011677717917596446,0.031179524238064683,0.0,0.0,0.00472675258553513,0.00958713300816235
1976-06-30,GP,0.00958713300816235,-0.007685723854226903,-0.006246319115694465,0.02838649616462107,0.0,0.0,0.00958713300816235,-0.0050172101052510095
1976-07-31,GP,-0.0050172101052510095,-0.0031420433882265258,-0.0032983072813118994,0.026276374404580135,0.0,0.0,-0.0050172101052510095,0.0012916564282995698
1976-08-31,GP,0.0012916564282995698,-0.0032569392288256515,-0.002877889590731883,0.02630877153342862,0.0,0.0,0.0012916564282995698,-0.010992391200974
1976-09-30,GP,-0.010992391200974,-0.0019465056359152812,-0.0027003294330035076,0.02624044112714846,0.0,0.0,-0.010992391200974,-0.0134564936999805
1976-10-31,GP,-0.0134564936999805,-0.007653473209589492,-0.008137058250455407,0.019923940503573743,0.0,0.0,-0.0134564936999805,-0.0247467336376609
1976-11-30,GP,-0.0247467336376609,-0.010413059587281007,-0.011607532424812666,0.018759594997823766,0.0,0.0,-0.0247467336376609,-0.0351233376303672
1976-12-31,GP,-0.0351233376303672,-0.008971436658510244,-0.011150761739498324,0.018042391402373695,0.0,0.0,-0.0351233376303672,-0.0581859481351665
1977-01-31,GP,-0.0581859481351665,-0.013116951869425098,-0.01687270155823688,0.021175573491462,0.0,0.0,-0.0581859481351665,0.0213390193942555
1977-02-28,GP,0.0213390193942555,-0.016335714080363183,-0.013196152957478292,0.02373239925939965,0.0,0.0,0.0213390193942555,-0.00789406731567769
1977-03-31,GP,-0.00789406731567769,-0.01427097722019719,-0.013739568061487227,0.02351069026180074,0.0,0.0,-0.00789406731567769,-0.0573538705390515
1977-04-30,GP,-0.0573538705390515,-0.010770147300802295,-0.014652124237323061,0.025055537910143578,0.0,0.0,-0.0573538705390515,-0.0226231046903268
1977-05-31,GP,-0.0226231046903268,-0.01641384031212835,-0.016931279010311554,0.024366968857542456,0.0,0.0,-0.0226231046903268,0.023449349660504798
1977-06-30,GP,0.023449349660504798,-0.019342043739263733,-0.01577609428928302,0.026011529715146295,0.0,0.0,0.023449349660504798,0.0146564605744592
1977-07-31,GP,0.0146564605744592,-0.016754174669649565,-0.014136621732640499,0.02733750142008191,0.0,0.0,0.0146564605744592,0.0530110108443866
1977-08-31,GP,0.0530110108443866,-0.015539192474544146,-0.009826675531299916,0.033396507685425424,0.0,0.0,0.0530110108443866,-0.0139540463662384
1977-09-30,GP,-0.0139540463662384,-0.009720701379511363,-0.010073480128405282,0.03341684296100644,0.0,0.0,-0.0139540463662384,0.0060376977606927396
1977-10-31,GP,0.0060376977606927396,-0.009765933440080263,-0.008448964173349179,0.033709987696359967,0.0,0.0,0.0060376977606927396,0.00883337826889154
1977-11-30,GP,0.00883337826889154,-0.0069673487675026595,-0.0056506215144698085,0.03362776097014478,0.0,0.0,0.00883337826889154,0.005226634293995311
1977-12-31,GP,0.005226634293995311,-0.002971283685751865,-0.0022881238541062657,0.03240803267289289,0.0,0.0,0.005226634293995311,0.005280856751396819
1978-01-31,GP,0.005280856751396819,0.0027934965350810267,0.0030007765531073435,0.027219878259098093,0.0,0.0,0.005280856751396819,-0.0137882643869944
1978-02-28,GP,-0.0137882643869944,0.0013336635675484194,7.350290466985223e-05,0.02695601310869041,0.0,0.0,-0.0137882643869944,-0.0212927937616548
1978-03-31,GP,-0.0212927937616548,0.0007978274701559912,-0.001043057632494907,0.027586177432472103,0.0,0.0,-0.0212927937616548,0.06874584676353951
1978-04-30,GP,0.06874584676353951,0.004076107177192054,0.00946525214272101,0.028196482168256702,0.0,0.0,0.06874584676353951,0.010727786029432
1978-05-31,GP,0.010727786029432,0.012382375491179902,0.012244493036034242,0.026327826381237287,0.0,0.0,0.010727786029432,0.00746101246575356
1978-06-30,GP,0.00746101246575356,0.011225869706536919,0.010912131603138307,0.026112918245230834,0.0,0.0,0.00746101246575356,0.024963172573619602
1978-07-31,GP,0.024963172573619602,0.010571738060290952,0.011771024269735008,0.026415024797639613,0.0,0.0,0.024963172573619602,0.020015897100723202
1978-08-31,GP,0.020015897100723202,0.008021934581130317,0.009021431457763058,0.023260984098233562,0.0,0.0,0.020015897100723202,-0.0407591701240166
1978-09-30,GP,-0.0407591701240166,0.011110111259945007,0.006787671144614874,0.026700641266328096,0.0,0.0,-0.0407591701240166,-0.00533266598862037
1978-10-31,GP,-0.00533266598862037,0.006855850543153249,0.005840140832172116,0.02693043737989227,0.0,0.0,-0.00533266598862037,-0.00641763559355346
1978-11-30,GP,-0.00641763559355346,0.005568028337924894,0.004569223010301699,0.02713542444753454,0.0,0.0,-0.00641763559355346,0.0395669926787608
1978-12-31,GP,0.0395669926787608,0.004509458348147733,0.0074309195423654896,0.028960449310768462,0.0,0.0,0.0395669926787608,-0.028029424851050703
1979-01-31,GP,-0.028029424851050703,0.007626379796089913,0.004655062742161529,0.030727737765278866,0.0,0.0,-0.028029424851050703,-0.024411461097445998
1979-02-28,GP,-0.024411461097445998,0.0063317288448120675,0.003769796349623896,0.03145188920960441,0.0,0.0,-0.024411461097445998,-0.00353704385197938
1979-03-31,GP,-0.00353704385197938,0.006048213632467414,0.005249442175430181,0.03057095911421554,0.0,0.0,-0.00353704385197938,0.00217760234782223
1979-04-30,GP,0.00217760234782223,-0.0005229582416706675,-0.0002979115258795922,0.02313750234036392,0.0,0.0,0.00217760234782223,-0.0178265435844591
1979-05-31,GP,-0.0178265435844591,-0.0013002476672715555,-0.0026774389937038504,0.02336766468993989,0.0,0.0,-0.0178265435844591,-0.04418982435943929
1979-06-30,GP,-0.04418982435943929,-0.0035991163991090703,-0.006981675395803255,0.02594521818330404,0.0,0.0,-0.04418982435943929,-0.0369360426851533
1979-07-31,GP,-0.0369360426851533,-0.009885752483932607,-0.01213994333403433,0.02515803844575058,0.0,0.0,-0.0369360426851533,0.0257911697704326
1979-08-31,GP,0.0257911697704326,-0.015063201555375926,-0.011658670611558545,0.025874149382406567,0.0,0.0,0.0257911697704326,-0.023021729983222897
1979-09-30,GP,-0.023021729983222897,-0.009013170655880543,-0.010180550599825738,0.024532445399500804,0.0,0.0,-0.023021729983222897,-0.008745301338898441
1979-10-31,GP,-0.008745301338898441,-0.010621267382662591,-0.010464936879015577,0.024490883459031155,0.0,0.0,-0.008745301338898441,-0.0215161843393471
1979-11-30,GP,-0.0215161843393471,-0.010832873359512135,-0.01172314927449838,0.02465136791371502,0.0,0.0,-0.0215161843393471,-0.0155361057090933
1979-12-31,GP,-0.0155361057090933,-0.016385889452067398,-0.016315074140152888,0.018624080276780402,0.0,0.0,-0.0155361057090933,-0.053334868200564996
1980-01-31,GP,-0.053334868200564996,-0.015250133166434908,-0.018423861085945747,0.021310038988958023,0.0,0.0,-0.053334868200564996,-0.07172264749062139
1980-02-29,GP,-0.07172264749062139,-0.017879533812173,-0.0223664599520437,0.02630878807081573,0.0,0.0,-0.07172264749062139,0.046991447108243406
1980-03-31,GP,0.046991447108243406,-0.024078225052049543,-0.01815575237202513,0.03283136982234441,0.0,0.0,0.046991447108243406,-0.0584153364374809
1980-04-30,GP,-0.0584153364374809,-0.020004239164738525,-0.02320516393746706,0.03405652707111403,0.0,0.0,-0.0584153364374809,0.0105641717199861
1980-05-31,GP,0.0105641717199861,-0.02369412942410415,-0.020839270995429957,0.03542288227902016,0.0,0.0,0.0105641717199861,-0.021833931825344603
1980-06-30,GP,-0.021833931825344603,-0.018716493416883657,-0.018976279950922065,0.034662894306401855,0.0,0.0,-0.021833931825344603,0.08649967958186061
1980-07-31,GP,0.08649967958186061,-0.017343574247810137,-0.008689969762004241,0.04547687273661432,0.0,0.0,0.08649967958186061,-0.000786303574965534
1980-08-31,GP,-0.000786303574965534,-0.011824618810407594,-0.010904759207454087,0.04427626179220748,0.0,0.0,-0.000786303574965534,0.0006724700960718751
1980-09-30,GP,0.0006724700960718751,-0.009803216409656923,-0.008930242534179521,0.04421506078831894,0.0,0.0,0.0006724700960718751,-0.013898572508849101
1980-10-31,GP,-0.013898572508849101,-0.008947055370114167,-0.009359681798342076,0.044238120838125325,0.0,0.0,-0.013898572508849101,-0.0184706532107244
1980-11-30,GP,-0.0184706532107244,-0.00825454520370526,-0.00910588753762352,0.044170723537306576,0.0,0.0,-0.0184706532107244,0.0352570135598286
1980-12-31,GP,0.0352570135598286,-0.008521322249308084,-0.004873127598546694,0.04589841075039154,0.0,0.0,0.0352570135598286,-0.0108423833416389
1981-01-31,GP,-0.0108423833416389,-0.00046751481654503204,-0.0013320871936361868,0.04339033125403826,0.0,0.0,-0.0108423833416389,0.025761327780720097
1981-02-28,GP,0.025761327780720097,0.005067054651544285,0.006791577412308937,0.037775923484503156,0.0,0.0,0.025761327780720097,0.0031298115859105104
1981-03-31,GP,0.0031298115859105104,0.003137043803587621,0.0031364411187811965,0.03559147382026348,0.0,0.0,0.0031298115859105104,0.0310228380592026
1981-04-30,GP,0.0310228380592026,0.008732057260259567,0.010589622326838155,0.030535692957326162,0.0,0.0,0.0310228380592026,0.00878196227015067
1981-05-31,GP,0.00878196227015067,0.010591936018370158,0.010441104872685202,0.03054016176381815,0.0,0.0,0.00878196227015067,-0.0347973388882954
1981-06-30,GP,-0.0347973388882954,0.013375199117960639,0.009360820950772635,0.031980890495866866,0.0,0.0,-0.0347973388882954,-0.040557566794155904
1981-07-31,GP,-0.040557566794155904,0.0023481974388555454,-0.0012272829138954076,0.024208746595080374,0.0,0.0,-0.040557566794155904,-0.0166738494738543
1981-08-31,GP,-0.0166738494738543,-0.0012673719447072152,-0.002551245072136138,0.02461349403534833,0.0,0.0,-0.0166738494738543,0.0134415146655229
1981-09-30,GP,0.0134415146655229,-0.0028443100874277773,-0.0014871580246818856,0.025037886972483485,0.0,0.0,0.0134415146655229,0.00797419437420473
1981-10-31,GP,0.00797419437420473,-0.0003588476170303221,0.0003355725489059334,0.024847643830693236,0.0,0.0,0.00797419437420473,-0.0184003914063147
1981-11-30,GP,-0.0184003914063147,0.002045229436145053,0.0003414276992734083,0.024842817235063732,0.0,0.0,-0.0184003914063147,0.019649694341867
1981-12-31,GP,0.019649694341867,-0.002832716469867974,-0.0009591822355567249,0.02320312134223505,0.0,0.0,0.019649694341867,0.0396493453255018
1982-01-31,GP,0.0396493453255018,-6.070940773107367e-05,0.0032484618200383335,0.02569251193501239,0.0,0.0,0.0396493453255018,0.00580742483280261
1982-02-28,GP,0.00580742483280261,0.0012018376417945356,0.0015856365743785429,0.024730724669020928,0.0,0.0,0.00580742483280261,-0.0204538597329636
1982-03-31,GP,-0.0204538597329636,0.0014452570278756355,-0.00037966936886096636,0.025521295850565198,0.0,0.0,-0.0204538597329636,0.04032787407319469
1982-04-30,GP,0.04032787407319469,-0.0032344427714122007,0.0003957502989717082,0.026677319739289197,0.0,0.0,0.04032787407319469,-0.0173533818683748
1982-05-31,GP,-0.0173533818683748,-0.0003666326074991084,-0.0017821950459054145,0.026995378499358815,0.0,0.0,-0.0173533818683748,0.0172500635531517
1982-06-30,GP,0.0172500635531517,0.0012191816670391279,0.002555088490881844,0.02533904257763993,0.0,0.0,0.0172500635531517,0.0415029549569562
1982-07-31,GP,0.0415029549569562,0.006474420789521637,0.009393465303474518,0.023663958697537846,0.0,0.0,0.0415029549569562,-0.023694479056848298
1982-08-31,GP,-0.023694479056848298,0.011763221192322593,0.008808412838225019,0.024441046100348356,0.0,0.0,-0.023694479056848298,0.0266141720663725
1982-09-30,GP,0.0266141720663725,0.008387221763016121,0.00990613428829582,0.024958386456875464,0.0,0.0,0.0266141720663725,0.028894741053426102
1982-10-31,GP,0.028894741053426102,0.010081765189576826,0.011649513178230935,0.02553516996301523,0.0,0.0,0.028894741053426102,0.0600311115718355
1982-11-30,GP,0.0600311115718355,0.014381322685916898,0.01818547175974345,0.02713208633547039,0.0,0.0,0.0600311115718355,-0.0162089413558528
1982-12-31,GP,-0.0162089413558528,0.018052360615914035,0.0151972521182668,0.028874854465367084,0.0,0.0,-0.0162089413558528,-0.017663201795930502
1983-01-31,GP,-0.017663201795930502,0.012974334553972707,0.01042120652481411,0.02920072641602716,0.0,0.0,-0.017663201795930502,0.0142960089438925
1983-02-28,GP,0.0142960089438925,0.01084064122408788,0.0111285885340716,0.029181608616732052,0.0,0.0,0.0142960089438925,0.0171088832730985
1983-03-31,GP,0.0171088832730985,0.013999720194711162,0.014258817117910107,0.02744906358866804,0.0,0.0,0.0171088832730985,0.00408230114509663
1983-04-30,GP,0.00408230114509663,0.011888902849247873,0.01123835270723527,0.026289384816923857,0.0,0.0,0.00408230114509663,-0.021781269095315203
1983-05-31,GP,-0.021781269095315203,0.013837601305018,0.010869362104990234,0.02675413915935959,0.0,0.0,-0.021781269095315203,0.0521045317030065
1983-06-30,GP,0.0521045317030065,0.010289298336975556,0.013773901117478136,0.02928234541346464,0.0,0.0,0.0521045317030065,-0.0377839178810559
1983-07-31,GP,-0.0377839178810559,0.011253078041161947,0.00716666171431046,0.03133028480375969,0.0,0.0,-0.0377839178810559,-0.0158770857673915
1983-08-31,GP,-0.0158770857673915,0.009972219966233984,0.007818111155098527,0.030705293971365885,0.0,0.0,-0.0158770857673915,0.0180007447186537
1983-09-30,GP,0.0180007447186537,0.00610937834498271,0.007100325542788628,0.03032427377955943,0.0,0.0,0.0180007447186537,-0.0266349581739066
1983-10-31,GP,-0.0266349581739066,0.005119015041821584,0.0024728506071775695,0.030927022475900692,0.0,0.0,-0.0266349581739066,-0.0035120124485402697
1983-11-30,GP,-0.0035120124485402697,-0.002759718571427699,-0.0028224097278537457,0.02505933995322537,0.0,0.0,-0.0035120124485402697,0.028610996326606002
1983-12-31,GP,0.028610996326606002,-0.00160545230712656,0.0009125850790178214,0.02619703879947525,0.0,0.0,0.028610996326606002,-0.0399232852711136
1984-01-31,GP,-0.0399232852711136,0.002601292976740395,-0.0009424218772474367,0.028333002119290723,0.0,0.0,-0.0399232852711136,0.00246378156419968
1984-02-29,GP,0.00246378156419968,-0.002327733770078341,-0.0019284408255551718,0.02795788187386983,0.0,0.0,0.00246378156419968,0.010100941755049
1984-03-31,GP,0.010100941755049,-0.003659106652705507,-0.0025124359520592968,0.027594908094768382,0.0,0.0,0.010100941755049,0.0322579162048109
1984-04-30,GP,0.0322579162048109,-0.003111957506346201,-0.00016446803041644058,0.029349926237703883,0.0,0.0,0.0322579162048109,-0.0072240612748503295
1984-05-31,GP,-0.0072240612748503295,0.0018006957027561726,0.0010486326212889654,0.028668151923739473,0.0,0.0,-0.0072240612748503295,0.0462128560652035
1984-06-30,GP,0.0462128560652035,-0.0035928127497762666,0.0005576596514720485,0.02775002354906929,0.0,0.0,0.0462128560652035,0.015056599594508
1984-07-31,GP,0.015056599594508,0.004043257608974588,0.0049610361077690405,0.02518687948103025,0.0,0.0,0.015056599594508,0.0056603247326593095
1984-08-31,GP,0.0056603247326593095,0.006855410823692725,0.006755820316106608,0.02431941714865688,0.0,0.0,0.0056603247326593095,-0.032308166814319604
1984-09-30,GP,-0.032308166814319604,0.005733554461329598,0.0025634110216921657,0.02644790036752985,0.0,0.0,-0.032308166814319604,0.00556863324818892
1984-10-31,GP,0.00556863324818892,0.005217808221292052,0.005247043640200125,0.02479822163882898,0.0,0.0,0.00556863324818892,-0.0297811685001195
1984-11-30,GP,-0.0297811685001195,0.006043321466449252,0.003057947302568523,0.026726253061549278,0.0,0.0,-0.0297811685001195,0.00242498377565428
1984-12-31,GP,0.00242498377565428,0.0007349428458378421,0.000875779589989213,0.02549067331594289,0.0,0.0,0.00242498377565428,0.0198170308034349
1985-01-31,GP,0.0198170308034349,0.0045847854864531044,0.005854139262868255,0.022450586569986733,0.0,0.0,0.0198170308034349,0.00915091023978167
1985-02-28,GP,0.00915091023978167,0.006162353599110851,0.00641139998583342,0.022441772961255935,0.0,0.0,0.00915091023978167,-0.028569584880047398
1985-03-31,GP,-0.028569584880047398,0.006075987097722913,0.0031888560995753878,0.02454199374101465,0.0,0.0,-0.028569584880047398,-0.0100603513398162
1985-04-30,GP,-0.0100603513398162,0.0005462142718267032,-0.0003376661958102042,0.02297567676913217,0.0,0.0,-0.0100603513398162,0.0086662168624268
1985-05-31,GP,0.0086662168624268,0.00028836972046616965,0.00098652364896289,0.023000602128477605,0.0,0.0,0.0086662168624268,-0.0136553787319201
1985-06-30,GP,-0.0136553787319201,-0.003124961116149894,-0.004002495917464077,0.018314388401409545,0.0,0.0,-0.0136553787319201,0.025602725220190997
1985-07-31,GP,0.025602725220190997,-0.005735140964006994,-0.0031236521153238266,0.019525127510762286,0.0,0.0,0.025602725220190997,-0.018726671708011
1985-08-31,GP,-0.018726671708011,-0.003922195465140477,-0.005155901818713019,0.019795022680846635,0.0,0.0,-0.018726671708011,0.0352293978736344
1985-09-30,GP,0.0352293978736344,-0.0026875140918396954,0.0004722285719498138,0.020941235677713624,0.0,0.0,0.0352293978736344,0.00104607630933998
1985-10-31,GP,0.00104607630933998,8.919055928075212e-06,9.534882704573547e-05,0.020881789302689937,0.0,0.0,0.00104607630933998,0.0383336880319628
1985-11-30,GP,0.0383336880319628,0.002811395856788028,0.005771586871385927,0.021276253358698902,0.0,0.0,0.0383336880319628,0.0169215531212785
1985-12-31,GP,0.0169215531212785,0.006075823516452439,0.006979634316854613,0.021479542018027615,0.0,0.0,0.0169215531212785,-0.0299246058398613
1986-01-31,GP,-0.0299246058398613,0.00581259827262004,0.0028344979299132623,0.02348310089354607,0.0,0.0,-0.0299246058398613,-0.011187711884615198
1986-02-28,GP,-0.011187711884615198,0.0022602786290161327,0.0011396127528801902,0.02371855809237605,0.0,0.0,-0.011187711884615198,0.0217592644846567
1986-03-31,GP,0.0217592644846567,0.003840448901328151,0.005333683533272199,0.022400732201530906,0.0,0.0,0.0217592644846567,0.0619683680327901
1986-04-30,GP,0.0619683680327901,0.0067331412490075045,0.011336076814322723,0.027065387678887134,0.0,0.0,0.0619683680327901,0.0247137360124173
1986-05-31,GP,0.0247137360124173,0.011578791355404168,0.012673370076821932,0.027316762563590762,0.0,0.0,0.0247137360124173,-0.0011741059691048
1986-06-30,GP,-0.0011741059691048,0.015066892695798478,0.013713476140389874,0.02644690808193681,0.0,0.0,-0.0011741059691048,-0.03558596438361
1986-07-31,GP,-0.03558596438361,0.012632635314953405,0.008614418673406456,0.029650853683428922,0.0,0.0,-0.03558596438361,-0.0384028599574252
1986-08-31,GP,-0.0384028599574252,0.011099972344444405,0.006974736319288607,0.03176866800317108,0.0,0.0,-0.0384028599574252,-0.00842288910038695
1986-09-30,GP,-0.00842288910038695,0.004406130723438987,0.0033370457381201608,0.03072117775544024,0.0,0.0,-0.00842288910038695,-0.00455248747075438
1986-10-31,GP,-0.00455248747075438,0.0035453156861910847,0.002870498756445631,0.030801538612383886,0.0,0.0,-0.00455248747075438,0.0179518451613531
1986-11-30,GP,0.0179518451613531,-0.00035342754132865867,0.0011720118505614897,0.02918790769596838,0.0,0.0,0.0179518451613531,0.00867145744365168
1986-12-31,GP,0.00867145744365168,-0.00025976462859460416,0.00048450387742592126,0.028878735712316823,0.0,0.0,0.00867145744365168,0.015516215627453001
1987-01-31,GP,0.015516215627453001,0.003248968397179303,0.004271238999702113,0.027473890397749053,0.0,0.0,0.015516215627453001,0.0565615933292901
1987-02-28,GP,0.0565615933292901,0.005676598171003685,0.009917014434194222,0.03077154207713289,0.0,0.0,0.0565615933292901,0.0113951439487707
1987-03-31,GP,0.0113951439487707,0.00884044624778854,0.009053337722870388,0.030553619858323503,0.0,0.0,0.0113951439487707,0.0135569628099047
1987-04-30,GP,0.0135569628099047,0.004242880421968595,0.005019053954296605,0.025750088103709205,0.0,0.0,0.0135569628099047,0.0190612923204158
1987-05-31,GP,0.0190612923204158,0.0032286283126492666,0.004548016979963146,0.025406475298136152,0.0,0.0,0.0190612923204158,0.022089209593350798
1987-06-30,GP,0.022089209593350798,0.005068209975332957,0.00648662661016778,0.02581442711053907,0.0,0.0,0.022089209593350798,0.0049176384609961
1987-07-31,GP,0.0049176384609961,0.01031140760960212,0.009861926847218289,0.022209494505520937,0.0,0.0,0.0049176384609961,0.0222532795410625
1987-08-31,GP,0.0222532795410625,0.014249634738549512,0.01491660513875893,0.016357752715212052,0.0,0.0,0.0222532795410625,-0.0207586518625043
1987-09-30,GP,-0.0207586518625043,0.017038377342317643,0.013888624908582484,0.018237443658921642,0.0,0.0,-0.0207586518625043,-0.00322952301556658
1987-10-31,GP,-0.00322952301556658,0.015565089670340378,0.0139988719465148,0.01811944804745592,0.0,0.0,-0.00322952301556658,-0.050020971574813194
1987-11-30,GP,-0.050020971574813194,0.013639510745165862,0.008334470551834276,0.025777628465442633,0.0,0.0,-0.050020971574813194,0.045888365367822204
1987-12-31,GP,0.045888365367822204,0.008303835379850875,0.011435879545515152,0.02796768268922738,0.0,0.0,0.045888365367822204,-0.0107907224877857
1988-01-31,GP,-0.0107907224877857,0.01106493990170262,0.009243634702578595,0.028641682071997136,0.0,0.0,-0.0107907224877857,0.0350214986624938
1988-02-29,GP,0.0350214986624938,0.004942002100150273,0.0074486268136789045,0.025955643794977244,0.0,0.0,0.0350214986624938,-0.013413168969104801
1988-03-31,GP,-0.013413168969104801,0.007089852528670556,0.005381267403855945,0.026592893308280595,0.0,0.0,-0.013413168969104801,-0.00587122826397837
1988-04-30,GP,-0.00587122826397837,0.00463802236694242,0.0037622514810323558,0.026641259580247482,0.0,0.0,-0.00587122826397837,-0.0121422864918753
1988-05-31,GP,-0.0121422864918753,0.002371429586542949,0.0011619532466747645,0.02653484655535521,0.0,0.0,-0.0121422864918753,-0.0016719586670533302
1988-06-30,GP,-0.0016719586670533302,-0.0007405246030230593,-0.0008181441083589129,0.025704811136136735,0.0,0.0,-0.0016719586670533302,-0.00869358627422485
1988-07-31,GP,-0.00869358627422485,-0.0013395788873911893,-0.0019524128362939921,0.025728998623852025,0.0,0.0,-0.00869358627422485,-0.0129797496183519
1988-08-31,GP,-0.0129797496183519,-0.004152930325144585,-0.004888498599578525,0.024705602032688383,0.0,0.0,-0.0129797496183519,0.0169601000088117
1988-09-30,GP,0.0169601000088117,-0.003445757393858003,-0.0017452692769688591,0.02490157953997183,0.0,0.0,0.0169601000088117,-0.0118775092327724
1988-10-31,GP,-0.0118775092327724,-0.001610337118914523,-0.0024659347950693436,0.025072988492389887,0.0,0.0,-0.0118775092327724,-0.0129318429076424
1988-11-30,GP,-0.0129318429076424,0.0018572503667255492,0.0006248259271948892,0.020557286606247012,0.0,0.0,-0.0129318429076424,0.00984592947186105
1988-12-31,GP,0.00984592947186105,-0.0034900412946803237,-0.0023787103974685403,0.015304807150846332,0.0,0.0,0.00984592947186105,0.0126584690816358
1989-01-31,GP,0.0126584690816358,-0.0016139820256215283,-0.0004246111000167486,0.015626728592901054,0.0,0.0,0.0126584690816358,-0.0112675661000849
1989-02-28,GP,-0.0112675661000849,-0.003646984714790437,-0.004282033163564973,0.011154809919734485,0.0,0.0,-0.0112675661000849,0.011785647700750499
1989-03-31,GP,0.011785647700750499,-0.0034519299085159012,-0.0021821317744103656,0.011640858000741392,0.0,0.0,0.011785647700750499,-0.005285511958590941
1989-04-30,GP,-0.005285511958590941,-0.0018467593662678217,-0.002133322082294746,0.011625200963867491,0.0,0.0,-0.005285511958590941,0.000402992803465239
1989-05-31,GP,0.000402992803465239,-0.001223416226878335,-0.001087882141016368,0.011199579783314107,0.0,0.0,0.000402992803465239,-0.032581245157010004
1989-06-30,GP,-0.032581245157010004,-0.0010347842750130106,-0.0036636560151794236,0.014433584247763125,0.0,0.0,-0.032581245157010004,0.05901978580069
1989-07-31,GP,0.05901978580069,-0.0032063896279934793,0.00197912499106348,0.02298899706434615,0.0,0.0,0.05901978580069,-0.014235414304361699
1989-08-31,GP,-0.014235414304361699,0.0033390226828285117,0.0018744862672293299,0.023066003732573503,0.0,0.0,-0.014235414304361699,0.017049775995863
1989-09-30,GP,0.017049775995863,0.0005030668361763846,0.0018819592661502716,0.023071349443019827,0.0,0.0,0.017049775995863,0.019724496208039698
1989-10-31,GP,0.019724496208039698,0.003132820038779603,0.00451545971955128,0.023161425752617867,0.0,0.0,0.019724496208039698,-0.00344277081673442
1989-11-30,GP,-0.00344277081673442,0.0061015781402052474,0.005306215727126945,0.02266833914471082,0.0,0.0,-0.00344277081673442,-0.014631701921013101
1989-12-31,GP,-0.014631701921013101,0.004893514477605659,0.003266413111054099,0.02331478582375912,0.0,0.0,-0.014631701921013101,-0.0139584502403286
1990-01-31,GP,-0.0139584502403286,0.0024125898410012146,0.0010483365008903988,0.02360434947212051,0.0,0.0,-0.0139584502403286,-0.0156135931838538
1990-02-28,GP,-0.0156135931838538,0.0021679640100699684,0.0006861675772429905,0.023842633514574708,0.0,0.0,-0.0156135931838538,0.0511429967383763
1990-03-31,GP,0.0511429967383763,-0.0003228760703486039,0.0039659466637118074,0.027874381593995995,0.0,0.0,0.0511429967383763,0.0548604661607047
1990-04-30,GP,0.0548604661607047,0.004806988356648418,0.008978111506986445,0.03126135242947817,0.0,0.0,0.0548604661607047,0.047311889753930296
1990-05-31,GP,0.047311889753930296,0.009757667752761096,0.012887186252858533,0.03297736030893847,0.0,0.0,0.047311889753930296,0.0254954307022712
1990-06-30,GP,0.0254954307022712,0.017020680017392032,0.017726909241131964,0.02980708239875004,0.0,0.0,0.0254954307022712,-0.0019283075321769498
1990-07-31,GP,-0.0019283075321769498,0.013973011372081233,0.012647901463393051,0.027210883224032877,0.0,0.0,-0.0019283075321769498,-0.0067419551408281295
1990-08-31,GP,-0.0067419551408281295,0.015091839260461664,0.013272356393687517,0.026617370215528114,0.0,0.0,-0.0067419551408281295,-0.0166694510134728
1990-09-30,GP,-0.0166694510134728,0.012928954611671562,0.0104624208095762,0.02792981861284334,0.0,0.0,-0.0166694510134728,0.0105722548369581
1990-10-31,GP,0.0105722548369581,0.009620413955170425,0.009699734028652733,0.027778454984405114,0.0,0.0,0.0105722548369581,0.0442983238514135
1990-11-30,GP,0.0442983238514135,0.0108945071964152,0.013678158584331726,0.02911180768769186,0.0,0.0,0.0442983238514135,0.027523289623638602
1990-12-31,GP,0.027523289623638602,0.016251782266635803,0.017191074546386038,0.027903442805312376,0.0,0.0,0.027523289623638602,0.0408239035455106
1991-01-31,GP,0.0408239035455106,0.020022849526996456,0.02175627069520597,0.026803576501212806,0.0,0.0,0.0408239035455106,0.007950654512701551
1991-02-28,GP,0.007950654512701551,0.025153531047847764,0.02371995800325225,0.024588549337101518,0.0,0.0,0.007950654512701551,0.0381772719159705
1991-03-31,GP,0.0381772719159705,0.021226954481877332,0.02263948093471843,0.02353632791179909,0.0,0.0,0.0381772719159705,-0.00542170932054671
1991-04-30,GP,-0.00542170932054671,0.01971030045962877,0.017615966311280814,0.02244175525227942,0.0,0.0,-0.00542170932054671,0.0121618061160107
1991-05-31,GP,0.0121618061160107,0.014916336907403587,0.014686792674787515,0.02041589279068139,0.0,0.0,0.0121618061160107,0.00755290610402131
1991-06-30,GP,0.00755290610402131,0.01370418921774354,0.013191582291600024,0.020208309036726026,0.0,0.0,0.00755290610402131,0.0313802931760079
1991-07-31,GP,0.0313802931760079,0.014566117730125202,0.015967299017282093,0.02023025679660116,0.0,0.0,0.0313802931760079,0.019720625677973
1991-08-31,GP,0.019720625677973,0.018031776668019386,0.018172514085515522,0.018930297373784283,0.0,0.0,0.019720625677973,-0.02912825176707
1991-09-30,GP,-0.02912825176707,0.021339965458150822,0.017134280689382424,0.021218307962106667,0.0,0.0,-0.02912825176707,0.0049439984136639
1991-10-31,GP,0.0049439984136639,0.017730828494148268,0.016665259320774572,0.021437616782965394,0.0,0.0,0.0049439984136639,0.024517386163122
1991-11-30,GP,0.024517386163122,0.014153162545261938,0.01501684784675028,0.019819063510137704,0.0,0.0,0.024517386163122,0.076444792693388
1991-12-31,GP,0.076444792693388,0.013879898594305884,0.019093639769229398,0.02652320869835283,0.0,0.0,0.076444792693388,-0.0273085738399507
1992-01-31,GP,-0.0273085738399507,0.01711816124411292,0.013415933320440955,0.02865533657111394,0.0,0.0,-0.0273085738399507,-0.002424142902215
1992-02-29,GP,-0.002424142902215,0.013912776848417262,0.01255136686919791,0.028989779538425832,0.0,0.0,-0.002424142902215,-0.022696730648030797
1992-03-31,GP,-0.022696730648030797,0.010221739137673125,0.007478533322197801,0.02942079997262741,0.0,0.0,-0.022696730648030797,-0.0292746818259203
1992-04-30,GP,-0.0292746818259203,0.00865128265335639,0.005490785613416667,0.031127869788634282,0.0,0.0,-0.0292746818259203,-0.0045471950668614
1992-05-31,GP,-0.0045471950668614,0.004884329204089936,0.004098368848177326,0.031176010155791335,0.0,0.0,-0.0045471950668614,-0.029116172981065
1992-06-30,GP,-0.029116172981065,0.003784320006736962,0.001042612257753468,0.03257243659455518,0.0,0.0,-0.029116172981065,0.00476735222436591
1992-07-31,GP,0.00476735222436591,-0.0017153587348151193,-0.001175132821550031,0.031195975801447173,0.0,0.0,0.00476735222436591,0.0188166480180248
1992-08-31,GP,0.0188166480180248,-0.0030747472305975823,-0.001250464293212381,0.031141974667566637,0.0,0.0,0.0188166480180248,-0.0229121751889309
1992-09-30,GP,-0.0229121751889309,0.0012838800225928543,-0.0007324579117007896,0.030684445519610894,0.0,0.0,-0.0229121751889309,0.0309089648052091
1992-10-31,GP,0.0309089648052091,-0.0012484993958248548,0.001431289287594644,0.032008043047636076,0.0,0.0,0.0309089648052091,-0.0027942628928408803
1992-11-30,GP,-0.0027942628928408803,-0.0006674467919987544,-0.0008446814670689294,0.031177483024106452,0.0,0.0,-0.0027942628928408803,-0.0268692500307512
1992-12-31,GP,-0.0268692500307512,-0.007870997299837743,-0.009454185027413863,0.020240649152277822,0.0,0.0,-0.0268692500307512,-0.0502838871374294
1993-01-31,GP,-0.0502838871374294,-0.007831058771728698,-0.011368794468870421,0.02298382688667926,0.0,0.0,-0.0502838871374294,-0.0472493800949968
1993-02-28,GP,-0.0472493800949968,-0.012181944611293643,-0.015104230901602239,0.02495593769942681,0.0,0.0,-0.0472493800949968,-0.0262205910819682
1993-03-31,GP,-0.0262205910819682,-0.014414003651926917,-0.015397885937763688,0.02507385400794901,0.0,0.0,-0.0262205910819682,-0.052579379242385496
1993-04-30,GP,-0.052579379242385496,-0.014136359038840363,-0.017339944055802456,0.02706947057004077,0.0,0.0,-0.052579379242385496,0.0102931899026499
1993-05-31,GP,0.0102931899026499,-0.018502921236615278,-0.016103245308343183,0.02802904530293442,0.0,0.0,0.0102931899026499,-0.0449233058147437
1993-06-30,GP,-0.0449233058147437,-0.01492025188355029,-0.017420506377816405,0.029049078637882586,0.0,0.0,-0.0449233058147437,-0.0716100861097494
1993-07-31,GP,-0.0716100861097494,-0.019437584432560252,-0.02378529290565935,0.031966491061225774,0.0,0.0,-0.0716100861097494,0.00720951342873798
1993-08-31,GP,0.00720951342873798,-0.02765819662599427,-0.02475255412143325,0.03071118774022519,0.0,0.0,0.00720951342873798,0.00862850120280473
1993-09-30,GP,0.00862850120280473,-0.02491986129711528,-0.022124164422121947,0.032196773197404605,0.0,0.0,0.00862850120280473,0.0157269519431546
1993-10-31,GP,0.0157269519431546,-0.02694535798824295,-0.023389332160626487,0.03015707465489876,0.0,0.0,0.0157269519431546,0.026701478141482504
1993-11-30,GP,0.026701478141482504,-0.025261611184970636,-0.02093135374109954,0.033051438110369126,0.0,0.0,0.026701478141482504,-0.0243830259037847
1993-12-31,GP,-0.0243830259037847,-0.020391544987494844,-0.020724168397185664,0.03301860837876172,0.0,0.0,-0.0243830259037847,-0.024348180644934398
1994-01-31,GP,-0.024348180644934398,-0.01803692123898169,-0.01856285952281108,0.03173156574673709,0.0,0.0,-0.024348180644934398,0.0421002187164112
1994-02-28,GP,0.0421002187164112,-0.015954994016248742,-0.011117059621860414,0.034729641881087035,0.0,0.0,0.0421002187164112,0.007772834899470889
1994-03-31,GP,0.007772834899470889,-0.00974401130730516,-0.008284274123407155,0.03477204159740944,0.0,0.0,0.007772834899470889,0.0035781226821704
1994-04-30,GP,0.0035781226821704,-0.004257446385318217,-0.0036044822963608313,0.03193160068776193,0.0,0.0,0.0035781226821704,0.021865459414768397
1994-05-31,GP,0.021865459414768397,-0.004867907041725445,-0.0026401265036842905,0.03255807566402507,0.0,0.0,0.021865459414768397,0.00979401052540879
1994-06-30,GP,0.00979401052540879,0.0012037988882302002,0.0019196498579950837,0.029813896981979428,0.0,0.0,0.00979401052540879,-0.029802259162025703
1994-07-31,GP,-0.029802259162025703,0.008604171309608217,0.005403635436972057,0.0218081564390835,0.0,0.0,-0.029802259162025703,0.0663318227859709
1994-08-31,GP,0.0663318227859709,0.005239464710447882,0.010330494550074803,0.028040957203309413,0.0,0.0,0.0663318227859709,0.024848891204484098
1994-09-30,GP,0.024848891204484098,0.010485221218008442,0.011682193716881416,0.028340799472373574,0.0,0.0,0.024848891204484098,0.0330781734825645
1994-10-31,GP,0.0330781734825645,0.011314488423583851,0.013128128845165574,0.02900086080595201,0.0,0.0,0.0330781734825645,0.0369655919931749
1994-11-30,GP,0.0369655919931749,0.01189418800004585,0.01398347166613994,0.02958310129489531,0.0,0.0,0.0369655919931749,-0.0198742627064382
1994-12-31,GP,-0.0198742627064382,0.017471335081587634,0.014359201932585483,0.029075798537815466,0.0,0.0,-0.0198742627064382,-0.0074604583721225
1995-01-31,GP,-0.0074604583721225,0.017878054894178194,0.015766512121986473,0.02739192401372082,0.0,0.0,-0.0074604583721225,0.000261047650844723
1995-02-28,GP,0.000261047650844723,0.013372538795220585,0.012279914533189268,0.026379350542384678,0.0,0.0,0.000261047650844723,0.0255774463048711
1995-03-31,GP,0.0255774463048711,0.01268964904534548,0.013763632150305953,0.026602571738639755,0.0,0.0,0.0255774463048711,0.0134717068467439
1995-04-30,GP,0.0134717068467439,0.01468958755650009,0.014588097497353743,0.02641082552522013,0.0,0.0,0.0134717068467439,-0.0035377206223659503
1995-05-31,GP,-0.0035377206223659503,0.013926519141225136,0.012471165827592548,0.026789850934226218,0.0,0.0,-0.0035377206223659503,0.0323105092969144
1995-06-30,GP,0.0323105092969144,0.012714543582336525,0.014347540725218015,0.02736759902373462,0.0,0.0,0.0323105092969144,0.00920346892411346
1995-07-31,GP,0.00920346892411346,0.018361158896785624,0.017598018065729613,0.023720550447545813,0.0,0.0,0.00920346892411346,-0.0105702640235837
1995-08-31,GP,-0.0105702640235837,0.013167672182071311,0.011189510831600061,0.01934131344274137,0.0,0.0,-0.0105702640235837,0.000630962146596792
1995-09-30,GP,0.000630962146596792,0.009947748979519694,0.00917135007677612,0.019047736841870753,0.0,0.0,0.000630962146596792,0.029861623227666997
1995-10-31,GP,0.029861623227666997,0.00699800249443172,0.008903304222201328,0.018700189793664543,0.0,0.0,0.029861623227666997,-0.0139088281391918
1995-11-30,GP,-0.0139088281391918,0.0063521871521128185,0.00466376921117077,0.017487360589152717,0.0,0.0,-0.0139088281391918,-0.038602387740076904
1995-12-31,GP,-0.038602387740076904,0.006894499385498856,0.0031030921250342104,0.020459499583900045,0.0,0.0,-0.038602387740076904,-0.0006573058563341489
1996-01-31,GP,-0.0006573058563341489,0.004063414897503,0.0036700215013499068,0.020233180315150232,0.0,0.0,-0.0006573058563341489,0.029494754703782
1996-02-29,GP,0.029494754703782,0.003979928215032194,0.006106163755761347,0.021505339116300308,0.0,0.0,0.029494754703782,-0.010659448493368799
1996-03-31,GP,-0.010659448493368799,0.00433604716038773,0.003086422522574688,0.021062255297038434,0.0,0.0,-0.010659448493368799,0.027308298265352603
1996-04-30,GP,0.027308298265352603,0.0021423057658320295,0.004239471807458746,0.02203859309636401,0.0,0.0,0.027308298265352603,0.0284695603019357
1996-05-31,GP,0.0284695603019357,0.004946489301079171,0.006906745217817217,0.022930598333688504,0.0,0.0,0.0284695603019357,-0.00011835924179721701
1996-06-30,GP,-0.00011835924179721701,0.004597312119717471,0.004204339506257916,0.021532851525632307,0.0,0.0,-0.00011835924179721701,0.00841450819768718
1996-07-31,GP,0.00841450819768718,0.0037498731955437734,0.004138592779055726,0.021517398873221284,0.0,0.0,0.00841450819768718,0.0025728113851373304
1996-08-31,GP,0.0025728113851373304,0.005475761579295671,0.0052338490631158125,0.02102960935089134,0.0,0.0,0.0025728113851373304,0.04161197448649841
1996-09-30,GP,0.04161197448649841,0.005652293328253902,0.008648933424774281,0.023407296824530105,0.0,0.0,0.04161197448649841,-0.0237509139271823
1996-10-31,GP,-0.0237509139271823,0.006720507079056758,0.004181221995203504,0.02409670582105204,0.0,0.0,-0.0237509139271823,0.0224670113145476
1996-11-30,GP,0.0224670113145476,0.005825772007421257,0.0072125419496817875,0.023901344417985897,0.0,0.0,0.0224670113145476,-0.0118577092624315
1996-12-31,GP,-0.0118577092624315,0.011377535557841666,0.00944126515615224,0.020201433630723745,0.0,0.0,-0.0118577092624315,0.052236117373644905
1997-01-31,GP,0.052236117373644905,0.010359317066378273,0.01384905042531716,0.023326443278305225,0.0,0.0,0.052236117373644905,0.00172919640621084
1997-02-28,GP,0.00172919640621084,0.012426713672729444,0.011535253900519564,0.02300832154392127,0.0,0.0,0.00172919640621084,-0.0196416104873927
1997-03-31,GP,-0.0196416104873927,0.013552954118145777,0.010786740401017571,0.02392389496290067,0.0,0.0,-0.0196416104873927,0.0610906106050451
1997-04-30,GP,0.0610906106050451,0.00928478059516893,0.013601933095991947,0.027729692022805348,0.0,0.0,0.0610906106050451,-0.00300062210777521
1997-05-31,GP,-0.00300062210777521,0.01225033062272433,0.010979417895182704,0.027683867119010747,0.0,0.0,-0.00300062210777521,0.0005299676744733709
1997-06-30,GP,0.0005299676744733709,0.011988306725817239,0.011033445138205254,0.027660863081437958,0.0,0.0,0.0005299676744733709,0.005169704794093229
1997-07-31,GP,0.005169704794093229,0.011271530314615984,0.010763044854572424,0.02770461732910685,0.0,0.0,0.005169704794093229,-0.0105908364934637
1997-08-31,GP,-0.0105908364934637,0.011507611533611973,0.009666074198022338,0.028312336250798216,0.0,0.0,-0.0105908364934637,-0.0341770600610053
1997-09-30,GP,-0.0341770600610053,0.0067619014445245125,0.0033503213190636955,0.028983517709581488,0.0,0.0,-0.0341770600610053,0.0172855656153175
1997-10-31,GP,0.0172855656153175,0.005814069977813329,0.006770027947605346,0.027895696389583873,0.0,0.0,0.0172855656153175,0.0070692752304332696
1997-11-30,GP,0.0070692752304332696,0.0053430294597015026,0.0054868832739291525,0.027458738279179884,0.0,0.0,0.0070692752304332696,-0.030394924081683698
1997-12-31,GP,-0.030394924081683698,0.0070636644135983,0.0039421153723248024,0.029001314862268028,0.0,0.0,-0.030394924081683698,0.0222009102152201
1998-01-31,GP,0.0222009102152201,-0.0004482484459770276,0.0014391814424560686,0.025544499001952835,0.0,0.0,0.0222009102152201,0.0341771187802832
1998-02-28,GP,0.0341771187802832,0.001412816445751087,0.004143174973628765,0.027239151605606346,0.0,0.0,0.0341771187802832,-0.034038572797385
1998-03-31,GP,-0.034038572797385,0.006305428197357987,0.0029434281144627397,0.028661888403235566,0.0,0.0,-0.034038572797385,0.00326954397910589
1998-04-30,GP,0.00326954397910589,-0.0023426793846811136,-0.0018749941043655278,0.022109125066057164,0.0,0.0,0.00326954397910589,0.00322730319264671
1998-05-31,GP,0.00322730319264671,-0.0017726642858737409,-0.0013560003293303674,0.022153353261249526,0.0,0.0,0.00322730319264671,0.0281394941999582
1998-06-30,GP,0.0281394941999582,-0.0015274519660398009,0.0009447935477933678,0.023743678891885514,0.0,0.0,0.0281394941999582,0.0341421966714299
1998-07-31,GP,0.0341421966714299,0.0005607107072206507,0.0033591678709047573,0.02561188008998167,0.0,0.0,0.0341421966714299,-0.00983714428393613
1998-08-31,GP,-0.00983714428393613,0.004627350085847342,0.0034219755550320544,0.02557545896547113,0.0,0.0,-0.00983714428393613,0.0212315686182551
1998-09-30,GP,0.0212315686182551,0.006840069701944538,0.008039361278303755,0.02304698013949166,0.0,0.0,0.0212315686182551,0.0156877224303926
1998-10-31,GP,0.0156877224303926,0.007198797247666139,0.007906207679560013,0.022993257122572462,0.0,0.0,0.0156877224303926,0.048825633874272495
1998-11-30,GP,0.048825633874272495,0.007982292447662442,0.011385904233213283,0.0258386393728921,0.0,0.0,0.048825633874272495,0.027224401056724
1998-12-31,GP,0.027224401056724,0.01518416135274937,0.016187514661413924,0.022507661211978208,0.0,0.0,0.027224401056724,0.061577189307214696
1999-01-31,GP,0.061577189307214696,0.015640842338340632,0.019468871252413474,0.026054831991228586,0.0,0.0,0.061577189307214696,-0.023474024927101
1999-02-28,GP,-0.023474024927101,0.01813175784078895,0.014664609276798126,0.02831348146664409,0.0,0.0,-0.023474024927101,0.011128386624163
1999-03-31,GP,0.011128386624163,0.019092171283542042,0.018428522561927122,0.023910222173532076,0.0,0.0,0.011128386624163,-0.0738719278687034
1999-04-30,GP,-0.0738719278687034,0.019806611524001778,0.012000066574609683,0.035780090870503836,0.0,0.0,-0.0738719278687034,-0.0127146926100617
1999-05-31,GP,-0.0127146926100617,0.012797590518424495,0.010671566924383981,0.036425569114003145,0.0,0.0,-0.0127146926100617,0.0364363245891079
1999-06-30,GP,0.0364363245891079,0.009083573535695414,0.011362969456813124,0.03686338506473996,0.0,0.0,0.0364363245891079,-0.00987424076250849
1999-07-31,GP,-0.00987424076250849,0.009292130619120686,0.0076949330039849245,0.03657951830181056,0.0,0.0,-0.00987424076250849,0.0517766743087199
1999-08-31,GP,0.0517766743087199,0.009288758211977746,0.01282941788670626,0.03818393726236042,0.0,0.0,0.0517766743087199,-0.028147843168989398
1999-09-30,GP,-0.028147843168989398,0.01206558600202,0.008714466904435886,0.03982175015683555,0.0,0.0,-0.028147843168989398,-0.014227287377201801
1999-10-31,GP,-0.014227287377201801,0.008080534583894364,0.006221549420469686,0.04027926579970274,0.0,0.0,-0.014227287377201801,0.046481554988510504
1999-11-30,GP,0.046481554988510504,0.0023484508337603366,0.006026209513322853,0.040058949665160125,0.0,0.0,0.046481554988510504,-0.0299049097868948
1999-12-31,GP,-0.0299049097868948,0.0040991011911954735,0.0012654336096879534,0.04070025250539757,0.0,0.0,-0.0299049097868948,-0.0349632883799199
2000-01-31,GP,-0.0349632883799199,-0.004217453271905389,-0.006779606197573264,0.03707480954369209,0.0,0.0,-0.0349632883799199,-0.015178179452005301
2000-02-29,GP,-0.015178179452005301,-0.005261931767616199,-0.006088285741315288,0.03681162595261279,0.0,0.0,-0.015178179452005301,0.0397692617108035
2000-03-31,GP,0.0397692617108035,-0.0076534377745405896,-0.003701546150761914,0.038898698737912414,0.0,0.0,0.0397692617108035,-0.00382740011114315
2000-04-30,GP,-0.00382740011114315,0.0026775794599600377,0.0021354978290347736,0.03206736769286628,0.0,0.0,-0.00382740011114315,0.0033012094151147905
2000-05-31,GP,0.0033012094151147905,0.003485515141679906,0.0034701563311328146,0.03172456998184407,0.0,0.0,0.0033012094151147905,0.034263392215707
2000-06-30,GP,0.034263392215707,0.000473231944044169,0.0032890786333494063,0.031524872435615935,0.0,0.0,0.034263392215707,0.0167343621834405
2000-07-31,GP,0.0167343621834405,0.00448574403297285,0.005506462212178489,0.03145053055759659,0.0,0.0,0.0167343621834405,-0.0820666654536169
2000-08-31,GP,-0.0820666654536169,0.0013000792943110863,-0.005647149434682912,0.03682363140008208,0.0,0.0,-0.0820666654536169,0.007214805525166779
2000-09-30,GP,0.007214805525166779,-0.0036016318224732324,-0.0027002620435032307,0.03627009417699486,0.0,0.0,0.007214805525166779,0.0449322762382461
2000-10-31,GP,0.0449322762382461,-0.0016523506495306343,0.0022297015911174277,0.038512157396361386,0.0,0.0,0.0449322762382461,0.105952201192638
2000-11-30,GP,0.105952201192638,-0.0017931941722819443,0.0071855887747947185,0.047501626308712526,0.0,0.0,0.105952201192638,-0.0247674340843126
2000-12-31,GP,-0.0247674340843126,0.010557452280402856,0.007613711750009903,0.04715886173022504,0.0,0.0,-0.0247674340843126,-0.0317421638844277
2001-01-31,GP,-0.0317421638844277,0.011484348125458066,0.00788213879130092,0.046902955912439474,0.0,0.0,-0.0317421638844277,-0.0364750093538956
2001-02-28,GP,-0.0364750093538956,0.009978531358874209,0.006107402966143392,0.04823874534180799,0.0,0.0,-0.0364750093538956,0.00678164498412396
2001-03-31,GP,0.00678164498412396,0.0030472339893561104,0.0033584349055867653,0.04707189282658028,0.0,0.0,0.00678164498412396,-0.0436655185920042
2001-04-30,GP,-0.0436655185920042,0.0040116926343803936,3.8591698848344215e-05,0.04899049416857748,0.0,0.0,-0.0436655185920042,0.016820626448214998
2001-05-31,GP,0.016820626448214998,-0.0002580099117213332,0.001165209784940028,0.04922722316316747,0.0,0.0,0.016820626448214998,0.00770303218954225
2001-06-30,GP,0.00770303218954225,-0.0018437158905842423,-0.001048153550573701,0.04818994634722535,0.0,0.0,0.00770303218954225,0.122451369418025
2001-07-31,GP,0.122451369418025,-0.002664745890029538,0.00776159705230834,0.05996177119848511,0.0,0.0,0.122451369418025,0.00618712983080459
2001-08-31,GP,0.00618712983080459,0.01592780273466518,0.015116079992676798,0.0529441002191852,0.0,0.0,0.00618712983080459,0.0697669875085202
2001-09-30,GP,0.0697669875085202,0.015834377671541344,0.020328761824622916,0.055129667116165584,0.0,0.0,0.0697669875085202,0.011734457884424501
2001-10-31,GP,0.011734457884424501,0.018092078696111718,0.01756227696180445,0.05461332674231564,0.0,0.0,0.011734457884424501,0.0281630624043401
2001-11-30,GP,0.0281630624043401,0.009526829304455945,0.011079848729446293,0.047294152505651756,0.0,0.0,0.0281630624043401,-0.0247041138505011
2001-12-31,GP,-0.0247041138505011,0.01433869262160619,0.01108512541559725,0.047289792702383815,0.0,0.0,-0.0247041138505011,0.08525071691080831
2002-01-31,GP,0.08525071691080831,0.014978515351963156,0.020834532148533588,0.04965821044032769,0.0,0.0,0.08525071691080831,0.0234372522164587
2002-02-28,GP,0.0234372522164587,0.02604449046693624,0.025827220612729778,0.046268567627024255,0.0,0.0,0.0234372522164587,-0.016973210602650498
2002-03-31,GP,-0.016973210602650498,0.027558636578966667,0.023847649313831907,0.04764518709232597,0.0,0.0,-0.016973210602650498,0.0532432645138754
2002-04-30,GP,0.0532432645138754,0.02998521003254428,0.031923381239321875,0.04316371306634258,0.0,0.0,0.0532432645138754,0.010773619566955299
2002-05-31,GP,0.010773619566955299,0.03329635894760431,0.0314194639992169,0.04339076085979195,0.0,0.0,0.010773619566955299,0.043478872870111596
2002-06-30,GP,0.043478872870111596,0.03357550325464186,0.03440078405593101,0.042838640566107714,0.0,0.0,0.043478872870111596,-0.00573703056376192
2002-07-31,GP,-0.00573703056376192,0.026396185386649732,0.023718417390782103,0.03394570995801046,0.0,0.0,-0.00573703056376192,0.0068908242682781
2002-08-31,GP,0.0068908242682781,0.02531217080532551,0.02377705859390489,0.03391326376532901,0.0,0.0,0.0068908242682781,0.0341970010125232
2002-09-30,GP,0.0341970010125232,0.0195961559653035,0.02081289305257181,0.030953440639338227,0.0,0.0,0.0341970010125232,0.030325503237237997
2002-10-31,GP,0.030325503237237997,0.0216382053405852,0.022362146831972934,0.030922983334981065,0.0,0.0,0.030325503237237997,-0.049666878851377196
2002-11-30,GP,-0.049666878851377196,0.021834790870848643,0.015876318393996492,0.037134005678186296,0.0,0.0,-0.049666878851377196,0.024153172136800197
2002-12-31,GP,0.024153172136800197,0.01956544859804173,0.019947758892938268,0.03489086028887498,0.0,0.0,0.024153172136800197,0.00832314807359143
2003-01-31,GP,0.00832314807359143,0.01401112634585917,0.01353712815650353,0.02823375552616896,0.0,0.0,0.00832314807359143,0.0106478020258838
2003-02-28,GP,0.0106478020258838,0.012637116878325784,0.012471340640622287,0.028066964364411695,0.0,0.0,0.0106478020258838,0.016574731606551
2003-03-31,GP,0.016574731606551,0.015148118026374358,0.015267002491389077,0.02649419643527491,0.0,0.0,0.016574731606551,-0.0723902803278994
2003-04-30,GP,-0.0723902803278994,0.011814615034799412,0.004797540421241179,0.03390850525359151,0.0,0.0,-0.0723902803278994,-0.0289984004703322
2003-05-31,GP,-0.0289984004703322,0.004254260498903529,0.0014832054181338863,0.03519076365713838,0.0,0.0,-0.0289984004703322,0.00353892031647248
2003-06-30,GP,0.00353892031647248,-0.002334582532045907,-0.00184512396133604,0.032655146992341205,0.0,0.0,0.00353892031647248,0.0227208461400734
2003-07-31,GP,0.0227208461400734,-0.001491314270206416,0.00052636576398357,0.03337227655053504,0.0,0.0,0.0227208461400734,-0.015567118450559102
2003-08-31,GP,-0.015567118450559102,-5.222137277047928e-05,-0.0013451294625861966,0.03361176908780785,0.0,0.0,-0.015567118450559102,-0.0111749287888016
2003-09-30,GP,-0.0111749287888016,-0.0045762322330506885,-0.005126123612696597,0.03175057930503602,0.0,0.0,-0.0111749287888016,0.034700044022842096
2003-10-31,GP,0.034700044022842096,-0.00834899878087247,-0.004761578547229589,0.032216318864864896,0.0,0.0,0.034700044022842096,0.00309919726277414
2003-11-30,GP,0.00309919726277414,-0.0006792785195798075,-0.00036440553771697744,0.028967203160646063,0.0,0.0,0.00309919726277414,-0.058323980482462595
2003-12-31,GP,-0.058323980482462595,-0.002593276235400358,-0.0072375015893222094,0.032222824729721794,0.0,0.0,-0.058323980482462595,-0.00569112732962234
2004-01-31,GP,-0.00569112732962234,-0.008652106104132543,-0.008405357872923357,0.03185950060245401,0.0,0.0,-0.00569112732962234,0.0255007906762502
2004-02-29,GP,0.0255007906762502,-0.010137463318269464,-0.007167608818726158,0.032937303112636394,0.0,0.0,0.0255007906762502,0.00818742061442526
2004-03-31,GP,0.00818742061442526,-0.009326003402842264,-0.007866551401403302,0.03247340345419366,0.0,0.0,0.00818742061442526,0.0166089899463202
2004-04-30,GP,0.0166089899463202,-0.002000757862630931,-0.00044994554521833596,0.025893855486405572,0.0,0.0,0.0166089899463202,-0.0017498356088369801
2004-05-31,GP,-0.0017498356088369801,0.002145368538882924,0.0018207681932395992,0.02430901631539098,0.0,0.0,-0.0017498356088369801,-0.0180216414006415
2004-06-30,GP,-0.0180216414006415,0.001664572545672973,2.4054716813434046e-05,0.024958587584632905,0.0,0.0,-0.0180216414006415,-0.0324380930174098
2004-07-31,GP,-0.0324380930174098,-0.0020392899580283816,-0.004572523546310166,0.02547252771530542,0.0,0.0,-0.0324380930174098,0.00116386229987622
2004-08-31,GP,0.00116386229987622,-0.0035730149186511723,-0.0031782751504405553,0.025273133799770645,0.0,0.0,0.00116386229987622,-0.020244914621161198
2004-09-30,GP,-0.020244914621161198,-0.0024513066378622794,-0.003934107303137189,0.02566659048640903,0.0,0.0,-0.020244914621161198,-0.0077948688412834595
2004-10-31,GP,-0.0077948688412834595,-0.007446302878226215,-0.007475350041814318,0.022599950861837585,0.0,0.0,-0.0077948688412834595,-0.0182767689809336
2004-11-30,GP,-0.0182767689809336,-0.008436672524049633,-0.009256680562123296,0.022533021239268505,0.0,0.0,-0.0182767689809336,0.00963947237757787
2004-12-31,GP,0.00963947237757787,-0.004796016933001543,-0.0035930594904532583,0.01692134998533739,0.0,0.0,0.00963947237757787,0.0077233515151850195
2005-01-31,GP,0.0077233515151850195,-0.0034023260505287966,-0.002475186253385978,0.017210769675594553,0.0,0.0,0.0077233515151850195,-0.0029245567672672402
2005-02-28,GP,-0.0029245567672672402,-0.005018456883352905,-0.004843965207012431,0.014797204296781262,0.0,0.0,-0.0029245567672672402,0.00405319119093804
2005-03-31,GP,0.00405319119093804,-0.00602863664532495,-0.005188484325636366,0.014511587406034454,0.0,0.0,0.00405319119093804,-0.0008164839652448471
2005-04-30,GP,-0.0008164839652448471,-0.007170072895814237,-0.00664060715160012,0.012916263298532486,0.0,0.0,-0.0008164839652448471,0.013824799896833
2005-05-31,GP,0.013824799896833,-0.0070852227463967694,-0.005342720859460955,0.014173687423641008,0.0,0.0,0.013824799896833,-0.0108861235330304
2005-06-30,GP,-0.0108861235330304,-0.004190091719353634,-0.004748094370493364,0.013736344909463086,0.0,0.0,-0.0108861235330304,0.00510792620314472
2005-07-31,GP,0.00510792620314472,-0.0022308217662282345,-0.0016192594354471543,0.010822907969427266,0.0,0.0,0.00510792620314472,-0.0292731407640424
2005-08-31,GP,-0.0292731407640424,-0.0018722705022947345,-0.004155676357440372,0.013376638939101425,0.0,0.0,-0.0292731407640424,-0.0253632652733388
2005-09-30,GP,-0.0253632652733388,-0.0026930183334657526,-0.0045822055784551724,0.014003227796671914,0.0,0.0,-0.0253632652733388,0.046969097248995
2005-10-31,GP,0.046969097248995,-0.00429014528183442,-1.8541737598633604e-05,0.02034762787630714,0.0,0.0,0.046969097248995,0.0033506598956383497
2005-11-30,GP,0.0033506598956383497,0.001641297102704544,0.0017837440021156953,0.019524565908443287,0.0,0.0,0.0033506598956383497,-0.017529612410112
2005-12-31,GP,-0.017529612410112,0.0010695868770736784,-0.0004803463968584604,0.020097660236103862,0.0,0.0,-0.017529612410112,-0.022182756699190297
2006-01-31,GP,-0.022182756699190297,-0.0012261371161351416,-0.002972522081389737,0.02082882202057445,0.0,0.0,-0.022182756699190297,0.0013021833444541
2006-02-28,GP,0.0013021833444541,-0.002976882564491783,-0.002620293738746292,0.020865413144406486,0.0,0.0,0.0013021833444541,0.00303605195372429
2006-03-31,GP,0.00303605195372429,-0.0032269741868994136,-0.002705055341847437,0.02083788672256763,0.0,0.0,0.00303605195372429,-0.013661402683300098
2006-04-30,GP,-0.013661402683300098,-0.002876743648811311,-0.0037754652350187085,0.021060774117770804,0.0,0.0,-0.013661402683300098,-0.020821126447231098
2006-05-31,GP,-0.020821126447231098,-0.00537548933791432,-0.006662625763690717,0.02080182499263771,0.0,0.0,-0.020821126447231098,0.00569603363597391
2006-06-30,GP,0.00569603363597391,-0.006278671421023474,-0.005280779332940358,0.021045102404378964,0.0,0.0,0.00569603363597391,-0.0147798495314389
2006-07-31,GP,-0.0147798495314389,-0.0062252071089480936,-0.006938093977488992,0.02093541262000142,0.0,0.0,-0.0147798495314389,0.007874469160948399
2006-08-31,GP,0.007874469160948399,-0.004907635178711411,-0.0038424598170730927,0.020060745972665397,0.0,0.0,0.007874469160948399,0.02990076265869
2006-09-30,GP,0.02990076265869,-0.0018860229574125752,0.0007628758439293072,0.020992897967330688,0.0,0.0,0.02990076265869,-0.0167420546482154
2006-10-31,GP,-0.0167420546482154,-0.003437689738349393,-0.0045463868141715595,0.015611382418149375,0.0,0.0,-0.0167420546482154,-0.028832626266275398
2006-11-30,GP,-0.028832626266275398,-0.005264300151427007,-0.007228327327664372,0.01684693738564904,0.0,0.0,-0.028832626266275398,-0.00895523407513975
2006-12-31,GP,-0.00895523407513975,-0.006291846865623679,-0.006513795799750018,0.016549516227336972,0.0,0.0,-0.00895523407513975,0.018934251376665802
2007-01-31,GP,0.018934251376665802,-0.005089344808891811,-0.0030873784600953433,0.017252019910583467,0.0,0.0,0.018934251376665802,-0.0144365256179058
2007-02-28,GP,-0.0144365256179058,-0.0034864295332362027,-0.004398937540292002,0.017484660140899545,0.0,0.0,-0.0144365256179058,-0.0192615586727777
2007-03-31,GP,-0.0192615586727777,-0.005074845676111665,-0.006257071759167167,0.017804578643804962,0.0,0.0,-0.0192615586727777,0.00735778538145034
2007-04-30,GP,0.00735778538145034,-0.005583950766064174,-0.004505472753771297,0.01804226416232604,0.0,0.0,0.00735778538145034,-0.0017926201473107
2007-05-31,GP,-0.0017926201473107,-0.003022231508911316,-0.0029197638954445975,0.01729882181998023,0.0,0.0,-0.0017926201473107,0.0036087182488473302
2007-06-30,GP,0.0036087182488473302,-0.003703018216482644,-0.0030937068443718124,0.017214601725295004,0.0,0.0,0.0036087182488473302,-0.00759035007218809
2007-07-31,GP,-0.00759035007218809,-0.0020313302364566234,-0.0024945818894342455,0.016893016575017714,0.0,0.0,-0.00759035007218809,-0.0026566894069172497
2007-08-31,GP,-0.0026566894069172497,-0.003437222894014486,-0.0033721784367563828,0.01657594382286181,0.0,0.0,-0.0026566894069172497,-0.0253575183103945
2007-09-30,GP,-0.0253575183103945,-0.006396991263615146,-0.00797703518418009,0.013961606908206869,0.0,0.0,-0.0253575183103945,-0.012787041268327899
2007-10-31,GP,-0.012787041268327899,-0.0071802152329041545,-0.007647450735856132,0.013781404544708012,0.0,0.0,-0.012787041268327899,0.0172806857239448
2007-11-30,GP,0.0172806857239448,-0.0057215256876362,-0.003804674736671116,0.013766214968071518,0.0,0.0,0.0172806857239448,-0.021947103856201598
2007-12-31,GP,-0.021947103856201598,-0.003336442069537604,-0.004887330551759603,0.014688118790089185,0.0,0.0,-0.021947103856201598,0.0188387656349755
2008-01-31,GP,0.0188387656349755,-0.007052928908889186,-0.004895287696900462,0.014674059624214728,0.0,0.0,0.0188387656349755,-0.018120212891629
2008-02-29,GP,-0.018120212891629,-0.004027902431354522,-0.005202261636377395,0.014928133640125208,0.0,0.0,-0.018120212891629,0.00817923818347282
2008-03-31,GP,0.00817923818347282,-0.003924143723977368,-0.002915528565023185,0.014678344718255203,0.0,0.0,0.00817923818347282,-0.00627566366396733
2008-04-30,GP,-0.00627566366396733,-0.003849466196520779,-0.0040516493188079905,0.014334485196645746,0.0,0.0,-0.00627566366396733,-0.013926479056115399
2008-05-31,GP,-0.013926479056115399,-0.004257015607125927,-0.005062804227875049,0.014586394541498985,0.0,0.0,-0.013926479056115399,-0.00684719832133776
2008-06-30,GP,-0.00684719832133776,-0.005851124453031629,-0.005934130608723807,0.014331371206349162,0.0,0.0,-0.00684719832133776,0.0678779641581955
2008-07-31,GP,0.0678779641581955,-0.005783565202954327,0.00035489557714149175,0.02563756170821427,0.0,0.0,0.0678779641581955,0.0489748554163568
2008-08-31,GP,0.0489748554163568,0.0006286760302377407,0.004657524312414329,0.02917472404795101,0.0,0.0,0.0489748554163568,0.0466802638591348
2008-09-30,GP,0.0466802638591348,0.007386164550851496,0.01066067282654177,0.029841039627248902,0.0,0.0,0.0466802638591348,0.0243154556435236
2008-10-31,GP,0.0243154556435236,0.012792283198802651,0.013752547569196062,0.029103741763183,0.0,0.0,0.0243154556435236,-0.014298266765336201
2008-11-30,GP,-0.014298266765336201,0.013431807736946176,0.011120968195089313,0.03016410198889821,0.0,0.0,-0.014298266765336201,0.0212248218249626
2008-12-31,GP,0.0212248218249626,0.014127156563388487,0.014718628668519662,0.028383535680779195,0.0,0.0,0.0212248218249626,-0.0438208914882358
2009-01-31,GP,-0.0438208914882358,0.014344070762478223,0.00949699057491872,0.032952569101329716,0.0,0.0,-0.0438208914882358,0.0365167889795493
2009-02-28,GP,0.0365167889795493,0.012007645435513968,0.01405007406418358,0.03256208428322816,0.0,0.0,0.0365167889795493,0.0405848362474218
2009-03-31,GP,0.0405848362474218,0.014583786416975468,0.01675054056951266,0.03336478726220548,0.0,0.0,0.0405848362474218,0.0195429310908187
2009-04-30,GP,0.0195429310908187,0.018843831863465388,0.0189020901324115,0.03256788811186529,0.0,0.0,0.0195429310908187,-0.044305140996282806
2009-05-31,GP,-0.044305140996282806,0.021886505513186667,0.01637053497073088,0.036316630988980345,0.0,0.0,-0.044305140996282806,0.025115968712539696
2009-06-30,GP,0.025115968712539696,0.018481237997282574,0.019034132223554,0.03562450257195973,0.0,0.0,0.025115968712539696,-0.023434636739871603
2009-07-31,GP,-0.023434636739871603,0.014593783865859317,0.011424748815381741,0.03395612255339599,0.0,0.0,-0.023434636739871603,-0.00546858505917132
2009-08-31,GP,-0.00546858505917132,0.008011102760747645,0.006887795442421065,0.0320674966001759,0.0,0.0,-0.00546858505917132,-0.0110298419866072
2009-09-30,GP,-0.0110298419866072,0.0032702983136289067,0.002078619955275898,0.029804866720011713,0.0,0.0,-0.0110298419866072,0.0495492958845908
2009-10-31,GP,0.0495492958845908,5.708943816247023e-05,0.004181439975364832,0.032301923485496466,0.0,0.0,0.0495492958845908,0.0021984414545905702
2009-11-30,GP,0.0021984414545905702,0.00586141331542856,0.005556165660358729,0.03179095231908093,0.0,0.0,0.0021984414545905702,-0.0188480429058049
2009-12-31,GP,-0.0188480429058049,0.004131742372667467,0.002216760266128104,0.03209864088313183,0.0,0.0,-0.0188480429058049,-0.00885681516767012
2010-01-31,GP,-0.00885681516767012,0.006402001334706641,0.005130433292841911,0.028974651962361268,0.0,0.0,-0.00885681516767012,-0.00146908937695156
2010-02-28,GP,-0.00146908937695156,0.002277128230413966,0.0019649434298001727,0.027258095516478283,0.0,0.0,-0.00146908937695156,0.009524768004806769
2010-03-31,GP,0.009524768004806769,-0.0015459559172563394,-0.0006233955904177466,0.024602849655342564,0.0,0.0,0.009524768004806769,-0.0189630523777637
2010-04-30,GP,-0.0189630523777637,-0.002456698015984697,-0.0038322275461329463,0.02424197218916052,0.0,0.0,-0.0189630523777637,-0.000890845764647228
2010-05-31,GP,-0.000890845764647228,-0.00015287177793750557,-0.0002143696101633149,0.020621995368853546,0.0,0.0,-0.000890845764647228,-0.0385373324267402
2010-06-30,GP,-0.0385373324267402,-0.0025171276394999535,-0.0055188113717699735,0.021673846479935633,0.0,0.0,-0.0385373324267402,0.0008709018822968149
2010-07-31,GP,0.0008709018822968149,-0.0038900999746698255,-0.003493349819922605,0.020971698540623612,0.0,0.0,0.0008709018822968149,-0.0374302684275024
2010-08-31,GP,-0.0374302684275024,-0.0033137829799909048,-0.006156823433950194,0.02316073740088917,0.0,0.0,-0.0374302684275024,0.0251905094610144
2010-09-30,GP,0.0251905094610144,-0.005713821747345013,-0.0031384608133150616,0.024772051959966044,0.0,0.0,0.0251905094610144,0.0050878390731194
2010-10-31,GP,0.0050878390731194,-0.007928256876761049,-0.006843582214271011,0.018774105353805807,0.0,0.0,0.0050878390731194,-0.00328107043140004
2010-11-30,GP,-0.00328107043140004,-0.0076655843659857005,-0.007300208204770228,0.01860002092087349,0.0,0.0,-0.00328107043140004,-0.0127833200557336
2010-12-31,GP,-0.0127833200557336,-0.0062504050501307135,-0.006794814633930953,0.018338274723491334,0.0,0.0,-0.0127833200557336,-0.0165996569661514
2011-01-31,GP,-0.0165996569661514,-0.006607360039954668,-0.007440051450471059,0.01855238930591908,0.0,0.0,-0.0165996569661514,-0.0196985483543156
2011-02-28,GP,-0.0196985483543156,-0.00798286618442738,-0.008959173031918063,0.01876415400861617,0.0,0.0,-0.0196985483543156,0.0071280173883313406
2011-03-31,GP,0.0071280173883313406,-0.010639531307983958,-0.009158902249957681,0.018561179308368578,0.0,0.0,0.0071280173883313406,0.0200906980779353
2011-04-30,GP,0.0200906980779353,-0.00826761587470259,-0.005904423045316098,0.020049958719937314,0.0,0.0,0.0200906980779353,0.0283633598465398
2011-05-31,GP,0.0283633598465398,-0.0063602027981041805,-0.0034665725777171794,0.022360348224091112,0.0,0.0,0.0283633598465398,0.0148151312835372
2011-06-30,GP,0.0148151312835372,-0.0002783216823514518,0.000979466064805937,0.01992461311152117,0.0,0.0,0.0148151312835372,0.011794413272283099
2011-07-31,GP,0.011794413272283099,0.0009893355359431285,0.0018897586806381273,0.020167255163762474,0.0,0.0,0.011794413272283099,0.019900910538304
2011-08-31,GP,0.019900910538304,0.005464306599559992,0.00666735692778866,0.01645470838548329,0.0,0.0,0.019900910538304,0.027107455787548602
2011-09-30,GP,0.027107455787548602,0.004983433970222683,0.006827102454999844,0.016658920478476606,0.0,0.0,0.027107455787548602,-0.00781378025151987
2011-10-31,GP,-0.00781378025151987,0.006985217307898065,0.005751967511279905,0.017189255032084075,0.0,0.0,-0.00781378025151987,0.0104732070694156
2011-11-30,GP,0.0104732070694156,0.006573152778796262,0.006898157303014542,0.016989581540583776,0.0,0.0,0.0104732070694156,-0.0125848971192672
2011-12-31,GP,-0.0125848971192672,0.008687382517446189,0.006914692547720075,0.016968768819624485,0.0,0.0,-0.0125848971192672,0.0195772291465681
2012-01-31,GP,0.0195772291465681,0.009052360685344752,0.009929433057113366,0.015567102678350552,0.0,0.0,0.0195772291465681,0.007905612033325399
2012-02-29,GP,0.007905612033325399,0.012622885912697817,0.01222977975608345,0.012535262892323163,0.0,0.0,0.007905612033325399,0.0357187675351672
2012-03-31,GP,0.0357187675351672,0.012693576334970003,0.014612342268319771,0.014097215365610859,0.0,0.0,0.0357187675351672,0.00535491518258676
2012-04-30,GP,0.00535491518258676,0.014114309921991086,0.013384360360374057,0.014217909930738683,0.0,0.0,0.00535491518258676,-0.0100122055815192
2012-05-31,GP,-0.0100122055815192,0.012022633134358989,0.010186396574702475,0.014844477989406689,0.0,0.0,-0.0100122055815192,-0.0289794491827161
2012-06-30,GP,-0.0289794491827161,0.009765602510262953,0.006536848202514701,0.01852921929277119,0.0,0.0,-0.0289794491827161,-0.0171944997757401
2012-07-31,GP,-0.0171944997757401,0.006058887741626663,0.004121105448512768,0.019637989096636277,0.0,0.0,-0.0171944997757401,0.0180701518980406
2012-08-31,GP,0.0180701518980406,0.0026865777130772,0.003968542228490818,0.01951095523289812,0.0,0.0,0.0180701518980406,-0.028381590003855
2012-09-30,GP,-0.028381590003855,0.0018650046322128363,-0.0006555449207928157,0.02009519767662361,0.0,0.0,-0.028381590003855,-0.013999910194686301
2012-10-31,GP,-0.013999910194686301,-4.796254363084666e-06,-0.0011710557493900182,0.02037295310594769,0.0,0.0,-0.013999910194686301,0.0161845266700614
2012-11-30,GP,0.0161845266700614,-0.0022296250965541664,-0.0006951124493362014,0.020733237525233247,0.0,0.0,0.0161845266700614,-0.015478907486370399
2012-12-31,GP,-0.015478907486370399,0.00038577706611206994,-0.0009362799799281348,0.020900270106825956,0.0,0.0,-0.015478907486370399,-0.0127265788829342
2013-01-31,GP,-0.0127265788829342,-0.002801144445973248,-0.00362826398238666,0.0200822851674771,0.0,0.0,-0.0127265788829342,-0.00490095697895847
2013-02-28,GP,-0.00490095697895847,-0.004676798165633211,-0.004695478066743649,0.019751184207816467,0.0,0.0,-0.00490095697895847,0.005143370168050499
2013-03-31,GP,0.005143370168050499,-0.00836950039419009,-0.007243427847336707,0.015599502217363259,0.0,0.0,0.005143370168050499,0.0291119290500477
2013-04-30,GP,0.0291119290500477,-0.008388731759147932,-0.005263676691714962,0.018568668420715095,0.0,0.0,0.0291119290500477,0.0269227498899562
2013-05-31,GP,0.0269227498899562,-0.004831992247187306,-0.0021857637357586787,0.0206540439967351,0.0,0.0,0.0269227498899562,-0.0118898518443521
2013-06-30,GP,-0.0118898518443521,0.0002500258503283582,-0.0007616306242283455,0.019174829031752504,0.0,0.0,-0.0118898518443521,0.00689773964029733
2013-07-31,GP,0.00689773964029733,0.0007322665713636309,0.0012460559937747737,0.01854888345081576,0.0,0.0,0.00689773964029733,-0.00839107717618989
2013-08-31,GP,-0.00839107717618989,-0.00028340727024939367,-0.0009590464290777671,0.017929524311460717,0.0,0.0,-0.00839107717618989,0.0224830456640936
2013-09-30,GP,0.0224830456640936,0.001533912077720162,0.0032796732099179497,0.016836327384681528,0.0,0.0,0.0224830456640936,0.010962013057602001
2013-10-31,GP,0.010962013057602001,0.004850544428518335,0.005359833480941975,0.016030058865957892,0.0,0.0,0.010962013057602001,0.032352664007789
2013-11-30,GP,0.032352664007789,0.004375770463749298,0.006707178259085941,0.017622933203138364,0.0,0.0,0.032352664007789,-0.0100487770781894
2013-12-31,GP,-0.0100487770781894,0.008724095145036515,0.007159689126434359,0.01706226023353148,0.0,0.0,-0.0100487770781894,-0.05543295602636231
2014-01-31,GP,-0.05543295602636231,0.008967531672740588,0.003600824364482016,0.02444421723435057,1.0,0.08487337440109514,-0.05543295602636231,0.0160803957333708
2014-02-28,GP,0.0160803957333708,0.004373713577522058,0.005349270423842788,0.02453104150453781,1.0,0.16153319644079397,0.0160803957333708,-0.018697786944427298
2014-03-31,GP,-0.018697786944427298,0.005367988628914813,0.0033625073311363053,0.025495710534751047,1.0,0.2464065708418891,-0.018697786944427298,-0.0213057605117096
2014-04-30,GP,-0.0213057605117096,0.0010216508112352676,-0.0008389667990101367,0.025016369029284027,1.0,0.32854209445585214,-0.0213057605117096,0.005847875066436669
2014-05-31,GP,0.005847875066436669,-0.0033627592252798047,-0.002595206367636764,0.023589277851385773,1.0,0.4134154688569473,0.005847875066436669,-0.041590655886249
2014-06-30,GP,-0.041590655886249,-0.00175023859702628,-0.005070273371128173,0.026079838073967857,1.0,0.49555099247091033,-0.041590655886249,0.0188009271904525
2014-07-31,GP,0.0188009271904525,-0.006158274553985038,-0.004078341075281908,0.026793030332300405,1.0,0.5804243668720055,0.0188009271904525,-0.011404916127898701
2014-08-31,GP,-0.011404916127898701,-0.0036862741570175476,-0.004329494321257643,0.02685119481369539,1.0,0.6652977412731006,-0.011404916127898701,0.0423215742457655
2014-09-30,GP,0.0423215742457655,-0.006766997956289576,-0.0026762836061183185,0.029163280028314035,1.0,0.7474332648870636,0.0423215742457655,0.023717295043823
2014-10-31,GP,0.023717295043823,-0.003916128757365621,-0.0016133434405999011,0.029927982768678956,1.0,0.8323066392881588,0.023717295043823,0.054955520427881
2014-11-30,GP,0.054955520427881,-0.004701162299544349,0.00027022792774109884,0.03283055434253128,1.0,0.9144421629021219,0.054955520427881,0.0031590387228079804
2014-12-31,GP,0.0031590387228079804,0.001208319291916597,0.0013708792444908806,0.032674182811595814,1.0,0.999315537303217,0.0031590387228079804,-0.0080553228257456
2015-01-31,GP,-0.0080553228257456,0.006534864269113897,0.005319015344542273,0.027664793324364414,1.0,1.0841889117043122,-0.0080553228257456,0.0441628937694455
2015-02-28,GP,0.0441628937694455,0.0043407080364669505,0.007659223514215166,0.029765858078074085,1.0,1.160848733744011,0.0441628937694455,0.00858229418998571
2015-03-31,GP,0.00858229418998571,0.010055315374091751,0.009932563608749582,0.028588320144128467,1.0,1.2457221081451062,0.00858229418998571,-0.017996002991731198
2015-04-30,GP,-0.017996002991731198,0.012772411256064053,0.010208376735414448,0.028273777763515886,1.0,1.3278576317590691,-0.017996002991731198,0.00190349128331924
2015-05-31,GP,0.00190349128331924,0.010604785978048788,0.009879678086821329,0.02835189946045905,1.0,1.4127310061601643,0.00190349128331924,0.046207694481394695
2015-06-30,GP,0.046207694481394695,0.014558799357100449,0.01719620728412497,0.024991421319217076,1.0,1.4948665297741273,0.046207694481394695,0.0366112694907718
2015-07-31,GP,0.0366112694907718,0.01705032365627701,0.018680402475818248,0.02561643298070854,1.0,1.5797399041752225,0.0366112694907718,0.00248880878036413
2015-08-31,GP,0.00248880878036413,0.021415431439792514,0.01983821288484015,0.024419018364603164,1.0,1.6646132785763177,0.00248880878036413,0.0539312550013498
2015-09-30,GP,0.0539312550013498,0.017794270942937843,0.02080568628113884,0.025592568101271997,1.0,1.7467488021902806,0.0539312550013498,0.0124866607371834
2015-10-31,GP,0.0124866607371834,0.020540994575440282,0.019869800088918876,0.025681604819292315,1.0,1.8316221765913758,0.0124866607371834,0.025720452270604998
2015-11-30,GP,0.025720452270604998,0.016680189149013223,0.017433544409145876,0.023329636527265978,1.0,1.9137577002053388,0.025720452270604998,0.03750171429857
2015-12-31,GP,0.03750171429857,0.0187312267442675,0.020295434040459377,0.023524989282999075,1.0,1.998631074606434,0.03750171429857,0.009952714417916831
2016-01-31,GP,0.009952714417916831,0.022872775573750736,0.021796103810764578,0.02208219901271198,1.0,2.083504449007529,0.009952714417916831,-0.0125274064577343
2016-02-29,GP,-0.0125274064577343,0.019762759269066312,0.01707191212516626,0.022910642355813356,1.0,2.16290212183436,-0.0125274064577343,-0.015612755507962801
2016-03-31,GP,-0.015612755507962801,0.017843695573819037,0.015055657983670553,0.024718972068142078,1.0,2.2477754962354553,-0.015612755507962801,-0.0441738730269424
2016-04-30,GP,-0.0441738730269424,0.0180603544359798,0.012874168814069617,0.028730600872906326,1.0,2.329911019849418,-0.0441738730269424,0.0119605234220011
2016-05-31,GP,0.0119605234220011,0.013871503135046925,0.01371225482562644,0.02852745410711047,1.0,2.414784394250513,0.0119605234220011,-0.0355378417326386
2016-06-30,GP,-0.0355378417326386,0.010758123947829325,0.0069001268077903315,0.029794339564857455,1.0,2.4969199178644765,-0.0355378417326386,0.020408461934144
2016-07-31,GP,0.020408461934144,0.004199113836610197,0.005549892844738016,0.028671453824419428,1.0,2.5817932922655715,0.020408461934144,0.00207321430656842
2016-08-31,GP,0.00207321430656842,0.005828173214226549,0.005515259971921707,0.028675738198062486,1.0,2.6666666666666665,0.00207321430656842,-0.023295476368496
2016-09-30,GP,-0.023295476368496,0.0011138058783373326,-0.0009203009755654433,0.025287852258857085,1.0,2.74880219028063,-0.023295476368496,0.00892602530145337
2016-10-31,GP,0.00892602530145337,-0.002139115676724431,-0.0012170205952096126,0.02513667584683571,1.0,2.833675564681725,0.00892602530145337,-0.0416435912327179
2016-11-30,GP,-0.0416435912327179,-0.003665881764829125,-0.006830690887153187,0.026078374597758164,1.0,2.915811088295688,-0.0416435912327179,0.00352634797107657
2016-12-31,GP,0.00352634797107657,-0.010860909540400752,-0.009661971414444305,0.022414707325852958,1.0,3.0006844626967832,0.00352634797107657,-0.00151421341104645
2017-01-31,GP,-0.00151421341104645,-0.011445124671931685,-0.01061754873352458,0.02173665248453305,1.0,3.0855578370978782,-0.00151421341104645,0.0416701462410808
2017-02-28,GP,0.0416701462410808,-0.01044392530405097,-0.00610108600862332,0.026428078966151455,1.0,3.162217659137577,0.0416701462410808,0.017949130805098402
2017-03-31,GP,0.017949130805098402,-0.005236388781410643,-0.003304262149201555,0.027097385522940127,1.0,3.247091033538672,0.017949130805098402,0.0503917606383712
2017-04-30,GP,0.0503917606383712,0.0004111570215021568,0.004576207322907912,0.027870915933448176,1.0,3.3292265571526354,0.0503917606383712,0.0553919314406739
2017-05-31,GP,0.0553919314406739,0.003904905859353984,0.008195491324463977,0.03150063000498018,1.0,3.4140999315537304,0.0553919314406739,-0.0068059929529178794
2017-06-30,GP,-0.0068059929529178794,0.012171248875109664,0.010589812056107373,0.028855176700939057,1.0,3.4962354551676933,-0.0068059929529178794,-0.0263617461084672
2017-07-31,GP,-0.0263617461084672,0.009697207521740404,0.006692294719223105,0.030519081237709876,1.0,3.5811088295687883,-0.0263617461084672,-0.00965193699026173
2017-08-31,GP,-0.00965193699026173,0.007112211120373529,0.005715198777820593,0.030866131665782424,1.0,3.6659822039698837,-0.00965193699026173,-0.0120410371590386
2017-09-30,GP,-0.0120410371590386,0.00835253288203119,0.0066530687119420425,0.03006509357157616,1.0,3.7481177275838466,-0.0120410371590386,0.0344221833688223
2017-10-31,GP,0.0344221833688223,0.0064464362947137385,0.008777748550889454,0.031122623443838662,1.0,3.8329911019849416,0.0344221833688223,0.0301292962171485
2017-11-30,GP,0.0301292962171485,0.013361506713035575,0.014758822505044988,0.027201424970572194,1.0,3.915126625598905,0.0301292962171485,-0.00634858356997348
2017-12-31,GP,-0.00634858356997348,0.01577995655358757,0.013935911543290816,0.027716618976501392,1.0,4.0,-0.00634858356997348,0.0517336497394703
2018-01-31,GP,0.0517336497394703,0.015340468357321474,0.018373233472500545,0.029238836849106074,1.0,4.084873374401095,0.0517336497394703,0.0276991541324768
2018-02-28,GP,0.0276991541324768,0.016255332311720518,0.01720898413011688,0.028495559967395112,1.0,4.161533196440794,0.0276991541324768,-0.0162183017277329
2018-03-31,GP,-0.0162183017277329,0.01714169806875492,0.01436169808571427,0.030077955511557626,1.0,4.246406570841889,-0.0162183017277329,-0.0088842009744865
2018-04-30,GP,-0.0088842009744865,0.011086237853654547,0.00942203461797613,0.028445994443669805,1.0,4.328542094455853,-0.0088842009744865,-0.0112667709066421
2018-05-31,GP,-0.0112667709066421,0.005242953088639966,0.0038671427556997953,0.024946185672561818,1.0,4.413415468856948,-0.0112667709066421,0.023023341635540602
2018-06-30,GP,0.023023341635540602,0.0048374278201195825,0.006352920638071336,0.02527004875559712,1.0,4.4955509924709105,0.023023341635540602,0.00485980103653121
2018-07-31,GP,0.00485980103653121,0.009326981251393019,0.00895471623348787,0.023110558207286778,1.0,4.5804243668720055,0.00485980103653121,0.030295770612799703
2018-08-31,GP,0.030295770612799703,0.01064623016291965,0.012283691867076322,0.02306379496444168,1.0,4.6652977412731005,0.030295770612799703,0.0026135047178153297
2018-09-30,GP,0.0026135047178153297,0.014495030869450405,0.013504903690147481,0.022023229053322047,1.0,4.747433264887063,0.0026135047178153297,-0.00652963313495183
2018-10-31,GP,-0.00652963313495183,0.011603332810267953,0.010092252314832972,0.021657131097281256,1.0,4.832306639288158,-0.00652963313495183,-0.0031697730185858302
2018-11-30,GP,-0.0031697730185858302,0.008270702869167925,0.007317329878521777,0.02097908147370418,1.0,4.914442162902122,-0.0031697730185858302,0.00473985349610713
2018-12-31,GP,0.00473985349610713,0.008559685646566801,0.008241366300695161,0.020562500132499814,1.0,4.999315537303217,0.00473985349610713,0.0102188685155179
2019-01-31,GP,0.0102188685155179,0.004287522351715604,0.004781801198699129,0.01543222495194299,1.0,5.084188911704312,0.0102188685155179,0.00697863873469987
2019-02-28,GP,0.00697863873469987,0.0026984054774466127,0.0030550915822177183,0.013696489109235755,1.0,5.160848733744011,0.00697863873469987,0.0027868360094712302
2019-03-31,GP,0.0027868360094712302,0.004807218246758683,0.004638853060318062,0.012292054416098661,1.0,5.245722108145106,0.0027868360094712302,0.0321135592829895
2019-04-30,GP,0.0321135592829895,0.005868221608936658,0.008055333081774396,0.013797098121118118,1.0,5.327857631759069,0.0321135592829895,-0.00619368862229019
2019-05-31,GP,-0.00619368862229019,0.009811887989812258,0.008478089938803722,0.013216743234050825,1.0,5.412731006160164,-0.00619368862229019,-0.000136227545187788
2019-06-30,GP,-0.000136227545187788,0.007155794330009458,0.006548125840409689,0.0125750485291079,1.0,5.494866529774128,-0.000136227545187788,0.039764430506571
2019-07-31,GP,0.039764430506571,0.00670160991348955,0.009456844962913005,0.015777990978321867,1.0,5.579739904175223,0.039764430506571,0.000228719391842018
2019-08-31,GP,0.000228719391842018,0.007562397176559668,0.0069512573611665305,0.014503782707172725,1.0,5.664613278576318,0.000228719391842018,0.0099877146986348
2019-09-30,GP,0.0099877146986348,0.0073455985105620935,0.007565774859568153,0.014459439304742866,1.0,5.746748802190281,0.0099877146986348,-0.000201426597154533
2019-10-31,GP,-0.000201426597154533,0.008847175586342697,0.008093125404384595,0.014006949391624699,1.0,5.831622176591376,-0.000201426597154533,-0.0234533725555674
2019-11-30,GP,-0.0234533725555674,0.009117025261018269,0.006402825442969464,0.01649293024571789,1.0,5.9137577002053385,-0.0234533725555674,-0.0197430935111579
2019-12-31,GP,-0.0197430935111579,0.006554004710866038,0.004362579859030711,0.01814857020849061,1.0,5.9986310746064335,-0.0197430935111579,0.0119962654540277
2020-01-31,GP,0.0119962654540277,0.003830189981168239,0.004510696270573195,0.01820786639194566,1.0,6.083504449007529,0.0119962654540277,0.00366182666850489
2020-02-29,GP,0.00366182666850489,0.004286337864743497,0.004234295265056946,0.01819216478052935,1.0,6.16290212183436,0.00366182666850489,0.0548291688410805
2020-03-31,GP,0.0548291688410805,0.004365882470110192,0.008571156334357719,0.023301480990945787,1.0,6.247775496235455,0.0548291688410805,0.0517162407030076
2020-04-30,GP,0.0517162407030076,0.0064309378844821016,0.010204713119359226,0.02566883617333702,1.0,6.329911019849418,0.0517162407030076,-0.00295113838341995
2020-05-31,GP,-0.00295113838341995,0.011695476914054627,0.01047492563926508,0.025497011102625425,1.0,6.414784394250513,-0.00295113838341995,0.024676867781307198
2020-06-30,GP,0.024676867781307198,0.011439575928760793,0.012542683583139662,0.02556429406341793,1.0,6.496919917864476,0.024676867781307198,0.100088049685678
2020-07-31,GP,0.100088049685678,0.010067979317373176,0.017569651848065245,0.03543083805977147,1.0,6.581793292265571,0.100088049685678,0.042390451483091
2020-08-31,GP,0.042390451483091,0.019146100253176448,0.021083129522335996,0.0356447331229312,1.0,6.666666666666667,0.042390451483091,-0.0690693887386046
2020-09-30,GP,-0.0690693887386046,0.02209180359721792,0.014495037569232712,0.04416863330170318,1.0,6.74880219028063,-0.0690693887386046,-0.0120450637761823
2020-10-31,GP,-0.0120450637761823,0.015831079766177005,0.01350806780431373,0.044656518870324555,1.0,6.833675564681725,-0.0120450637761823,-0.15932181777258
2020-11-30,GP,-0.15932181777258,0.016868198746121103,0.0021856973695626794,0.06667555082887758,1.0,6.915811088295688,-0.15932181777258,0.0079554269470175
2020-12-31,GP,0.0079554269470175,0.004179223813264549,0.004493907407743963,0.06632591963424998,1.0,7.000684462696783,0.0079554269470175,-0.139700416144911
2021-01-31,GP,-0.139700416144911,0.0038118748580818038,-0.008147482725500928,0.07816559601440634,1.0,7.085557837097878,-0.139700416144911,0.012077345839209198
2021-02-28,GP,0.012077345839209198,-0.009221056306774186,-0.00744618946127557,0.07831878130630918,1.0,7.162217659137577,0.012077345839209198,0.117653003052763
2021-03-31,GP,0.117653003052763,-0.013107585670580669,-0.0022108699436353615,0.08469991490224155,1.0,7.2470910335386725,0.117653003052763,0.056474170894065895
2021-04-30,GP,0.056474170894065895,-0.007113334547875633,-0.0018143757610471697,0.08498595910379016,1.0,7.329226557152635,0.056474170894065895,0.0285855596060718
2021-05-31,GP,0.0285855596060718,-0.0017110337044678283,0.0008136824047438089,0.08543404114876312,1.0,7.41409993155373,0.0285855596060718,-0.036308505376248704
2021-06-30,GP,-0.036308505376248704,-0.001355698084034683,-0.004268432025052516,0.08569894441987791,1.0,7.496235455167693,-0.036308505376248704,0.09021962308023421
2021-07-31,GP,0.09021962308023421,-0.013755384907846202,-0.005090800908839499,0.08464739786424194,1.0,7.581108829568788,0.09021962308023421,-0.00309191185274999
2021-08-31,GP,-0.00309191185274999,-0.009407278399015001,-0.008880997853492915,0.083336197925392,1.0,7.665982203969883,-0.00309191185274999,-0.0574623424669789
2021-09-30,GP,-0.0574623424669789,-0.0034093259548464007,-0.007913743997524106,0.08263854395559773,1.0,7.748117727583847,-0.0574623424669789,0.102543372994192
2021-10-31,GP,0.102543372994192,-0.007538169472191546,0.0016352924000070865,0.08852832939268931,1.0,7.832991101984942,0.102543372994192,0.0801147923097828
2021-11-30,GP,0.0801147923097828,0.01626775696115136,0.021588343240203988,0.07488431435018215,1.0,7.915126625598905,0.0801147923097828,0.0795476893859537
2021-12-31,GP,0.0795476893859537,0.022827699266857297,0.027554365110115334,0.07653316232387852,1.0,8.0,0.0795476893859537,0.0268010850891281
2022-01-31,GP,0.0268010850891281,0.042759345224208635,0.041429490212951926,0.05571579725952992,1.0,8.084873374401095,0.0268010850891281,-0.0576044146266839
2022-02-28,GP,-0.0576044146266839,0.04409786697420127,0.03562267684079417,0.06229569345752681,1.0,8.161533196440795,-0.0576044146266839,-0.0123008180929614
2022-03-31,GP,-0.0123008180929614,0.02816537445788791,0.024793191745317137,0.057878117733358346,1.0,8.24640657084189,-0.0123008180929614,0.0404244666390355
2022-04-30,GP,0.0404244666390355,0.02191310273179452,0.02345571639073127,0.057261622771762104,1.0,8.328542094455852,0.0404244666390355,0.00318272307793246
2022-05-31,GP,0.00318272307793246,0.02298936700751849,0.02133881334671966,0.05752369590121124,1.0,8.413415468856947,0.00318272307793246,0.0269901858364168
2022-06-30,GP,0.0269901858364168,0.026579478685171323,0.026613704281108454,0.054584015687344306,1.0,8.49555099247091,0.0269901858364168,0.00342421282998243
2022-07-31,GP,0.00342421282998243,0.02083134802664247,0.0193807534269208,0.05102389380110466,1.0,8.580424366872005,0.00342421282998243,-0.0931372827114723
2022-08-31,GP,-0.0931372827114723,0.021423722997799963,0.011876972522027277,0.060390714339010276,1.0,8.6652977412731,-0.0931372827114723,-0.0101164440743447
2022-09-30,GP,-0.0101164440743447,0.018180546611936924,0.015822464054746795,0.05689415139406221,1.0,8.747433264887064,-0.0101164440743447,0.0174715049978311
2022-10-31,GP,0.0174715049978311,0.007938745060251771,0.00873314172171672,0.049986807792751595,1.0,8.83230663928816,0.0174715049978311,0.0892530879340903
2022-11-30,GP,0.0892530879340903,0.0022439007591652533,0.009494666357075679,0.05122734811737688,1.0,8.914442162902121,0.0892530879340903,0.0313023158665722
2022-12-31,GP,0.0313023158665722,0.003126209718086762,0.005474218563793886,0.046943711634903344,1.0,8.999315537303216,0.0313023158665722,-0.053941204068573494
2023-01-31,GP,-0.053941204068573494,0.0035354125160362254,-0.0012543055326812464,0.04933458445356177,1.0,9.084188911704311,-0.053941204068573494,0.048644850569016
2023-02-28,GP,0.048644850569016,0.0038684316576826265,0.007599799900293744,0.047812857004060884,1.0,9.160848733744011,0.048644850569016,0.170076388887055
2023-03-31,GP,0.170076388887055,0.009408946990589662,0.022797900481961775,0.0663171323542293,1.0,9.245722108145106,0.170076388887055,0.007099670874512129
2023-04-30,GP,0.007099670874512129,0.02119548537677325,0.020020834168251497,0.06620956803360455,1.0,9.32785763175907,0.007099670874512129,-0.0237575941694151
2023-05-31,GP,-0.0237575941694151,0.021551571540098676,0.017775807730972534,0.06728050032873831,1.0,9.412731006160165,-0.0237575941694151,-0.0062691609137686295
2023-06-30,GP,-0.0062691609137686295,0.016938136994113957,0.015004195501790414,0.06755092133844995,1.0,9.494866529774127,-0.0062691609137686295,-0.00753464242838319
2023-07-31,GP,-0.00753464242838319,0.0160569211992275,0.014090957563593279,0.06779534167731993,1.0,9.579739904175222,-0.00753464242838319,0.031994955842125396
2023-08-31,GP,0.031994955842125396,0.023838979406781056,0.024518644109726425,0.05883421219139862,1.0,9.664613278576317,0.031994955842125396,-0.0104636991203851
2023-09-30,GP,-0.0104636991203851,0.02766728849009652,0.024489706189223054,0.05885287875983617,1.0,9.74674880219028,-0.0104636991203851,0.061067522136883705
2023-10-31,GP,0.061067522136883705,0.02512772447934959,0.028122707617477437,0.059719474363306185,1.0,9.831622176591376,0.061067522136883705,0.0315816177031853
2023-11-30,GP,0.0315816177031853,0.022565400315967175,0.023316751764902024,0.05659139504294227,1.0,9.91375770020534,0.0315816177031853,-0.0349884471507357
2023-12-31,GP,-0.0349884471507357,0.02259079139202291,0.017792521513459697,0.058928282660203044,1.0,9.998631074606434,-0.0349884471507357,0.0110171648895193
2024-01-31,GP,0.0110171648895193,0.024313769293644524,0.0232057189266341,0.05456148580586844,1.0,10.08350444900753,0.0110171648895193,-0.00152602608168882
2024-02-29,GP,-0.00152602608168882,0.020893070595508465,0.01902481253907536,0.054356786914677095,1.0,10.16290212183436,-0.00152602608168882,0.0110051717904943
2024-03-31,GP,0.0110051717904943,0.00529285105289539,0.005768877781028635,0.02635485355571565,1.0,10.247775496235455,0.0110051717904943,0.0368589793711371
2024-04-30,GP,0.0368589793711371,0.005647896590711951,0.008248820155747382,0.02784924252571642,1.0,10.329911019849419,0.0368589793711371,0.0503047343426494
2024-05-31,GP,0.0503047343426494,0.011158494185307606,0.014420680865086091,0.02831409926099178,1.0,10.414784394250514,0.0503047343426494,0.0805825630189312
2024-06-30,GP,0.0805825630189312,0.016301575572254697,0.021658324526144412,0.03322005644829368,1.0,10.496919917864476,0.0805825630189312,-0.120289137845653
2024-07-31,GP,-0.120289137845653,0.024312230612919646,0.012262116574705259,0.05255013339874984,1.0,10.581793292265571,-0.120289137845653,0.05001788387222281
2024-08-31,GP,0.05001788387222281,0.010468222095848882,0.013764027243880044,0.053415801129409364,1.0,10.666666666666666,0.05001788387222281,0.011967535960859501
2024-09-30,GP,0.011967535960859501,0.0159665478224496,0.01563329683398376,0.05288068950159504,1.0,10.74880219028063,0.011967535960859501,0.0100185119686155
2024-10-31,GP,0.0100185119686155,0.011502912715538306,0.011379212653294743,0.05091001931877472,1.0,10.833675564681725,0.0100185119686155,0.0139851773851252
2024-11-30,GP,0.0139851773851252,0.009542630376031964,0.009912842626789735,0.050527203948283944,1.0,10.915811088295689,0.0139851773851252,0.0716776274537161
1928-06-30,IdioVol3F,0.056915492180577495,0.008887035026009297,0.012889406455556649,0.03310393004091658,0.0,0.0,0.056915492180577495,0.018088130479989
1928-07-31,IdioVol3F,0.018088130479989,0.008143245774959644,0.008971986167045424,0.028875585142660795,0.0,0.0,0.018088130479989,0.0141724059146269
1928-08-31,IdioVol3F,0.0141724059146269,0.009371777677857369,0.009771830030921498,0.02887562849407699,0.0,0.0,0.0141724059146269,-0.0666076090987214
1928-09-30,IdioVol3F,-0.0666076090987214,0.007199586317206269,0.0010489866992122975,0.034761518611611204,0.0,0.0,-0.0666076090987214,-0.0194519793485239
1928-10-31,IdioVol3F,-0.0194519793485239,-0.0002518954593035946,-0.0018519024500719525,0.03491097122606794,0.0,0.0,-0.0194519793485239,-0.019359498001823402
1928-11-30,IdioVol3F,-0.019359498001823402,0.002459833573990987,0.0006415559426731226,0.032176959209775084,0.0,0.0,-0.019359498001823402,-0.0235886604751296
1928-12-31,IdioVol3F,-0.0235886604751296,0.0011789119475073618,-0.0008850524210457173,0.03290913358404066,0.0,0.0,-0.0235886604751296,0.06339934783198639
1929-01-31,IdioVol3F,0.06339934783198639,-0.0001950354396217922,0.005104496499678891,0.037607420243143626,0.0,0.0,0.06339934783198639,-0.00602393909051248
1929-02-28,IdioVol3F,-0.00602393909051248,0.003641668666523716,0.0028362013534373675,0.03736877045368731,0.0,0.0,-0.00602393909051248,0.0154801309560415
1929-03-31,IdioVol3F,0.0154801309560415,0.0015638494396105812,0.002723539565979826,0.037324750860244595,0.0,0.0,0.0154801309560415,0.0369858984365314
1929-04-30,IdioVol3F,0.0369858984365314,0.005561546506106945,0.008180242500308984,0.037131879168625585,0.0,0.0,0.0369858984365314,0.0609870256166246
1929-05-31,IdioVol3F,0.0609870256166246,0.006364519980458353,0.010916395450138875,0.039847824468370284,0.0,0.0,0.0609870256166246,0.0625457953335653
1929-06-30,IdioVol3F,0.0625457953335653,0.006734659383735363,0.011385587379554524,0.040467019796136004,0.0,0.0,0.0625457953335653,0.0378166933205228
1929-07-31,IdioVol3F,0.0378166933205228,0.010776265279515028,0.013029634282932342,0.04115891729028411,0.0,0.0,0.0378166933205228,0.0148011355673405
1929-08-31,IdioVol3F,0.0148011355673405,0.01292574595277829,0.013082028420658476,0.04116090438272637,0.0,0.0,0.0148011355673405,-0.0130179187723781
1929-09-30,IdioVol3F,-0.0130179187723781,0.02032654092242028,0.01754783594785375,0.034015862902091944,0.0,0.0,-0.0130179187723781,0.126792173897774
1929-10-31,IdioVol3F,0.126792173897774,0.020911455520251716,0.029734848718378577,0.04422147554961397,0.0,0.0,0.126792173897774,0.0664035300282703
1929-11-30,IdioVol3F,0.0664035300282703,0.03419797114748784,0.03688176772088638,0.04246102361633686,0.0,0.0,0.0664035300282703,0.128105289629718
1929-12-31,IdioVol3F,0.128105289629718,0.042379079375069656,0.04952293022962368,0.04530682687911209,0.0,0.0,0.128105289629718,-0.018322665260303298
1930-01-31,IdioVol3F,-0.018322665260303298,0.04826143772031798,0.04271276247193287,0.049021074710637665,0.0,0.0,-0.018322665260303298,-0.006896677036797369
1930-02-28,IdioVol3F,-0.006896677036797369,0.047143371704882454,0.042640034309742475,0.04910053726812301,0.0,0.0,-0.006896677036797369,-0.0292468143856801
1930-03-31,IdioVol3F,-0.0292468143856801,0.04510911643280619,0.038912788864599,0.05290028417356031,0.0,0.0,-0.0292468143856801,0.08209045472081071
1930-04-30,IdioVol3F,0.08209045472081071,0.03908796072169606,0.04267150188828894,0.05433390332933205,0.0,0.0,0.08209045472081071,-0.0417602052405834
1930-05-31,IdioVol3F,-0.0417602052405834,0.04100645427662207,0.034109232650188274,0.059074228241946095,0.0,0.0,-0.0417602052405834,0.009134292399554161
1930-06-30,IdioVol3F,0.009134292399554161,0.031524090588063096,0.02965827407235402,0.05874814196081974,0.0,0.0,0.009134292399554161,-0.10744318637240599
1930-07-31,IdioVol3F,-0.10744318637240599,0.028916599595247762,0.017553284097943284,0.07066995458173227,0.0,0.0,-0.10744318637240599,0.048125148598103
1930-08-31,IdioVol3F,0.048125148598103,0.017803479418907177,0.020330285183840162,0.0712046927995964,0.0,0.0,0.048125148598103,0.0381057765547057
1930-09-30,IdioVol3F,0.0381057765547057,0.023361940088950914,0.02459059312776381,0.07055446235779932,0.0,0.0,0.0381057765547057,-0.011118494643870101
1930-10-31,IdioVol3F,-0.011118494643870101,0.015299540330490158,0.013098037415960136,0.06324719436156527,0.0,0.0,-0.011118494643870101,0.054119893468481
1930-11-30,IdioVol3F,0.054119893468481,0.008252083542113757,0.012074401035977693,0.062399757207276314,0.0,0.0,0.054119893468481,0.04879680000519351
1930-12-31,IdioVol3F,0.04879680000519351,0.0015261384365467567,0.005465360233933986,0.052390354012513775,0.0,0.0,0.04879680000519351,-0.0694402443082899
1931-01-31,IdioVol3F,-0.0694402443082899,0.0076279080061373745,0.0012055619799351016,0.05642329466554651,0.0,0.0,-0.0694402443082899,-0.0434106133821914
1931-02-28,IdioVol3F,-0.0434106133821914,0.0019421291632744162,-0.0018372660488477337,0.05786608457776595,0.0,0.0,-0.0434106133821914,-0.147350684479775
1931-03-31,IdioVol3F,-0.147350684479775,0.0006545110726824802,-0.011679255223355644,0.07141034797719457,0.0,0.0,-0.147350684479775,0.13011385711774198
1931-04-30,IdioVol3F,0.13011385711774198,-0.02020377430918895,-0.007677305023611372,0.07816890611769749,0.0,0.0,0.13011385711774198,-0.0138186337356599
1931-05-31,IdioVol3F,-0.0138186337356599,-0.004578859549341187,-0.005348840731534413,0.07747443425804591,0.0,0.0,-0.0138186337356599,0.0254693271274431
1931-06-30,IdioVol3F,0.0254693271274431,-0.006665489197997012,-0.003987587837543667,0.0778944097721347,0.0,0.0,0.0254693271274431,-0.0074360007451302005
1931-07-31,IdioVol3F,-0.0074360007451302005,0.005417466574716542,0.004346344298062649,0.0708508724502166,0.0,0.0,-0.0074360007451302005,0.029414968721951703
1931-08-31,IdioVol3F,0.029414968721951703,0.0003664529980589788,0.0027871626417167073,0.07000064093981921,0.0,0.0,0.029414968721951703,0.0350932278631103
1931-09-30,IdioVol3F,0.0350932278631103,-0.0004236204412822934,0.0025361169174170912,0.06986773746660466,0.0,0.0,0.0350932278631103,-0.034677765725796596
1931-10-31,IdioVol3F,-0.034677765725796596,0.0037774452411704702,0.00057284432725655,0.0706133386183068,0.0,0.0,-0.034677765725796596,0.0898556646576618
1931-11-30,IdioVol3F,0.0898556646576618,-0.004295069231036583,0.0035508252596882835,0.07376029640807126,0.0,0.0,0.0898556646576618,0.124214185937183
1931-12-31,IdioVol3F,0.124214185937183,-0.0005624451717212847,0.009835607420687408,0.0808392687688205,0.0,0.0,0.124214185937183,-0.08464859023231529
1932-01-31,IdioVol3F,-0.08464859023231529,0.017042503032412615,0.00856824526035196,0.08230110436820343,0.0,0.0,-0.08464859023231529,0.056346572708525305
1932-02-29,IdioVol3F,0.056346572708525305,0.013293596046037718,0.01688134410124502,0.08160874789472185,0.0,0.0,0.056346572708525305,-0.030227285176446503
1932-03-31,IdioVol3F,-0.030227285176446503,0.03181152851770139,0.026641627376522394,0.06561857500850102,0.0,0.0,-0.030227285176446503,-0.129690346271797
1932-04-30,IdioVol3F,-0.129690346271797,0.017235061036411523,0.004991277094060813,0.07101350889189305,0.0,0.0,-0.129690346271797,0.0542647574032589
1932-05-31,IdioVol3F,0.0542647574032589,0.00670126898767178,0.010664893022304047,0.07208573620127191,0.0,0.0,0.0542647574032589,-0.22805341714720298
1932-06-30,IdioVol3F,-0.22805341714720298,0.009319035376382309,-0.01046200233391646,0.09934833065933961,0.0,0.0,-0.22805341714720298,-0.33234137948439096
1932-07-31,IdioVol3F,-0.33234137948439096,-0.01073709338744249,-0.03753745056218819,0.13597166042992945,0.0,0.0,-0.33234137948439096,-0.000866465186621284
1932-08-31,IdioVol3F,-0.000866465186621284,-0.04362403413347364,-0.0400609033879026,0.13489286583711366,0.0,0.0,-0.000866465186621284,0.0874607239220032
1932-09-30,IdioVol3F,0.0874607239220032,-0.046893097137994694,-0.03569694538299486,0.13834805588057897,0.0,0.0,0.0874607239220032,-0.045341196498332306
1932-10-31,IdioVol3F,-0.045341196498332306,-0.035789598079103806,-0.03658556461403951,0.13837515782960286,0.0,0.0,-0.045341196498332306,0.392630575804574
1932-11-30,IdioVol3F,0.392630575804574,-0.048080221820557816,-0.011354322018463486,0.18370535966080248,0.0,0.0,0.392630575804574,0.187344791087476
1932-12-31,IdioVol3F,0.187344791087476,-0.023678731832613178,-0.006093438255939075,0.1887746721438903,0.0,0.0,0.187344791087476,0.0258505318774341
1933-01-31,IdioVol3F,0.0258505318774341,0.0010479391964587587,0.003114821919873376,0.18728360747895176,0.0,0.0,0.0258505318774341,-0.0229037579677452
1933-02-28,IdioVol3F,-0.0229037579677452,-0.00172442815182226,-0.003489372303149166,0.18663201726804765,0.0,0.0,-0.0229037579677452,0.021729876495499498
1933-03-31,IdioVol3F,0.021729876495499498,-0.0010586529510312325,0.0008403911695130008,0.1865579950942253,0.0,0.0,0.021729876495499498,-0.0619990209871015
1933-04-30,IdioVol3F,-0.0619990209871015,0.012706821845995723,0.006481334943237628,0.1832463359952845,0.0,0.0,-0.0619990209871015,-0.392888513075814
1933-05-31,IdioVol3F,-0.392888513075814,0.0021373874468720512,-0.030781437596685116,0.21530575840990054,0.0,0.0,-0.392888513075814,-0.120405225442574
1933-06-30,IdioVol3F,-0.120405225442574,-0.012847621273910769,-0.021810754954632704,0.20847340735502998,0.0,0.0,-0.120405225442574,-0.0432628767508183
1933-07-31,IdioVol3F,-0.0432628767508183,0.00641930182079986,0.0022791202731650196,0.184671658753191,0.0,0.0,-0.0432628767508183,0.0568615572380787
1933-08-31,IdioVol3F,0.0568615572380787,0.0025650825876910397,0.007089788808556686,0.18533298640536916,0.0,0.0,0.0568615572380787,0.0214277852667607
1933-09-30,IdioVol3F,0.0214277852667607,-0.00021665983812027808,0.0015870439206198104,0.18370287345331845,0.0,0.0,0.0214277852667607,0.057701826737283204
1933-10-31,IdioVol3F,0.057701826737283204,0.005853247595069996,0.01017396252358777,0.18371816110397315,0.0,0.0,0.057701826737283204,0.113664120620407
1933-11-30,IdioVol3F,0.113664120620407,-0.02459482050195644,-0.013073242075092814,0.14435686570389858,0.0,0.0,0.113664120620407,-0.052519774957420405
1933-12-31,IdioVol3F,-0.052519774957420405,-0.03129306327168999,-0.03306195591216752,0.12997272728039594,0.0,0.0,-0.052519774957420405,-0.192872332823795
1934-01-31,IdioVol3F,-0.192872332823795,-0.038417636620313125,-0.05128886130393661,0.13614966450494384,0.0,0.0,-0.192872332823795,-0.046022349541172104
1934-02-28,IdioVol3F,-0.046022349541172104,-0.05386932524359039,-0.053215410601722184,0.13587478378046725,0.0,0.0,-0.046022349541172104,0.0179921287273909
1934-03-31,IdioVol3F,0.0179921287273909,-0.06002861851965144,-0.053526889582397895,0.13569152144432517,0.0,0.0,0.0179921287273909,-0.08751316628892329
1934-04-30,IdioVol3F,-0.08751316628892329,-0.05275669581833395,-0.05565306835754971,0.1360357978522433,0.0,0.0,-0.08751316628892329,0.0195289334447196
1934-05-31,IdioVol3F,0.0195289334447196,-0.024995300655889337,-0.021284947814171912,0.08597763819987864,0.0,0.0,0.0195289334447196,-0.0376808173537829
1934-06-30,IdioVol3F,-0.0376808173537829,-0.01227401348431719,-0.01439124714010599,0.08044615068916743,0.0,0.0,-0.0376808173537829,0.0962255329576564
1934-07-31,IdioVol3F,0.0962255329576564,-0.011766553539132153,-0.0027672129977330956,0.08579494463473439,0.0,0.0,0.0962255329576564,-0.05016233296558639
1934-08-31,IdioVol3F,-0.05016233296558639,-0.008188010291897817,-0.011685870514705187,0.08458706945440085,0.0,0.0,-0.05016233296558639,0.0242350348238377
1934-09-30,IdioVol3F,0.0242350348238377,-0.014696202858474826,-0.011451933051615439,0.08469079376178193,0.0,0.0,0.0242350348238377,0.0488852505188462
1934-10-31,IdioVol3F,0.0488852505188462,-0.01773863848696987,-0.012186647736485189,0.08407231280719778,0.0,0.0,0.0488852505188462,0.0893597031432054
1934-11-30,IdioVol3F,0.0893597031432054,-0.023627626678020854,-0.014212015859585323,0.08100152168986854,0.0,0.0,0.0893597031432054,-0.09112476505183331
1934-12-31,IdioVol3F,-0.09112476505183331,-0.010729492305236689,-0.01742909836745306,0.0833926107581587,0.0,0.0,-0.09112476505183331,-0.000916013817548027
1935-01-31,IdioVol3F,-0.000916013817548027,-0.0014797134168765332,-0.0014327384502658138,0.06246406523123108,0.0,0.0,-0.000916013817548027,0.109854445902651
1935-02-28,IdioVol3F,0.109854445902651,0.002620862557998383,0.011556994503386112,0.06828493773406864,0.0,0.0,0.109854445902651,-0.0054468983017545705
1935-03-31,IdioVol3F,-0.0054468983017545705,0.010971982301203847,0.009603742250957323,0.06841922843796465,0.0,0.0,-0.0054468983017545705,0.0287787109575928
1935-04-30,IdioVol3F,0.0287787109575928,0.018432552118219186,0.019294732021500328,0.06127590445033614,0.0,0.0,0.0287787109575928,-0.0483288965828811
1935-05-31,IdioVol3F,-0.0483288965828811,0.01927344098302584,0.013639912852533603,0.0643084030035847,0.0,0.0,-0.0483288965828811,0.0527220587865928
1935-06-30,IdioVol3F,0.0527220587865928,0.01830543378038055,0.02117348586423158,0.06303232776600841,0.0,0.0,0.0527220587865928,-0.015470949842377799
1935-07-31,IdioVol3F,-0.015470949842377799,0.014350572492102039,0.011865445630895395,0.05906402328993511,0.0,0.0,-0.015470949842377799,-0.16074363542209402
1935-08-31,IdioVol3F,-0.16074363542209402,0.017504334594211912,0.0026503370928530937,0.0758596659862877,0.0,0.0,-0.16074363542209402,0.0759291960326055
1935-09-30,IdioVol3F,0.0759291960326055,0.0006880918445817548,0.006958183860250411,0.07861458320946689,0.0,0.0,0.0759291960326055,-0.0399065497326103
1935-10-31,IdioVol3F,-0.0399065497326103,0.0031466323458326016,-0.00044113282737096374,0.0784881029270685,0.0,0.0,-0.0399065497326103,-0.14630542664972102
1935-11-30,IdioVol3F,-0.14630542664972102,-0.008604845188332462,-0.020079893643448168,0.08331115622476352,0.0,0.0,-0.14630542664972102,-0.0295085416166684
1935-12-31,IdioVol3F,-0.0295085416166684,-0.013621268969958618,-0.014945208357184424,0.08038169285007271,0.0,0.0,-0.0295085416166684,-0.181355412820146
1936-01-31,IdioVol3F,-0.181355412820146,-0.01622058967896956,-0.02998182494073426,0.09334964663247293,0.0,0.0,-0.181355412820146,-0.02822937641152
1936-02-29,IdioVol3F,-0.02822937641152,-0.042694213199223834,-0.04148881013358184,0.0824156217121516,0.0,0.0,-0.02822937641152,0.00918432615916565
1936-03-31,IdioVol3F,0.00918432615916565,-0.04476534757283888,-0.040269541428505154,0.0831026690651954,0.0,0.0,0.00918432615916565,0.0640879972565501
1936-04-30,IdioVol3F,0.0640879972565501,-0.0465466552817868,-0.03732710090359205,0.08633209079493291,0.0,0.0,0.0640879972565501,0.0247140012210544
1936-05-31,IdioVol3F,0.0247140012210544,-0.03632693766002033,-0.031240192753264086,0.08804388489733947,0.0,0.0,0.0247140012210544,0.0637697115660876
1936-06-30,IdioVol3F,0.0637697115660876,-0.03887312471143291,-0.03031955502163952,0.08905362720146422,0.0,0.0,0.0637697115660876,-0.0249616978202388
1936-07-31,IdioVol3F,-0.0249616978202388,-0.03166942821975423,-0.03111045068646127,0.08895185268738488,0.0,0.0,-0.0249616978202388,-0.0225965398314974
1936-08-31,IdioVol3F,-0.0225965398314974,-0.019325615710494667,-0.01959819272057822,0.0790362932475084,0.0,0.0,-0.0225965398314974,-0.027233280926265698
1936-09-30,IdioVol3F,-0.027233280926265698,-0.028282500789049477,-0.028195065800484156,0.07308776169301855,0.0,0.0,-0.027233280926265698,0.057679630977010496
1936-10-31,IdioVol3F,0.057679630977010496,-0.027130385443018153,-0.02006288407468242,0.07699099483205624,0.0,0.0,0.057679630977010496,-0.00747113079260308
1936-11-30,IdioVol3F,-0.00747113079260308,-0.008586289295133468,-0.008493359419922594,0.06593307352128022,0.0,0.0,-0.00747113079260308,-0.0699289403553148
1936-12-31,IdioVol3F,-0.0699289403553148,-0.006582888311127532,-0.01186172598147646,0.06810113737281336,0.0,0.0,-0.0699289403553148,-0.043385128358409804
1937-01-31,IdioVol3F,-0.043385128358409804,0.003546791003857123,-0.0003642022763317773,0.04440998293711925,0.0,0.0,-0.043385128358409804,-0.0249140126930556
1937-02-28,IdioVol3F,-0.0249140126930556,0.002168995372321686,-8.79219664597439e-05,0.04423082195752876,0.0,0.0,-0.0249140126930556,-0.0494438662457277
1937-03-31,IdioVol3F,-0.0494438662457277,-0.000930853614243882,-0.004973604666867523,0.04630297224548821,0.0,0.0,-0.0494438662457277,0.061475706267537504
1937-04-30,IdioVol3F,0.061475706267537504,-0.011251932114450953,-0.005191295582618573,0.04595358826413094,0.0,0.0,0.061475706267537504,0.07302377161712
1937-05-31,IdioVol3F,0.07302377161712,-0.007909958928407037,-0.0011654813829464403,0.05068426223228601,0.0,0.0,0.07302377161712,0.0535413596062857
1937-06-30,IdioVol3F,0.0535413596062857,-0.007068680741949545,-0.0020178440462632653,0.04956664908871096,0.0,0.0,0.0535413596062857,-0.0357780854557909
1937-07-31,IdioVol3F,-0.0357780854557909,6.796084227995487e-05,-0.0029192096825592737,0.050117102574073265,0.0,0.0,-0.0357780854557909,0.0763240981318634
1937-08-31,IdioVol3F,0.0763240981318634,-0.0011303614872012722,0.00532417681438746,0.054527580289866734,0.0,0.0,0.0763240981318634,0.09421570293202279
1937-09-30,IdioVol3F,0.09421570293202279,0.008283945699901374,0.015444925469244836,0.059021096271446374,0.0,0.0,0.09421570293202279,-0.0564330594193061
1937-10-31,IdioVol3F,-0.0564330594193061,0.011605406786720673,0.005935534602885117,0.06076476254783116,0.0,0.0,-0.0564330594193061,0.0284587272059964
1937-11-30,IdioVol3F,0.0284587272059964,0.007154322366111307,0.008929689436101743,0.06092909143382414,0.0,0.0,0.0284587272059964,0.055389207057177405
1937-12-31,IdioVol3F,0.055389207057177405,0.01609865578077596,0.01937286838714276,0.05678266337394482,0.0,0.0,0.055389207057177405,-5.650618723237e-06
1938-01-31,IdioVol3F,-5.650618723237e-06,0.025078140818556617,0.02298782486544997,0.05372245626406771,0.0,0.0,-5.650618723237e-06,-0.00996387173302002
1938-02-28,IdioVol3F,-0.00996387173302002,0.02734253737076865,0.024233669945452938,0.05267371958591106,0.0,0.0,-0.00996387173302002,0.0612381888166399
1938-03-31,IdioVol3F,0.0612381888166399,0.030931627781014805,0.03345717453398357,0.04809064048054243,0.0,0.0,0.0612381888166399,-0.0274678503575774
1938-04-30,IdioVol3F,-0.0274678503575774,0.030910035285478657,0.02604521148189066,0.05018817399839303,0.0,0.0,-0.0274678503575774,0.0630947254890694
1938-05-31,IdioVol3F,0.0630947254890694,0.021774433287778897,0.02521779097121978,0.049419214869589986,0.0,0.0,0.0630947254890694,-0.10676447765636199
1938-06-30,IdioVol3F,-0.10676447765636199,0.022642921095304688,0.011858971199332472,0.061304341152140576,0.0,0.0,-0.10676447765636199,-0.025401456430476598
1938-07-31,IdioVol3F,-0.025401456430476598,0.016189612713434588,0.01272369028477533,0.060640911869725866,0.0,0.0,-0.025401456430476598,0.055597797343861194
1938-08-31,IdioVol3F,0.055597797343861194,0.006941835025949131,0.010996498552441813,0.05893594442562626,0.0,0.0,0.055597797343861194,0.0594063126821117
1938-09-30,IdioVol3F,0.0594063126821117,0.003431116336116259,0.008095716031615888,0.05520622548429145,0.0,0.0,0.0594063126821117,-0.12526810976757902
1938-10-31,IdioVol3F,-0.12526810976757902,0.013961968345336058,0.002359461835926479,0.06519348299741627,0.0,0.0,-0.12526810976757902,0.0845033760342621
1938-11-30,IdioVol3F,0.0845033760342621,-1.3198652261706387e-05,0.0070298492382819535,0.0691222850815118,0.0,0.0,0.0845033760342621,-0.026752486966887902
1938-12-31,IdioVol3F,-0.026752486966887902,0.002633543982018721,0.00018470806960984437,0.06795529312662596,0.0,0.0,-0.026752486966887902,0.006113660624424339
1939-01-31,IdioVol3F,0.006113660624424339,0.00020201340491284245,0.0006946506732054758,0.0679766913579017,0.0,0.0,0.006113660624424339,-0.0150888106307776
1939-02-28,IdioVol3F,-0.0150888106307776,0.0016636072555896023,0.00026757243172567755,0.06806578438847356,0.0,0.0,-0.0150888106307776,0.115584671947729
1939-03-31,IdioVol3F,0.115584671947729,-0.005275210875993807,0.004796446025983103,0.07403742915496077,0.0,0.0,0.115584671947729,-0.08441409168925
1939-04-30,IdioVol3F,-0.08441409168925,0.007729563879034049,5.092591501038602e-05,0.07801179733596546,0.0,0.0,-0.08441409168925,0.02737895214941
1939-05-31,IdioVol3F,0.02737895214941,-0.005680328591722261,-0.00292538852996123,0.07604439178442536,0.0,0.0,0.02737895214941,0.0207354388261522
1939-06-30,IdioVol3F,0.0207354388261522,0.00651452866334792,0.007699604510248287,0.06877687067335683,0.0,0.0,0.0207354388261522,-0.058960222035850905
1939-07-31,IdioVol3F,-0.058960222035850905,0.010708791868495993,0.004903040709800428,0.07089482629314735,0.0,0.0,-0.058960222035850905,0.086923191806783
1939-08-31,IdioVol3F,0.086923191806783,0.00029442647034034786,0.007513490248377244,0.07346143937205464,0.0,0.0,0.086923191806783,-0.263402331153085
1939-09-30,IdioVol3F,-0.263402331153085,0.0027959609362195564,-0.019387230071222478,0.105045940617204,0.0,0.0,-0.263402331153085,0.0779070662473491
1939-10-31,IdioVol3F,0.0779070662473491,-0.009761695553371893,-0.0024559654033118015,0.1027780277073223,0.0,0.0,0.0779070662473491,0.0898408608795236
1939-11-30,IdioVol3F,0.0898408608795236,-0.010361360079454894,-0.0020111749995400095,0.10319925818534749,0.0,0.0,0.0898408608795236,0.0139764885611848
1939-12-31,IdioVol3F,0.0139764885611848,0.00023803517930978807,0.0013829062944660491,0.10298110647738322,0.0,0.0,0.0139764885611848,0.016341006872018102
1940-01-31,IdioVol3F,0.016341006872018102,0.000952837719015285,0.002235185148432196,0.10306610384946083,0.0,0.0,0.016341006872018102,-0.0377678024620645
1940-02-29,IdioVol3F,-0.0377678024620645,0.003810093855633076,0.00034526916249162074,0.10361909976122198,0.0,0.0,-0.0377678024620645,-0.0535372176597173
1940-03-31,IdioVol3F,-0.0535372176597173,-0.010131040181620879,-0.013748221638128904,0.09786158166469247,0.0,0.0,-0.0535372176597173,0.0322877584168152
1940-04-30,IdioVol3F,0.0322877584168152,-0.007324051633481543,-0.004023067462623472,0.09598128776426688,0.0,0.0,0.0322877584168152,0.136234197212144
1940-05-31,IdioVol3F,0.136234197212144,-0.006877796518262888,0.005048202959271029,0.10402580173962292,0.0,0.0,0.136234197212144,0.0499826688547844
1940-06-30,IdioVol3F,0.0499826688547844,0.0036220906077363657,0.007485472128323712,0.10476674315632957,0.0,0.0,0.0499826688547844,0.044014434010581596
1940-07-31,IdioVol3F,0.044014434010581596,0.013525989779612302,0.01606669346552642,0.10303241398838227,0.0,0.0,0.044014434010581596,0.0253992876401254
1940-08-31,IdioVol3F,0.0253992876401254,0.009625193616321265,0.010939701451638287,0.10069011102772202,0.0,0.0,0.0253992876401254,0.06023824129171149
1940-09-30,IdioVol3F,0.06023824129171149,0.03587988623388584,0.037909749155371326,0.052189929841526005,0.0,0.0,0.06023824129171149,-0.053304242934141
1940-10-31,IdioVol3F,-0.053304242934141,0.03427362941973697,0.02697547339024715,0.05660644268323454,0.0,0.0,-0.053304242934141,0.0004885310296152289
1940-11-30,IdioVol3F,0.0004885310296152289,0.02126043816394928,0.019529445902754787,0.05336952156517984,0.0,0.0,0.0004885310296152289,0.0386604612744459
1940-12-31,IdioVol3F,0.0386604612744459,0.020034260206533865,0.021586443628859878,0.053611184120844785,0.0,0.0,0.0386604612744459,-0.0313907420283055
1941-01-31,IdioVol3F,-0.0313907420283055,0.02206330151584548,0.017608797887166242,0.05576326364589464,0.0,0.0,-0.0313907420283055,-0.0149393768975651
1941-02-28,IdioVol3F,-0.0149393768975651,0.022643034282550847,0.01951116668420786,0.054065906773758846,0.0,0.0,-0.0149393768975651,0.0262313893361368
1941-03-31,IdioVol3F,0.0262313893361368,0.026151928897291954,0.026158550600529035,0.04892776438979733,0.0,0.0,0.0262313893361368,0.00884230787725667
1941-04-30,IdioVol3F,0.00884230787725667,0.02560134988995755,0.024204763055565823,0.04912846337952307,0.0,0.0,0.00884230787725667,0.000290152975113374
1941-05-31,IdioVol3F,0.000290152975113374,0.014020269041331435,0.012876092702479941,0.03441843355026606,0.0,0.0,0.000290152975113374,0.0008880260300533389
1941-06-30,IdioVol3F,0.0008880260300533389,0.009502767597724978,0.008784872467085687,0.032469388382425496,0.0,0.0,0.0008880260300533389,-0.12763313081762098
1941-07-31,IdioVol3F,-0.12763313081762098,0.005582185054040591,-0.00551909126859786,0.04909210459778171,0.0,0.0,-0.12763313081762098,0.0223355091995004
1941-08-31,IdioVol3F,0.0223355091995004,-0.008329852987572717,-0.005774406138649944,0.048924368771822886,0.0,0.0,0.0223355091995004,0.0267258759727163
1941-09-30,IdioVol3F,0.0267258759727163,-0.011775555905046453,-0.00856710324856621,0.04566134359480862,0.0,0.0,0.0267258759727163,0.036166201708212505
1941-10-31,IdioVol3F,0.036166201708212505,-0.004500090549877606,-0.0011112328617034178,0.04499203783511037,0.0,0.0,0.036166201708212505,0.031381475671109
1941-11-30,IdioVol3F,0.031381475671109,-0.0012566659427323994,0.0014631791917543966,0.045965208036627105,0.0,0.0,0.031381475671109,0.053827081097553
1941-12-31,IdioVol3F,0.053827081097553,-0.0019183919066721171,0.002727064177013322,0.04727095534713941,0.0,0.0,0.053827081097553,-0.246454466811977
1942-01-31,IdioVol3F,-0.246454466811977,0.005828682922951384,-0.015194912888292637,0.086156843740379,0.0,0.0,-0.246454466811977,0.0204556497553924
1942-02-28,IdioVol3F,0.0204556497553924,-0.015218143432904245,-0.01224532733387951,0.0867700805238136,0.0,0.0,0.0204556497553924,0.007170832148814969
1942-03-31,IdioVol3F,0.007170832148814969,-0.01574321066751737,-0.013833707099489662,0.08617412063279743,0.0,0.0,0.007170832148814969,0.000685300184509883
1942-04-30,IdioVol3F,0.000685300184509883,-0.015895163006466616,-0.014513457740551896,0.08601100612515401,0.0,0.0,0.000685300184509883,0.030859951680559702
1942-05-31,IdioVol3F,0.030859951680559702,-0.015859240532885115,-0.011965974515098036,0.08693704528102313,0.0,0.0,0.030859951680559702,0.0031063799902761604
1942-06-30,IdioVol3F,0.0031063799902761604,-0.013134520019202718,-0.011781111685079467,0.0869692154068277,0.0,0.0,0.0031063799902761604,-0.0126251811809412
1942-07-31,IdioVol3F,-0.0126251811809412,-0.001249109945757523,-0.002197115882022818,0.07901488647018712,0.0,0.0,-0.0126251811809412,0.0033587081309986
1942-08-31,IdioVol3F,0.0033587081309986,-0.004427354525797668,-0.0037785159710646346,0.07866839650482026,0.0,0.0,0.0033587081309986,-0.0312609063823269
1942-09-30,IdioVol3F,-0.0312609063823269,-0.006551642511408368,-0.0086107478339849,0.07840480097346124,0.0,0.0,-0.0312609063823269,-0.141659028014528
1942-10-31,IdioVol3F,-0.141659028014528,-0.012681379610548315,-0.02342951697754661,0.08564310702725608,0.0,0.0,-0.141659028014528,-0.0063870516184460005
1942-11-30,IdioVol3F,-0.0063870516184460005,-0.028412334491060773,-0.026576894251676194,0.08412625171297285,0.0,0.0,-0.0063870516184460005,0.017901245108184
1942-12-31,IdioVol3F,0.017901245108184,-0.03388634655615159,-0.029570713917456946,0.08160628243121762,0.0,0.0,0.017901245108184,-0.147678482666569
1943-01-31,IdioVol3F,-0.147678482666569,-0.009854009108864222,-0.02133938190533961,0.05981278633721772,0.0,0.0,-0.147678482666569,-0.128327388049149
1943-02-28,IdioVol3F,-0.128327388049149,-0.02513893023813344,-0.03373796838905139,0.06551070206061095,0.0,0.0,-0.128327388049149,-0.0677974331650536
1943-03-31,IdioVol3F,-0.0677974331650536,-0.03745695025613017,-0.039985323831873774,0.06482587636279535,0.0,0.0,-0.0677974331650536,-0.0960854375335493
1943-04-30,IdioVol3F,-0.0960854375335493,-0.043682653287908664,-0.048049551975045374,0.06532372428644488,0.0,0.0,-0.0960854375335493,-0.07390265431250741
1943-05-31,IdioVol3F,-0.07390265431250741,-0.05522314321646402,-0.0567797691411343,0.06065262591426885,0.0,0.0,-0.07390265431250741,0.038742419844963495
1943-06-30,IdioVol3F,0.038742419844963495,-0.06222396451671708,-0.05381009915324369,0.06459556823112496,0.0,0.0,0.038742419844963495,0.047019068085923
1943-07-31,IdioVol3F,0.047019068085923,-0.05755418260527119,-0.04883974504767166,0.07011181475112864,0.0,0.0,0.047019068085923,0.028856315105540903
1943-08-31,IdioVol3F,0.028856315105540903,-0.05358505897300534,-0.046714944466459817,0.07219302041536674,0.0,0.0,0.028856315105540903,-0.022694203808476598
1943-09-30,IdioVol3F,-0.022694203808476598,-0.048119857019562826,-0.046001052585305624,0.07240178749228983,0.0,0.0,-0.022694203808476598,-0.0144588416618073
1943-10-31,IdioVol3F,-0.0144588416618073,-0.037304873000830865,-0.03540103705591223,0.06616669445692025,0.0,0.0,-0.0144588416618073,0.0785851677592126
1943-11-30,IdioVol3F,0.0785851677592126,-0.038038672095681896,-0.02832001877444067,0.07367477655657237,0.0,0.0,0.0785851677592126,-0.0750063666539543
1943-12-31,IdioVol3F,-0.0750063666539543,-0.03252195185467929,-0.03606231975461887,0.07325645541339203,0.0,0.0,-0.0750063666539543,-0.0185517639866204
1944-01-31,IdioVol3F,-0.0185517639866204,-0.025915395853532506,-0.025301759864623147,0.06430790055198238,0.0,0.0,-0.0185517639866204,-0.00711223087786668
1944-02-29,IdioVol3F,-0.00711223087786668,-0.015935793666029905,-0.015200496767016292,0.055581814811696696,0.0,0.0,-0.00711223087786668,-0.0206682005505772
1944-03-31,IdioVol3F,-0.0206682005505772,-0.010418957094467456,-0.011273060715809925,0.05313882379232465,0.0,0.0,-0.0206682005505772,0.034583149974837496
1944-04-30,IdioVol3F,0.034583149974837496,-0.003562844641469994,-0.00038401175677769153,0.0472400799446955,0.0,0.0,0.034583149974837496,-0.00897228314818224
1944-05-31,IdioVol3F,-0.00897228314818224,0.006299501202834088,0.0050268525069160725,0.041412904074023815,0.0,0.0,-0.00897228314818224,-0.11397856774739401
1944-06-30,IdioVol3F,-0.11397856774739401,0.0019618009307299303,-0.00769989645911372,0.05217734074579757,0.0,0.0,-0.11397856774739401,0.013571455918261699
1944-07-31,IdioVol3F,0.013571455918261699,-0.012674347781389799,-0.010487197473085496,0.04982907197072935,0.0,0.0,0.013571455918261699,-0.0336500066443025
1944-08-31,IdioVol3F,-0.0336500066443025,-0.014063880434778818,-0.015696057618905777,0.048594161271567744,0.0,0.0,-0.0336500066443025,0.0118161345284257
1944-09-30,IdioVol3F,0.0118161345284257,-0.015059862510762993,-0.012820196090830587,0.04916023644339508,0.0,0.0,0.0118161345284257,0.0152502352077799
1944-10-31,IdioVol3F,0.0152502352077799,-0.012671228311650901,-0.010344439685031653,0.04981395280576799,0.0,0.0,0.0152502352077799,-0.000211001507043664
1944-11-30,IdioVol3F,-0.000211001507043664,-0.018428949452690236,-0.016910787123886346,0.04153042400715491,0.0,0.0,-0.000211001507043664,-0.0358533573303491
1944-12-31,IdioVol3F,-0.0358533573303491,-0.011629370802971089,-0.013648036346919244,0.037933572793713885,0.0,0.0,-0.0358533573303491,-0.0229898445530281
1945-01-31,IdioVol3F,-0.0229898445530281,-0.013202242925128243,-0.014017876394119886,0.03800729218276299,0.0,0.0,-0.0229898445530281,-0.0357719442018604
1945-02-28,IdioVol3F,-0.0357719442018604,-0.014645662350142917,-0.016406185837786028,0.03843199437959832,0.0,0.0,-0.0357719442018604,0.0535375153478361
1945-03-31,IdioVol3F,0.0535375153478361,-0.016018729954805026,-0.01022237617958492,0.043340389157326416,0.0,0.0,0.0535375153478361,-0.0215807279941841
1945-04-30,IdioVol3F,-0.0215807279941841,-0.014295605829986973,-0.014902699343670051,0.041033129119064246,0.0,0.0,-0.0215807279941841,-0.0198873323458685
1945-05-31,IdioVol3F,-0.0198873323458685,-0.015441828088714414,-0.015812286776810576,0.041010689378892816,0.0,0.0,-0.0198873323458685,-0.0854421405393707
1945-06-30,IdioVol3F,-0.0854421405393707,-0.006888079415848457,-0.013434251176141965,0.03521941645822368,0.0,0.0,-0.0854421405393707,0.055441571466942306
1945-07-31,IdioVol3F,0.055441571466942306,-0.0158893154574514,-0.009945074880418582,0.03990096691316114,0.0,0.0,0.055441571466942306,0.00855341341328132
1945-08-31,IdioVol3F,0.00855341341328132,-0.007790081083701873,-0.006428123208953263,0.039479340577947934,0.0,0.0,0.00855341341328132,-0.0227560220279652
1945-09-30,IdioVol3F,-0.0227560220279652,-0.008086692094169547,-0.009309136255319171,0.039287918756674575,0.0,0.0,-0.0227560220279652,-0.023020780173101
1945-10-31,IdioVol3F,-0.023020780173101,-0.01154180638832819,-0.012498387537059246,0.038661393392975224,0.0,0.0,-0.023020780173101,-0.0652600687439358
1945-11-30,IdioVol3F,-0.0652600687439358,-0.013615422630697038,-0.017919143140133594,0.04125523303729488,0.0,0.0,-0.0652600687439358,-0.0006988653971431889
1945-12-31,IdioVol3F,-0.0006988653971431889,-0.016288760031932196,-0.014989602145699764,0.04111386868889528,0.0,0.0,-0.0006988653971431889,-0.0327568047893885
1946-01-31,IdioVol3F,-0.0327568047893885,-0.014262307381397204,-0.0158035154987298,0.04138244284728396,0.0,0.0,-0.0327568047893885,0.0369646434034536
1946-02-28,IdioVol3F,0.0369646434034536,-0.01398820379844521,-0.009742133198286965,0.043466213127862634,0.0,0.0,0.0369646434034536,-0.0011112252126525201
1946-03-31,IdioVol3F,-0.0011112252126525201,-0.015494828520661802,-0.014296194911661016,0.038851387521624176,0.0,0.0,-0.0011112252126525201,-0.0278357746801402
1946-04-30,IdioVol3F,-0.0278357746801402,-0.013633964631431657,-0.01481744880215736,0.03899968387583523,0.0,0.0,-0.0278357746801402,-0.00680499237042882
1946-05-31,IdioVol3F,-0.00680499237042882,-0.014356550298183633,-0.013727253804204052,0.03902791798407288,0.0,0.0,-0.00680499237042882,0.0206292965951228
1946-06-30,IdioVol3F,0.0206292965951228,-0.007207718646461642,-0.004887967376329593,0.03282836075039989,0.0,0.0,0.0206292965951228,0.035072658498298
1946-07-31,IdioVol3F,0.035072658498298,-0.010372470907536142,-0.006585376790383286,0.029813569125126164,0.0,0.0,0.035072658498298,0.00985823453216752
1946-08-31,IdioVol3F,0.00985823453216752,-0.007961630445261898,-0.006476641697142769,0.029876116104546796,0.0,0.0,0.00985823453216752,0.0714836205088757
1946-09-30,IdioVol3F,0.0714836205088757,-0.004996698030704378,0.0013766618475939726,0.03679315300544414,0.0,0.0,0.0714836205088757,0.000642947379122094
1946-10-31,IdioVol3F,0.000642947379122094,0.003594611122202594,0.0033486391436125637,0.03599209005929216,0.0,0.0,0.000642947379122094,0.0083549288797317
1946-11-30,IdioVol3F,0.0083549288797317,0.009585794406116949,0.00948322227891819,0.028787697547884912,0.0,0.0,0.0083549288797317,7.749068663041899e-05
1946-12-31,IdioVol3F,7.749068663041899e-05,0.010408866613105576,0.009547918619232657,0.02876359675501981,0.0,0.0,7.749068663041899e-05,-0.0053019350620535895
1947-01-31,IdioVol3F,-0.0053019350620535895,0.01339380256547093,0.011835824429843898,0.026057286290081874,0.0,0.0,-0.0053019350620535895,0.011375088296945399
1947-02-28,IdioVol3F,0.011375088296945399,0.009551386341333915,0.009703361504301549,0.024832145248495467,0.0,0.0,0.011375088296945399,0.0287072645715964
1947-03-31,IdioVol3F,0.0287072645715964,0.01068650575129736,0.01218823565298896,0.025141576694574657,0.0,0.0,0.0287072645715964,0.047543554640994704
1947-04-30,IdioVol3F,0.047543554640994704,0.01582678204690978,0.018469846429750202,0.02360212092890558,0.0,0.0,0.047543554640994704,0.058245389716191295
1947-05-31,IdioVol3F,0.058245389716191295,0.02076755904794828,0.02389071160363521,0.024713463854059124,0.0,0.0,0.058245389716191295,0.017495241702112002
1947-06-30,IdioVol3F,0.017495241702112002,0.02418720387713633,0.023629540362550976,0.024767564813540567,0.0,0.0,0.017495241702112002,-0.0220819416182038
1947-07-31,IdioVol3F,-0.0220819416182038,0.022589256895664874,0.01886665701950916,0.027690052158684524,0.0,0.0,-0.0220819416182038,0.027454662903862
1947-08-31,IdioVol3F,0.027454662903862,0.019685604518358386,0.0203330260504837,0.02763549789968196,0.0,0.0,0.027454662903862,-0.00877926810145624
1947-09-30,IdioVol3F,-0.00877926810145624,0.015682972008811687,0.013644451999622706,0.023539572617446804,0.0,0.0,-0.00877926810145624,-0.0109215171179461
1947-10-31,IdioVol3F,-0.0109215171179461,0.014826406965122748,0.01268074662486702,0.024343244814021097,0.0,0.0,-0.0109215171179461,0.025636302654598802
1947-11-30,IdioVol3F,0.025636302654598802,0.013074002783515675,0.014120861106105949,0.024574147215529203,0.0,0.0,0.025636302654598802,0.017777990550837598
1947-12-31,IdioVol3F,0.017777990550837598,0.015397531144240074,0.015595902761456545,0.024182685754842732,0.0,0.0,0.017777990550837598,-0.045675262289155
1948-01-31,IdioVol3F,-0.045675262289155,0.017495706199957453,0.01223145882586476,0.029564148187389023,0.0,0.0,-0.045675262289155,0.0364595583490784
1948-02-29,IdioVol3F,0.0364595583490784,0.012309310692130147,0.01432183133020918,0.030373820946882096,0.0,0.0,0.0364595583490784,-0.0395320113561878
1948-03-31,IdioVol3F,-0.0395320113561878,0.013014064671901237,0.008635225002893829,0.03364724056270807,0.0,0.0,-0.0395320113561878,-0.0118129406626372
1948-04-30,IdioVol3F,-0.0118129406626372,0.005098104126702827,0.0036888503942578365,0.031714887062076,0.0,0.0,-0.0118129406626372,-0.022496779012067
1948-05-31,IdioVol3F,-0.022496779012067,-0.0012708349986452177,-0.0030396636664303547,0.02735319669203344,0.0,0.0,-0.022496779012067,0.020550532443342998
1948-06-30,IdioVol3F,0.020550532443342998,-0.004906473245388764,-0.002785056104661105,0.02757503511228328,0.0,0.0,0.020550532443342998,0.0089567080303601
1948-07-31,IdioVol3F,0.0089567080303601,-0.001030793785248145,-0.00019850196728078,0.027051170807618933,0.0,0.0,0.0089567080303601,0.015629697808093
1948-08-31,IdioVol3F,0.015629697808093,-0.0027124260464755907,-0.00118391572526153,0.026152709159400756,0.0,0.0,0.015629697808093,0.027170305586721302
1948-09-30,IdioVol3F,0.027170305586721302,-0.0004934291456074779,0.0018118820820865987,0.027239978965748188,0.0,0.0,0.027170305586721302,0.0134500637175003
1948-10-31,IdioVol3F,0.0134500637175003,0.002969463827544104,0.0038428471517071325,0.027112544868686125,0.0,0.0,0.0134500637175003,0.042446748909089005
1948-11-30,IdioVol3F,0.042446748909089005,0.0018616239241715127,0.0052437176729146495,0.02872716207758864,0.0,0.0,0.042446748909089005,0.0204900003485963
1948-12-31,IdioVol3F,0.0204900003485963,0.004104238320376186,0.005469718489394541,0.028845161046482264,0.0,0.0,0.0204900003485963,-0.0135364715720222
1949-01-31,IdioVol3F,-0.0135364715720222,0.010119262196535396,0.008147951049155607,0.024884875873902715,0.0,0.0,-0.0135364715720222,0.012060471357212199
1949-02-28,IdioVol3F,0.012060471357212199,0.005574168567344432,0.0061146937998334235,0.02330816986421062,0.0,0.0,0.012060471357212199,-0.0372444612446393
1949-03-31,IdioVol3F,-0.0372444612446393,0.010264394268562614,0.0063053229757957996,0.022906801624656473,0.0,0.0,-0.0372444612446393,0.028546769519978
1949-04-30,IdioVol3F,0.028546769519978,0.007952437852016969,0.009668632157680398,0.022967576851362307,0.0,0.0,0.028546769519978,0.0565836032438971
1949-05-31,IdioVol3F,0.0565836032438971,0.01259276044583924,0.016258664012344073,0.024210936763844084,0.0,0.0,0.0565836032438971,0.007270400611564341
1949-06-30,IdioVol3F,0.007270400611564341,0.015868494154980525,0.015151986359695854,0.024300273040033123,0.0,0.0,0.007270400611564341,-0.0160436047845847
1949-07-31,IdioVol3F,-0.0160436047845847,0.015715193480544547,0.01306862695845045,0.02589881493348481,0.0,0.0,-0.0160436047845847,-0.010857359550057599
1949-08-31,IdioVol3F,-0.010857359550057599,0.012835802335755663,0.010861372178604568,0.026774589084527758,0.0,0.0,-0.010857359550057599,-0.0105884502222992
1949-09-30,IdioVol3F,-0.0105884502222992,0.009378741868775763,0.007714809194519528,0.02690212579613974,0.0,0.0,-0.0105884502222992,-0.013610236574491801
1949-10-31,IdioVol3F,-0.013610236574491801,0.007193422419703082,0.005459784170186852,0.027505058830806273,0.0,0.0,-0.013610236574491801,0.0351730471297282
1949-11-30,IdioVol3F,0.0351730471297282,0.0020973328302866445,0.004853642355240119,0.026683744480412504,0.0,0.0,0.0351730471297282,-0.0239166285504426
1949-12-31,IdioVol3F,-0.0239166285504426,0.0034321552649349994,0.001153089946986877,0.027388033474544753,0.0,0.0,-0.0239166285504426,-0.037014066269770905
1950-01-31,IdioVol3F,-0.037014066269770905,0.002488504630533145,-0.0008033762778255153,0.02930430255194973,0.0,0.0,-0.037014066269770905,0.017624809604887902
1950-02-28,IdioVol3F,0.017624809604887902,-0.0019728169719198645,-0.0003396814238525398,0.029569183793816407,0.0,0.0,0.017624809604887902,0.0173377089390894
1950-03-31,IdioVol3F,0.0173377089390894,0.0030152985598553357,0.004208832758124851,0.02750200408204453,0.0,0.0,0.0173377089390894,-0.036077739453225004
1950-04-30,IdioVol3F,-0.036077739453225004,0.0019962930525018263,-0.0011765429896420652,0.028608021737708853,0.0,0.0,-0.036077739453225004,0.0511943790592124
1950-05-31,IdioVol3F,0.0511943790592124,-0.006427465374509273,-0.0016256450050324567,0.0276449348592305,0.0,0.0,0.0511943790592124,0.0428774008217522
1950-06-30,IdioVol3F,0.0428774008217522,-0.0024343764247230877,0.0013416050124831975,0.030454725331716198,0.0,0.0,0.0428774008217522,-0.048211775761102305
1950-07-31,IdioVol3F,-0.048211775761102305,0.002922078630398449,-0.0013390759022266034,0.033397676388606676,0.0,0.0,-0.048211775761102305,-0.00794591223555337
1950-08-31,IdioVol3F,-0.00794591223555337,-0.00047377738878743377,-0.001096455292684584,0.03333275600987408,0.0,0.0,-0.00794591223555337,-0.00812817622200075
1950-09-30,IdioVol3F,-0.00812817622200075,-0.00023354666271963126,-0.0008914324593263799,0.03327658414300217,0.0,0.0,-0.00812817622200075,0.0390820628726397
1950-10-31,IdioVol3F,0.0390820628726397,0.0002648224602341006,0.0034995924946012447,0.03488341716433589,0.0,0.0,0.0390820628726397,-0.011404241021948501
1950-11-30,IdioVol3F,-0.011404241021948501,0.0006201875277715096,-0.000381848184705147,0.0336066961234511,0.0,0.0,-0.011404241021948501,-0.059380720506615
1950-12-31,IdioVol3F,-0.059380720506615,0.001757677303089155,-0.003337189181052847,0.037228633690665154,0.0,0.0,-0.059380720506615,-0.0029072735124736097
1951-01-31,IdioVol3F,-0.0029072735124736097,-0.00027565490026030837,-0.0004949564512780725,0.03569415048278161,0.0,0.0,-0.0029072735124736097,0.021946525908361297
1951-02-28,IdioVol3F,0.021946525908361297,-0.0021422079109295364,-0.00013481342598862297,0.035914714556148516,0.0,0.0,0.021946525908361297,0.0355514164349007
1951-03-31,IdioVol3F,0.0355514164349007,-0.0017232245500866364,0.001382995531995652,0.03708602649569918,0.0,0.0,0.0355514164349007,0.00633671684728303
1951-04-30,IdioVol3F,0.00633671684728303,0.004788516894288428,0.004917533557037988,0.035162511227762386,0.0,0.0,0.00633671684728303,0.0104010479837739
1951-05-31,IdioVol3F,0.0104010479837739,0.0007105476022948489,0.0015180893007514468,0.032122311702282545,0.0,0.0,0.0104010479837739,0.031199590162079297
1951-06-30,IdioVol3F,0.031199590162079297,-0.0022418481102486326,0.0005449384124453718,0.030909408059032285,0.0,0.0,0.031199590162079297,-0.011682223965556399
1951-07-31,IdioVol3F,-0.011682223965556399,0.004977366973676967,0.003589067728740864,0.027253677342270563,0.0,0.0,-0.011682223965556399,0.0131804131820774
1951-08-31,IdioVol3F,0.0131804131820774,0.004637702270949419,0.0053495948468767615,0.02712284661157751,0.0,0.0,0.0131804131820774,-0.00484568695383218
1951-09-30,IdioVol3F,-0.00484568695383218,0.006574846762229251,0.005623135619224142,0.026990793808980562,0.0,0.0,-0.00484568695383218,-0.00208123496685614
1951-10-31,IdioVol3F,-0.00208123496685614,0.0025814149598227167,0.002192860799266156,0.024885535309275158,0.0,0.0,-0.00208123496685614,0.024209116314430502
1951-11-30,IdioVol3F,0.024209116314430502,0.003428960964831113,0.005160640577297739,0.025237652734758323,0.0,0.0,0.024209116314430502,0.0103632814803543
1951-12-31,IdioVol3F,0.0103632814803543,0.011028037039471613,0.010972640742878514,0.014961946585401302,0.0,0.0,0.0103632814803543,0.0155513400454764
1952-01-31,IdioVol3F,0.0155513400454764,0.012234451129728697,0.012510858539374349,0.014341222851253985,0.0,0.0,0.0155513400454764,0.00441821885221166
1952-02-29,IdioVol3F,0.00441821885221166,0.011653070596739161,0.011050166284695212,0.014184604130138435,0.0,0.0,0.00441821885221166,-0.00778237315288239
1952-03-31,IdioVol3F,-0.00778237315288239,0.008822779907403792,0.007439017152379954,0.012831429608196995,0.0,0.0,-0.00778237315288239,0.0344123463896009
1952-04-30,IdioVol3F,0.0344123463896009,0.007539226271025118,0.00977865294757311,0.014990178966784073,0.0,0.0,0.0344123463896009,0.00575969082806612
1952-05-31,IdioVol3F,0.00575969082806612,0.009722071580645754,0.00939187318459746,0.01503247883125899,0.0,0.0,0.00575969082806612,0.00458994482555569
1952-06-30,IdioVol3F,0.00458994482555569,0.007409353459371828,0.007174402739887161,0.013396761861299988,0.0,0.0,0.00458994482555569,0.0123342069972433
1952-07-31,IdioVol3F,0.0123342069972433,0.00888864153129111,0.009175771986787136,0.012049862220897501,0.0,0.0,0.0123342069972433,0.0027443371674501
1952-08-31,IdioVol3F,0.0027443371674501,0.00881171369630619,0.008306098985568194,0.012111006279610882,0.0,0.0,0.0027443371674501,0.0050852339980767105
1952-09-30,IdioVol3F,0.0050852339980767105,0.009501715889150036,0.009133675731560601,0.011451983166001769,0.0,0.0,0.0050852339980767105,0.011788793011093599
1952-10-31,IdioVol3F,0.011788793011093599,0.010153213067780293,0.010289511396389747,0.010904007001447542,0.0,0.0,0.011788793011093599,0.0006961916710728031
1952-11-30,IdioVol3F,0.0006961916710728031,0.009024092767476939,0.008330101009443272,0.010269442620388246,0.0,0.0,0.0006961916710728031,0.0134366366691888
1952-12-31,IdioVol3F,0.0134366366691888,0.008145266421178621,0.008586213941846147,0.010362659042205964,0.0,0.0,0.0134366366691888,-0.0179970231880391
1953-01-31,IdioVol3F,-0.0179970231880391,0.00795302065969793,0.0057905170057198545,0.012597244233400593,0.0,0.0,-0.0179970231880391,-0.0120762755030951
1953-02-28,IdioVol3F,-0.0120762755030951,0.005915271383311499,0.004415975809444292,0.013619047141155617,0.0,0.0,-0.0120762755030951,0.00966294112893892
1953-03-31,IdioVol3F,0.00966294112893892,0.005524916624201252,0.005869751999596068,0.013120532973126393,0.0,0.0,0.00966294112893892,0.0128410740300354
1953-04-30,IdioVol3F,0.0128410740300354,0.003274970691413799,0.0040721459696322765,0.009948847478066231,0.0,0.0,0.0128410740300354,-0.00346351937258912
1953-05-31,IdioVol3F,-0.00346351937258912,0.003918732800683733,0.0033035451195776726,0.010160640212740475,0.0,0.0,-0.00346351937258912,0.0227006947806654
1953-06-30,IdioVol3F,0.0227006947806654,0.003186599691761478,0.004812774282503482,0.011610676997083855,0.0,0.0,0.0227006947806654,0.0070620384499765
1953-07-31,IdioVol3F,0.0070620384499765,0.004129007672072579,0.004373426903564582,0.011397994039689965,0.0,0.0,0.0070620384499765,0.0204330101666937
1953-08-31,IdioVol3F,0.0204330101666937,0.004521525970484069,0.005847482986834882,0.012277988932877319,0.0,0.0,0.0204330101666937,0.0112598324009214
1953-09-30,IdioVol3F,0.0112598324009214,0.00591677834944925,0.006362032853738605,0.012372162662670542,0.0,0.0,0.0112598324009214,0.0127757957945587
1953-10-31,IdioVol3F,0.0127757957945587,0.005868691021251777,0.00644428308569403,0.012414727128825194,0.0,0.0,0.0127757957945587,0.00777858608005905
1953-11-30,IdioVol3F,0.00777858608005905,0.006966836850659586,0.007034482619776218,0.012284283122623987,0.0,0.0,0.00777858608005905,0.0233065083132007
1953-12-31,IdioVol3F,0.0233065083132007,0.006452468615284155,0.007856971923443876,0.013057958597394347,0.0,0.0,0.0233065083132007,-0.015880591803640102
1954-01-31,IdioVol3F,-0.015880591803640102,0.010207335115396864,0.008033341205477126,0.012686007700085673,0.0,0.0,-0.015880591803640102,-0.00348025472212584
1954-02-28,IdioVol3F,-0.00348025472212584,0.00986148817898368,0.008749676270557899,0.011647439363325627,0.0,0.0,-0.00348025472212584,0.00412216603222384
1954-03-31,IdioVol3F,0.00412216603222384,0.00866665219252325,0.008287945012498308,0.011717557650396889,0.0,0.0,0.00412216603222384,0.026932000973347702
1954-04-30,IdioVol3F,0.026932000973347702,0.007874024192722198,0.009462188924441,0.012865162203825893,0.0,0.0,0.026932000973347702,-0.0273869640515298
1954-05-31,IdioVol3F,-0.0273869640515298,0.01063725331508009,0.007468568534529276,0.01641431818647692,0.0,0.0,-0.0273869640515298,0.021239487050572898
1954-06-30,IdioVol3F,0.021239487050572898,0.006083829784880527,0.007346801223688234,0.01629604206341189,0.0,0.0,0.021239487050572898,0.0135416605370058
1954-07-31,IdioVol3F,0.0135416605370058,0.007372688748571109,0.007886769730940676,0.016392812328650735,0.0,0.0,0.0135416605370058,-0.007968620651551789
1954-08-31,IdioVol3F,-0.007968620651551789,0.006746202418599481,0.005519967162753552,0.016466857786072722,0.0,0.0,-0.007968620651551789,0.0213516982854027
1954-09-30,IdioVol3F,0.0213516982854027,0.004998161232011009,0.006360955986460327,0.017034569049656098,0.0,0.0,0.0213516982854027,-0.00824066077185027
1954-10-31,IdioVol3F,-0.00824066077185027,0.005777788731178646,0.004609584605926246,0.017391720578338113,0.0,0.0,-0.00824066077185027,0.009611532237835169
1954-11-30,IdioVol3F,0.009611532237835169,0.004321493562823253,0.004762330119074256,0.01743008977938789,0.0,0.0,0.009611532237835169,-0.021528532144059497
1954-12-31,IdioVol3F,-0.021528532144059497,0.0030764957377900225,0.0010260767476359064,0.017892853193560238,0.0,0.0,-0.021528532144059497,0.00178125377866016
1955-01-31,IdioVol3F,0.00178125377866016,0.0025630466159337144,0.002497897212827595,0.01708384652911442,0.0,0.0,0.00178125377866016,-0.00675012608613883
1955-02-28,IdioVol3F,-0.00675012608613883,0.003041365570550623,0.002225407932493179,0.017213452889104856,0.0,0.0,-0.00675012608613883,-0.04316018881703951
1955-03-31,IdioVol3F,-0.04316018881703951,0.0020529753779721985,-0.001714788304945433,0.02159395013838103,0.0,0.0,-0.04316018881703951,0.053495384747476296
1955-04-30,IdioVol3F,0.053495384747476296,-0.004319041875699366,0.0004988270095652829,0.025757627410083504,0.0,0.0,0.053495384747476296,-0.00591423588247327
1955-05-31,IdioVol3F,-0.00591423588247327,0.003033898924210279,0.002288221023653327,0.024351770383776426,0.0,0.0,-0.00591423588247327,0.0481942399993883
1955-06-30,IdioVol3F,0.0481942399993883,0.0005653786575697185,0.004534450436054611,0.027320923490923254,0.0,0.0,0.0481942399993883,0.0655692412136132
1955-07-31,IdioVol3F,0.0655692412136132,0.0037156131541499454,0.008870082159105229,0.032514758728038766,0.0,0.0,0.0655692412136132,-0.0143645500277444
1955-08-31,IdioVol3F,-0.0143645500277444,0.010400873323710398,0.008337088044422512,0.03286639913673292,0.0,0.0,-0.0143645500277444,0.044310489948331
1955-09-30,IdioVol3F,0.044310489948331,0.007153941658878845,0.010250320682999869,0.03432860213454282,0.0,0.0,0.044310489948331,0.0207101181480242
1955-10-31,IdioVol3F,0.0207101181480242,0.011931318997077141,0.012662885592989408,0.033925891834108435,0.0,0.0,0.0207101181480242,0.016310705702995
1955-11-30,IdioVol3F,0.016310705702995,0.012940281352548872,0.013221150048419394,0.0339262347239184,0.0,0.0,0.016310705702995,-0.0020210123460796
1955-12-31,IdioVol3F,-0.0020210123460796,0.016380212065917464,0.014846776698251053,0.03254919994253839,0.0,0.0,-0.0020210123460796,0.0112978857425619
1956-01-31,IdioVol3F,0.0112978857425619,0.016034551509122943,0.015639829361909528,0.03231702919151525,0.0,0.0,0.0112978857425619,-0.0164078718575785
1956-02-29,IdioVol3F,-0.0164078718575785,0.01767527985718664,0.014835017214289557,0.03303753582984366,0.0,0.0,-0.0164078718575785,0.0181274908362162
1956-03-31,IdioVol3F,0.0181274908362162,0.020107308671683095,0.019942323852060868,0.027536171249035568,0.0,0.0,0.0181274908362162,-0.000861749409997363
1956-04-30,IdioVol3F,-0.000861749409997363,0.01689204558884127,0.015412562672271394,0.02593948329601883,0.0,0.0,-0.000861749409997363,0.014485325901081501
1956-05-31,IdioVol3F,0.014485325901081501,0.017351362540884534,0.01711252615423429,0.02506858528782758,0.0,0.0,0.014485325901081501,0.0006146045780521891
1956-06-30,IdioVol3F,0.0006146045780521891,0.014286915804674826,0.013147556535789617,0.023413730089111625,0.0,0.0,0.0006146045780521891,-0.00748383517736266
1956-07-31,IdioVol3F,-0.00748383517736266,0.008381948837805643,0.007059800169874962,0.01722345729271838,0.0,0.0,-0.00748383517736266,0.00470178324085817
1956-08-31,IdioVol3F,0.00470178324085817,0.009007468369658529,0.008648661275591841,0.015895642625755855,0.0,0.0,0.00470178324085817,0.0101320201962473
1956-09-30,IdioVol3F,0.0101320201962473,0.005406676850797362,0.005800455462918201,0.011331665257268812,0.0,0.0,0.0101320201962473,0.00285405382642042
1956-10-31,IdioVol3F,0.00285405382642042,0.004445031582454007,0.004312450102784552,0.010323346595896999,0.0,0.0,0.00285405382642042,-0.00887642446195871
1956-11-30,IdioVol3F,-0.00887642446195871,0.0032216995936745004,0.00221352258903841,0.010222117947551604,0.0,0.0,-0.00887642446195871,0.020664465562479202
1956-12-31,IdioVol3F,0.020664465562479202,0.002598480310412763,0.00410397908141831,0.011397881582149286,0.0,0.0,0.020664465562479202,-0.031487276808637096
1957-01-31,IdioVol3F,-0.031487276808637096,0.0034499875667688817,0.0005385488688183938,0.015049815588537319,0.0,0.0,-0.031487276808637096,0.0263114460105214
1957-02-28,IdioVol3F,0.0263114460105214,0.0020791325712180998,0.004098492024493385,0.015714640394809295,0.0,0.0,0.0263114460105214,0.00019508340203926
1957-03-31,IdioVol3F,0.00019508340203926,0.002823128496154936,0.002604124738311974,0.015099895659790955,0.0,0.0,0.00019508340203926,0.024160305890714
1957-04-30,IdioVol3F,0.024160305890714,0.002919204206340084,0.004689296013371254,0.016260819418046718,0.0,0.0,0.024160305890714,0.00539749471190087
1957-05-31,IdioVol3F,0.00539749471190087,0.00379874784176122,0.003931976747606201,0.015972173768496932,0.0,0.0,0.00539749471190087,-0.012340765653100001
1957-06-30,IdioVol3F,-0.012340765653100001,0.0042335560357474634,0.002852362561676852,0.016640651400723926,0.0,0.0,-0.012340765653100001,0.0164480005918008
1957-07-31,IdioVol3F,0.0164480005918008,0.0037920169015895236,0.00484668220910714,0.016723148705575418,0.0,0.0,0.0164480005918008,0.0418273065186294
1957-08-31,IdioVol3F,0.0418273065186294,0.004859854842584308,0.007940475815588077,0.019837951692683486,0.0,0.0,0.0418273065186294,0.019341422112601002
1957-09-30,IdioVol3F,0.019341422112601002,0.007741244508255408,0.008707925975284218,0.020106757239787554,0.0,0.0,0.019341422112601002,0.0617183262628522
1957-10-31,IdioVol3F,0.0617183262628522,0.00924009617063546,0.013613282011653531,0.02510737497427553,0.0,0.0,0.0617183262628522,-0.0462978334741862
1957-11-30,IdioVol3F,-0.0462978334741862,0.01565780078198191,0.010494831260634574,0.03000157738207302,0.0,0.0,-0.0462978334741862,0.06504773597437459
1957-12-31,IdioVol3F,0.06504773597437459,0.009570319051375963,0.014193437128292526,0.03385729789202097,0.0,0.0,0.06504773597437459,-0.048616970806919
1958-01-31,IdioVol3F,-0.048616970806919,0.018346229304377022,0.012765962628435698,0.03623590678252056,0.0,0.0,-0.048616970806919,0.0285101479592795
1958-02-28,IdioVol3F,0.0285101479592795,0.011534555048246076,0.012949187790832208,0.036316095527543966,0.0,0.0,0.0285101479592795,-0.0156399427824114
1958-03-31,IdioVol3F,-0.0156399427824114,0.014108651826177009,0.011629602275461318,0.03710087266188555,0.0,0.0,-0.0156399427824114,0.022864474478770803
1958-04-30,IdioVol3F,0.022864474478770803,0.010490447401347427,0.011521616324466055,0.037062951562482245,0.0,0.0,0.022864474478770803,-0.0216618605780144
1958-05-31,IdioVol3F,-0.0216618605780144,0.012078354652881058,0.009266670050306448,0.03827283281100645,0.0,0.0,-0.0216618605780144,0.00984186474475307
1958-06-30,IdioVol3F,0.00984186474475307,0.011230982386979747,0.011115222583460871,0.037665212861372456,0.0,0.0,0.00984186474475307,-0.005470265091170961
1958-07-31,IdioVol3F,-0.005470265091170961,0.010630424582702682,0.009288700443213223,0.03791372567648677,0.0,0.0,-0.005470265091170961,-0.00625122428438531
1958-08-31,IdioVol3F,-0.00625122428438531,0.006330645345448104,0.005282156209628665,0.036682986093693346,0.0,0.0,-0.00625122428438531,-0.0281505761913284
1958-09-30,IdioVol3F,-0.0281505761913284,0.004004041127540258,0.0013244896843012143,0.03757922939652877,0.0,0.0,-0.0281505761913284,-0.0178930006814779
1958-10-31,IdioVol3F,-0.0178930006814779,-0.00416585909556707,-0.005309787561059628,0.03265232293959634,0.0,0.0,-0.0178930006814779,-0.0295149664291765
1958-11-30,IdioVol3F,-0.0295149664291765,-0.0015836015689572247,-0.003911215307308819,0.03105759290992082,0.0,0.0,-0.0295149664291765,0.036971055305144704
1958-12-31,IdioVol3F,0.036971055305144704,-0.010180210878370961,-0.006250938696411309,0.026043052245799978,0.0,0.0,0.036971055305144704,-0.009074462806172861
1959-01-31,IdioVol3F,-0.009074462806172861,-0.002399481231819715,-0.0029557296963491314,0.02244880449623682,0.0,0.0,-0.009074462806172861,-0.0248727572371887
1959-02-28,IdioVol3F,-0.0248727572371887,-0.00581626402867902,-0.0074043051293881485,0.02088107846265382,0.0,0.0,-0.0248727572371887,-0.0156775777193581
1959-03-31,IdioVol3F,-0.0156775777193581,-0.006655610797295139,-0.0074074413741337065,0.02088243065171868,0.0,0.0,-0.0156775777193581,-0.0198588588522723
1959-04-30,IdioVol3F,-0.0198588588522723,-0.010159433724397766,-0.010967719151720632,0.018789206240742796,0.0,0.0,-0.0198588588522723,0.0141291417167547
1959-05-31,IdioVol3F,0.0141291417167547,-0.00999552447660303,-0.007985135627156541,0.01975328532758509,0.0,0.0,0.0141291417167547,-0.028627306849334
1959-06-30,IdioVol3F,-0.028627306849334,-0.009605772024602883,-0.011190899926663797,0.0197186789321942,0.0,0.0,-0.028627306849334,0.0176231881189775
1959-07-31,IdioVol3F,0.0176231881189775,-0.01171095763898134,-0.009266445492484758,0.021384303920251865,0.0,0.0,0.0176231881189775,0.0390214725745201
1959-08-31,IdioVol3F,0.0390214725745201,-0.009540556511402903,-0.00549372075424264,0.025552091258653577,0.0,0.0,0.0390214725745201,0.012073246899224099
1959-09-30,IdioVol3F,0.012073246899224099,-0.003434006623598494,-0.002141735496696599,0.0249407272563562,0.0,0.0,0.012073246899224099,-0.027635592044737
1959-10-31,IdioVol3F,-0.027635592044737,-0.0007098022980801304,-0.002953618110301523,0.02564861003334189,0.0,0.0,-0.027635592044737,-0.0199015499646625
1959-11-30,IdioVol3F,-0.0199015499646625,-0.0005389500813129029,-0.0021525000715920234,0.024882247872999048,0.0,0.0,-0.0199015499646625,0.0505792863916567
1959-12-31,IdioVol3F,0.0505792863916567,-0.005709186924022649,-0.0010184808143826902,0.027043644142431957,0.0,0.0,0.0505792863916567,0.00511223729869208
1960-01-31,IdioVol3F,0.00511223729869208,-0.000286118815129052,0.00016374419435605494,0.026969444934123517,0.0,0.0,0.00511223729869208,-0.0082995987240435
1960-02-29,IdioVol3F,-0.0082995987240435,0.002439789779041928,0.001544840737118155,0.02597686592842922,0.0,0.0,-0.0082995987240435,0.0207996077075154
1960-03-31,IdioVol3F,0.0207996077075154,0.003110515142252347,0.0045846061893576135,0.025912484642171024,0.0,0.0,0.0207996077075154,0.021795659214362502
1960-04-30,IdioVol3F,0.021795659214362502,0.006806739374960319,0.008055816028243847,0.02511821369893572,0.0,0.0,0.021795659214362502,-0.032893361454072
1960-05-31,IdioVol3F,-0.032893361454072,0.007503695511106482,0.0041372740973416216,0.027627162942668038,0.0,0.0,-0.032893361454072,0.0136527902896574
1960-06-30,IdioVol3F,0.0136527902896574,0.00711587236522121,0.007660615525590904,0.025697402629312176,0.0,0.0,0.0136527902896574,0.0291698749599036
1960-07-31,IdioVol3F,0.0291698749599036,0.006754927108010292,0.008622839429001413,0.02631316022531367,0.0,0.0,0.0291698749599036,-0.00334424779579548
1960-08-31,IdioVol3F,-0.00334424779579548,0.005859327324863339,0.0050923627314751144,0.02465354391353406,0.0,0.0,-0.00334424779579548,0.00565937386480433
1960-09-30,IdioVol3F,0.00565937386480433,0.004457736898043376,0.004557873311940134,0.02455777994305883,0.0,0.0,0.00565937386480433,0.051777402173907305
1960-10-31,IdioVol3F,0.051777402173907305,0.007484551980728951,0.011175622830160492,0.02576406853650755,0.0,0.0,0.051777402173907305,-0.00946139673264359
1960-11-30,IdioVol3F,-0.00946139673264359,0.01400082035696257,0.012045635599495402,0.024776587819925054,0.0,0.0,-0.00946139673264359,0.0248729866989428
1960-12-31,IdioVol3F,0.0248729866989428,0.008542576436571634,0.00990344395843591,0.02210985633051263,0.0,0.0,0.0248729866989428,-0.013691258537736799
1961-01-31,IdioVol3F,-0.013691258537736799,0.010339008200230789,0.008336485972066836,0.023123371201938404,0.0,0.0,-0.013691258537736799,-0.0382731855525392
1961-02-28,IdioVol3F,-0.0382731855525392,0.009848857308076855,0.005838687069692196,0.026461683150108408,0.0,0.0,-0.0382731855525392,-0.0538176702620657
1961-03-31,IdioVol3F,-0.0538176702620657,0.004478603375344618,-0.00037941942777289646,0.031003667040150073,0.0,0.0,-0.0538176702620657,0.0226862030580526
1961-04-30,IdioVol3F,0.0226862030580526,-0.0023953356679670373,-0.00030520744079872195,0.031062581711100826,0.0,0.0,0.0226862030580526,0.012581558845852301
1961-05-31,IdioVol3F,0.012581558845852301,0.002657352014953381,0.0034843692508616363,0.02945794239783716,0.0,0.0,0.012581558845852301,0.0349164428624677
1961-06-30,IdioVol3F,0.0349164428624677,0.0025599673382438264,0.005256340298595828,0.03073696909679748,0.0,0.0,0.0349164428624677,0.038650863682798804
1961-07-31,IdioVol3F,0.038650863682798804,0.00308238260211329,0.006046422692170428,0.03151943159909338,0.0,0.0,0.038650863682798804,0.0106085903852421
1961-08-31,IdioVol3F,0.0106085903852421,0.006900120009258225,0.007209159207256893,0.03139864713216617,0.0,0.0,0.0106085903852421,0.047163318207957196
1961-09-30,IdioVol3F,0.047163318207957196,0.007350048783843477,0.010667821235852965,0.033432442503899616,0.0,0.0,0.047163318207957196,0.0166580512730927
1961-10-31,IdioVol3F,0.0166580512730927,0.00693058660512074,0.0077412086607850815,0.03095174368206705,0.0,0.0,0.0166580512730927,0.00842394863317478
1961-11-30,IdioVol3F,0.00842394863317478,0.009305081878369493,0.009231654107936613,0.030475018348179745,0.0,0.0,0.00842394863317478,0.0279697649839116
1961-12-31,IdioVol3F,0.0279697649839116,0.007809714781481491,0.009489718965017347,0.030632217918799675,0.0,0.0,0.0279697649839116,0.000846819857933174
1962-01-31,IdioVol3F,0.000846819857933174,0.011597080556176802,0.010701225497989844,0.02991106443337402,0.0,0.0,0.000846819857933174,5.4422264612167994e-05
1962-02-28,IdioVol3F,5.4422264612167994e-05,0.015153444684401562,0.013895192816085792,0.025996212810728052,0.0,0.0,5.4422264612167994e-05,0.0216867240497149
1962-03-31,IdioVol3F,0.0216867240497149,0.020050907641372278,0.020187225675400843,0.014876564511151573,0.0,0.0,0.0216867240497149,0.00175111669808927
1962-04-30,IdioVol3F,0.00175111669808927,0.019960045913341575,0.018442635145403896,0.015758276212416825,0.0,0.0,0.00175111669808927,0.053503541778444
1962-05-31,IdioVol3F,0.053503541778444,0.01897546026354494,0.02185280038978654,0.01855439226527016,0.0,0.0,0.053503541778444,0.0398354594689925
1962-06-30,IdioVol3F,0.0398354594689925,0.020665196528633693,0.022262718440330273,0.018919977596747403,0.0,0.0,0.0398354594689925,-0.00598566165405085
1962-07-31,IdioVol3F,-0.00598566165405085,0.0207728870546513,0.0185430079955928,0.019773687288533383,0.0,0.0,-0.00598566165405085,-0.023052228388942702
1962-08-31,IdioVol3F,-0.023052228388942702,0.01926431868744285,0.015737939764410732,0.02310799470573427,0.0,0.0,-0.023052228388942702,0.067720218230444
1962-09-30,IdioVol3F,0.067720218230444,0.01288108717863377,0.017451014766284634,0.026204026347765443,0.0,0.0,0.067720218230444,0.0915361012648544
1962-10-31,IdioVol3F,0.0915361012648544,0.017523102356574796,0.02369085226559811,0.03380950021324454,0.0,0.0,0.0915361012648544,-0.0330862459542719
1962-11-30,IdioVol3F,-0.0330862459542719,0.025078752595818397,0.020231669383310884,0.037441924159657476,0.0,0.0,-0.0330862459542719,0.096394531324399
1962-12-31,IdioVol3F,0.096394531324399,0.019528206146892626,0.02593373324501817,0.04345490406542723,0.0,0.0,0.096394531324399,-0.0256479333857631
1963-01-31,IdioVol3F,-0.0256479333857631,0.028214361734753154,0.023725837141376813,0.04547170249662228,0.0,0.0,-0.0256479333857631,0.014109996115918599
1963-02-28,IdioVol3F,0.014109996115918599,0.025877783948355403,0.024897134962319017,0.0449849452197767,0.0,0.0,0.014109996115918599,0.0334809045554915
1963-03-31,IdioVol3F,0.0334809045554915,0.025188990499828468,0.025879983337800394,0.04503723785707282,0.0,0.0,0.0334809045554915,0.0404698493026506
1963-04-30,IdioVol3F,0.0404698493026506,0.028073516668683216,0.02910654438818051,0.04453559797893392,0.0,0.0,0.0404698493026506,-0.0280287313037558
1963-05-31,IdioVol3F,-0.0280287313037558,0.02688863553452018,0.022312188297997193,0.04664457613536255,0.0,0.0,-0.0280287313037558,-0.0170983031363135
1963-06-30,IdioVol3F,-0.0170983031363135,0.020719163646088515,0.01756770808088836,0.047586172555709315,0.0,0.0,-0.0170983031363135,0.015073238193298599
1963-07-31,IdioVol3F,0.015073238193298599,0.019708923511337365,0.019322616401500813,0.047023578920196506,0.0,0.0,0.015073238193298599,0.0019700856592623998
1963-08-31,IdioVol3F,0.0019700856592623998,0.023174875018813847,0.02140780923885124,0.04550393911142833,0.0,0.0,0.0019700856592623998,0.00748649049679287
1963-09-30,IdioVol3F,0.00748649049679287,0.01719759023961552,0.016388331927713645,0.04319439702765696,0.0,0.0,0.00748649049679287,-0.00166236961066124
1963-10-31,IdioVol3F,-0.00166236961066124,0.009556716533428109,0.008621792688087342,0.03627937842627179,0.0,0.0,-0.00166236961066124,0.0199704559957623
1963-11-30,IdioVol3F,0.0199704559957623,0.012413432564665443,0.013043184517256856,0.03388855195806188,0.0,0.0,0.0199704559957623,-0.00162982329456157
1963-12-31,IdioVol3F,-0.00162982329456157,0.005465789352971196,0.004874488299010144,0.021531989860260725,0.0,0.0,-0.00162982329456157,0.0307445703913909
1964-01-31,IdioVol3F,0.0307445703913909,0.00764925390671679,0.009573863613772977,0.020388334103201483,0.0,0.0,0.0307445703913909,0.0248922611726399
1964-02-29,IdioVol3F,0.0248922611726399,0.009161487931759728,0.010472385701833087,0.020839024896318382,0.0,0.0,0.0248922611726399,0.0176954950076223
1964-03-31,IdioVol3F,0.0176954950076223,0.008380702169682308,0.00915693490617732,0.019722923864878835,0.0,0.0,0.0176954950076223,0.0500580445787524
1964-04-30,IdioVol3F,0.0500580445787524,0.006310306324679735,0.009955951179185803,0.021242478934203,0.0,0.0,0.0500580445787524,0.0072718776641327995
1964-05-31,IdioVol3F,0.0072718776641327995,0.013409104132180482,0.012897668593176518,0.01764342719528783,0.0,0.0,0.0072718776641327995,0.0416669594797441
1964-06-30,IdioVol3F,0.0416669594797441,0.015624575114039235,0.01779477381118132,0.016690579430746675,0.0,0.0,0.0416669594797441,0.002697281792838
1964-07-31,IdioVol3F,0.002697281792838,0.018042186140079738,0.016763444111142937,0.017247117484582918,0.0,0.0,0.002697281792838,0.0157723972331031
1964-08-31,IdioVol3F,0.0157723972331031,0.0181082948794957,0.01791363674229633,0.01661969554299574,0.0,0.0,0.0157723972331031,-0.00440205802782652
1964-09-30,IdioVol3F,-0.00440205802782652,0.018861559128251174,0.016922924365244712,0.017621897022635963,0.0,0.0,-0.00440205802782652,0.0047731724983697795
1964-10-31,IdioVol3F,0.0047731724983697795,0.018612496544872514,0.017459219540997297,0.017094910910745574,0.0,0.0,0.0047731724983697795,0.0053326382965931994
1964-11-30,IdioVol3F,0.0053326382965931994,0.01723092531783683,0.01623940139939987,0.017418610627382945,0.0,0.0,0.0053326382965931994,0.0281354113031658
1964-12-31,IdioVol3F,0.0281354113031658,0.017863876371578172,0.018719837615877154,0.016749119522723437,0.0,0.0,0.0281354113031658,-0.051609519657268205
1965-01-31,IdioVol3F,-0.051609519657268205,0.017626680090830436,0.011856996778488895,0.02580046570487114,0.0,0.0,-0.051609519657268205,-0.0366191607700838
1965-02-28,IdioVol3F,-0.0366191607700838,0.010671972742656972,0.006731044949928586,0.028899543065803463,0.0,0.0,-0.0366191607700838,-0.0262735213214483
1965-03-31,IdioVol3F,-0.0262735213214483,0.005734276762865509,0.0030669602558393693,0.030143588966332253,0.0,0.0,-0.0262735213214483,0.0017530753317712999
1965-04-30,IdioVol3F,0.0017530753317712999,-0.001204956500789101,-0.0009584538480757227,0.026274966130481844,0.0,0.0,0.0017530753317712999,0.0114653459891241
1965-05-31,IdioVol3F,0.0114653459891241,-0.0017066658037310555,-0.0006089981543264475,0.026421856157611907,0.0,0.0,0.0114653459891241,0.0861275942168664
1965-06-30,IdioVol3F,0.0861275942168664,-0.004452267030151056,0.0030960547404337443,0.03470723027869497,0.0,0.0,0.0861275942168664,-0.020089269614966997
1965-07-31,IdioVol3F,-0.020089269614966997,0.0031323068265787994,0.0011971754564499943,0.03534844924588972,0.0,0.0,-0.020089269614966997,-0.0370829507899053
1965-08-31,IdioVol3F,-0.0370829507899053,-0.0001278447050639369,-0.0032074368788007055,0.0366367490155269,0.0,0.0,-0.0370829507899053,-0.0256983900567187
1965-09-30,IdioVol3F,-0.0256983900567187,-0.003098834956162007,-0.004982131214541721,0.03721117444340377,0.0,0.0,-0.0256983900567187,-0.0702500201262178
1965-10-31,IdioVol3F,-0.0702500201262178,-0.005868977006624598,-0.011234063933257354,0.04148063946848114,0.0,0.0,-0.0702500201262178,-0.0868529713561934
1965-11-30,IdioVol3F,-0.0868529713561934,-0.012740127772334686,-0.018916198070989567,0.046380500679409714,0.0,0.0,-0.0868529713561934,-0.014460117103696499
1965-12-31,IdioVol3F,-0.014460117103696499,-0.023193617105003703,-0.02246582543822809,0.04402216769634255,0.0,0.0,-0.014460117103696499,-0.06785453160054901
1966-01-31,IdioVol3F,-0.06785453160054901,-0.01981639869104264,-0.023819576433501494,0.04523298451432429,0.0,0.0,-0.06785453160054901,-0.0924864702225868
1966-02-28,IdioVol3F,-0.0924864702225868,-0.02265597785744857,-0.028475185554543408,0.04935720298985678,0.0,0.0,-0.0924864702225868,-0.0128894634999217
1966-03-31,IdioVol3F,-0.0128894634999217,-0.02867533684846116,-0.027359847402749524,0.04956227305398521,0.0,0.0,-0.0128894634999217,-0.0377095882364534
1966-04-30,IdioVol3F,-0.0377095882364534,-0.030006476742251435,-0.030648402700101583,0.04875764529972283,0.0,0.0,-0.0377095882364534,0.0815881006838231
1966-05-31,IdioVol3F,0.0815881006838231,-0.03447692530821302,-0.02480483980887667,0.05765420891592746,0.0,0.0,0.0815881006838231,-0.027102331743194902
1966-06-30,IdioVol3F,-0.027102331743194902,-0.03488960653848969,-0.03424066697221511,0.045919832714863135,0.0,0.0,-0.027102331743194902,0.0283911388273223
1966-07-31,IdioVol3F,0.0283911388273223,-0.03552715764105586,-0.03020063293535767,0.049287247062032184,0.0,0.0,0.0283911388273223,0.030355376213499697
1966-08-31,IdioVol3F,0.030355376213499697,-0.02957496767585335,-0.024580772351740585,0.05219041178200331,0.0,0.0,0.030355376213499697,0.0323315155870716
1966-09-30,IdioVol3F,0.0323315155870716,-0.02447917074219713,-0.019744946881424728,0.05470529877532165,0.0,0.0,0.0323315155870716,0.136263751773936
1966-10-31,IdioVol3F,0.136263751773936,-0.01515357658644355,-0.0025354658897452434,0.0681931239240377,0.0,0.0,0.136263751773936,-0.107668355221727
1966-11-30,IdioVol3F,-0.107668355221727,0.005129761879931849,-0.004270081211873045,0.07074968658017818,0.0,0.0,-0.107668355221727,0.0059183511262866995
1966-12-31,IdioVol3F,0.0059183511262866995,-0.0033437143126163788,-0.0025718755260411125,0.07072742823656553,0.0,0.0,0.0059183511262866995,-0.121380524541744
1967-01-31,IdioVol3F,-0.121380524541744,0.003362911389823231,-0.007032374937807361,0.07665802299902492,0.0,0.0,-0.121380524541744,-0.0478185979975054
1967-02-28,IdioVol3F,-0.0478185979975054,0.0007361791789907575,-0.003310052252383912,0.07313488332448828,0.0,0.0,-0.0478185979975054,-0.00341004414656877
1967-03-31,IdioVol3F,-0.00341004414656877,-0.002439196684425943,-0.0025201006396045013,0.07307317586668281,0.0,0.0,-0.00341004414656877,0.00846353134033972
1967-04-30,IdioVol3F,0.00846353134033972,0.0006789436873817508,0.0013276593251282586,0.07226293932379696,0.0,0.0,0.00846353134033972,-0.0344043606645911
1967-05-31,IdioVol3F,-0.0344043606645911,-0.005968744434753101,-0.008338379120572925,0.06819431302036202,0.0,0.0,-0.0344043606645911,-0.0935149534498481
1967-06-30,IdioVol3F,-0.0935149534498481,-0.006632565245789121,-0.013872764262794025,0.07241955881034022,0.0,0.0,-0.0935149534498481,-0.0579290591133184
1967-07-31,IdioVol3F,-0.0579290591133184,-0.017714937270986428,-0.02106611409118075,0.07212634477185317,0.0,0.0,-0.0579290591133184,0.0170686046384319
1967-08-31,IdioVol3F,0.0170686046384319,-0.02574079502796989,-0.022173345055769733,0.07136314384518584,0.0,0.0,0.0170686046384319,-0.0235433183209283
1967-09-30,IdioVol3F,-0.0235433183209283,-0.027128332386937137,-0.026829581214769724,0.06927587266284553,0.0,0.0,-0.0235433183209283,-0.00948742823826393
1967-10-31,IdioVol3F,-0.00948742823826393,-0.04165624785010662,-0.03897551288245305,0.04740698356376887,0.0,0.0,-0.00948742823826393,0.0134305681976941
1967-11-30,IdioVol3F,0.0134305681976941,-0.03273070903342816,-0.028883935930834628,0.044238254360857654,0.0,0.0,0.0134305681976941,-0.0900291771889051
1967-12-31,IdioVol3F,-0.0900291771889051,-0.032047780208754754,-0.036879563290433945,0.04601149589502195,0.0,0.0,-0.0900291771889051,-0.024422881649843
1968-01-31,IdioVol3F,-0.024422881649843,-0.02919765772213304,-0.028799759716108857,0.037560851300955454,0.0,0.0,-0.024422881649843,0.0879639199358138
1968-02-29,IdioVol3F,0.0879639199358138,-0.027070774417800092,-0.01748454988833226,0.04977643295038044,0.0,0.0,0.0879639199358138,0.0198989970784896
1968-03-31,IdioVol3F,0.0198989970784896,-0.018764050410310765,-0.015542129786244063,0.05081945580511697,0.0,0.0,0.0198989970784896,-0.0951103211255703
1968-04-30,IdioVol3F,-0.0951103211255703,-0.017724462615933505,-0.024173284158403228,0.054995579466109945,0.0,0.0,-0.0951103211255703,-0.0816090132565923
1968-05-31,IdioVol3F,-0.0816090132565923,-0.02324318629420434,-0.028107005207736666,0.05742833437818812,0.0,0.0,-0.0816090132565923,0.0358560957947702
1968-06-30,IdioVol3F,0.0358560957947702,-0.022160828094817453,-0.017326084437351803,0.05616249885070448,0.0,0.0,0.0358560957947702,0.0374953541135925
1968-07-31,IdioVol3F,0.0374953541135925,-0.01363490492135485,-0.009374050001775895,0.05664439264633346,0.0,0.0,0.0374953541135925,-0.013006795172707399
1968-08-31,IdioVol3F,-0.013006795172707399,-0.011777927696340252,-0.011880333319370837,0.05603007697269787,0.0,0.0,-0.013006795172707399,-0.0383448951122589
1968-09-30,IdioVol3F,-0.0383448951122589,-0.010820061955592897,-0.01311379805198172,0.05647135667351017,0.0,0.0,-0.0383448951122589,0.0468676049970526
1968-10-31,IdioVol3F,0.0468676049970526,-0.013443468035046984,-0.008417545282372011,0.059083235618610654,0.0,0.0,0.0468676049970526,-0.0198591045755559
1968-11-30,IdioVol3F,-0.0198591045755559,-0.010403737416923485,-0.011191684680142845,0.05874469807136123,0.0,0.0,-0.0198591045755559,-0.030455179399714802
1968-12-31,IdioVol3F,-0.030455179399714802,-0.0040246399066190125,-0.006227184864376986,0.05378434375874069,0.0,0.0,-0.030455179399714802,-0.014225866882083599
1969-01-31,IdioVol3F,-0.014225866882083599,-0.004573030611152814,-0.005377433633730369,0.053550776733019056,0.0,0.0,-0.014225866882083599,0.0820302955820578
1969-02-28,IdioVol3F,0.0820302955820578,-0.01386301123096167,-0.005871902329876703,0.052630022044780136,0.0,0.0,0.0820302955820578,-5.3592777957413995e-05
1969-03-31,IdioVol3F,-5.3592777957413995e-05,-0.008214711367000922,-0.007534618151247288,0.05205386144760293,0.0,0.0,-5.3592777957413995e-05,-0.0020440548619638
1969-04-30,IdioVol3F,-0.0020440548619638,0.0004268093918729773,0.00022090403738658727,0.044153157457808914,0.0,0.0,-0.0020440548619638,0.00417621750565473
1969-05-31,IdioVol3F,0.00417621750565473,0.007659987427748296,0.007369673267573841,0.03586688111570581,0.0,0.0,0.00417621750565473,0.111902217978518
1969-06-30,IdioVol3F,0.111902217978518,0.004779998492374162,0.01370685011621949,0.04649968101656512,0.0,0.0,0.111902217978518,0.05870555623607179
1969-07-31,IdioVol3F,0.05870555623607179,0.011544258843731026,0.015474366959759433,0.04786906851134932,0.0,0.0,0.05870555623607179,-0.0233441052260801
1969-08-31,IdioVol3F,-0.0233441052260801,0.018063563517256406,0.01461292445531171,0.04851683598106773,0.0,0.0,-0.0233441052260801,0.0107017898115376
1969-09-30,IdioVol3F,0.0107017898115376,0.019427271688727207,0.018700148198961417,0.045629952937073164,0.0,0.0,0.0107017898115376,0.00038416066986611595
1969-10-31,IdioVol3F,0.00038416066986611595,0.016139470308225844,0.01482652783836254,0.04498992737345036,0.0,0.0,0.00038416066986611595,0.028436132416669403
1969-11-30,IdioVol3F,0.028436132416669403,0.017979767148718753,0.018851130921047985,0.04374802675747287,0.0,0.0,0.028436132416669403,0.0617633320854621
1969-12-31,IdioVol3F,0.0617633320854621,0.023333522768390045,0.026536006878146057,0.042377572591808695,0.0,0.0,0.0617633320854621,0.041154466911496004
1970-01-31,IdioVol3F,0.041154466911496004,0.03024163176543965,0.031151034694277695,0.04050929465386689,0.0,0.0,0.041154466911496004,0.0567263440974173
1970-02-28,IdioVol3F,0.0567263440974173,0.026525647340843127,0.029042372070557654,0.03821360092563825,0.0,0.0,0.0567263440974173,0.04515081157050951
1970-03-31,IdioVol3F,0.04515081157050951,0.031687459784059006,0.032809405766263226,0.037301830799604994,0.0,0.0,0.04515081157050951,0.115234396095864
1970-04-30,IdioVol3F,0.115234396095864,0.03597790218701113,0.04258261001274888,0.04236059645169303,0.0,0.0,0.115234396095864,0.0765398474107927
1970-05-31,IdioVol3F,0.0765398474107927,0.046074100240666514,0.04861291250484371,0.041538908220562235,0.0,0.0,0.0765398474107927,0.0841500256837106
1970-06-30,IdioVol3F,0.0841500256837106,0.04285933927996422,0.04630022981360976,0.0383446785080025,0.0,0.0,0.0841500256837106,0.0170769684649385
1970-07-31,IdioVol3F,0.0170769684649385,0.0451724728661132,0.04283118083268198,0.03899784765497002,0.0,0.0,0.0170769684649385,-0.051473635715636804
1970-08-31,IdioVol3F,-0.051473635715636804,0.048847115928933066,0.040487053291885594,0.043877353934311844,0.0,0.0,-0.051473635715636804,-0.162865381994969
1970-09-30,IdioVol3F,-0.162865381994969,0.04319480451737176,0.026023122308010044,0.07331875085323761,0.0,0.0,-0.162865381994969,0.103898500216079
1970-10-31,IdioVol3F,0.103898500216079,0.028353937002386753,0.03464931727019445,0.07606594910734032,0.0,0.0,0.103898500216079,0.0777634560016628
1970-11-30,IdioVol3F,0.0777634560016628,0.03521415225687853,0.0387599275689439,0.07702642677430992,0.0,0.0,0.0777634560016628,-0.0066123100876021605
1970-12-31,IdioVol3F,-0.0066123100876021605,0.03666870897653314,0.03306195738785521,0.07769617727708594,0.0,0.0,-0.0066123100876021605,-0.126999809896537
1971-01-31,IdioVol3F,-0.126999809896537,0.03232627470388785,0.019049100987185794,0.0902529850928838,0.0,0.0,-0.126999809896537,-0.031917814154661
1971-02-28,IdioVol3F,-0.031917814154661,0.015623897068073827,0.011662087799512603,0.09051612147950108,0.0,0.0,-0.031917814154661,-0.0012270520060916699
1971-03-31,IdioVol3F,-0.0012270520060916699,0.008617658365785602,0.007797265834795838,0.08994455051656729,0.0,0.0,-0.0012270520060916699,0.0145433667556171
1971-04-30,IdioVol3F,0.0145433667556171,-0.0019697460071194596,-0.000593653276891404,0.08347461589137263,0.0,0.0,0.0145433667556171,0.0179951468869204
1971-05-31,IdioVol3F,0.0179951468869204,-0.007605789703044514,-0.005472378320547429,0.08020341726278263,0.0,0.0,0.0179951468869204,0.046652902679614
1971-06-30,IdioVol3F,0.046652902679614,-0.013619869593661809,-0.008597138570888813,0.07706323828653865,0.0,0.0,0.046652902679614,0.0533419237536112
1971-07-31,IdioVol3F,0.0533419237536112,-0.010931148301418578,-0.005575058963499421,0.07885191052910892,0.0,0.0,0.0533419237536112,-0.0273087127516189
1971-08-31,IdioVol3F,-0.0273087127516189,-0.0014024610769414873,-0.003561315383164596,0.0778757005721405,0.0,0.0,-0.0273087127516189,0.022578294683977
1971-09-30,IdioVol3F,0.022578294683977,0.010920872490635794,0.011892324340080904,0.059658563313296026,0.0,0.0,0.022578294683977,0.0638764895949657
1971-10-31,IdioVol3F,0.0638764895949657,0.0035281265331719752,0.008557156788321462,0.05498290880679065,0.0,0.0,0.0638764895949657,0.0544442252152309
1971-11-30,IdioVol3F,0.0544442252152309,0.0022656750416540565,0.006613887556118803,0.05267837103483214,0.0,0.0,0.0544442252152309,-0.024395745445177003
1971-12-31,IdioVol3F,-0.024395745445177003,0.007816269160093425,0.005131934609654232,0.05333038477611709,0.0,0.0,-0.024395745445177003,-0.101541605155524
1972-01-31,IdioVol3F,-0.101541605155524,0.017143911382944334,0.007253451671405315,0.04781770830990218,0.0,0.0,-0.101541605155524,0.0058385229737807996
1972-02-29,IdioVol3F,0.0058385229737807996,0.010814475837411333,0.010399813098775466,0.046221486918121724,0.0,0.0,0.0058385229737807996,0.0165041914315937
1972-03-31,IdioVol3F,0.0165041914315937,0.011456800835581558,0.011877416718582579,0.04609926451328034,0.0,0.0,0.0165041914315937,0.0143695806228087
1972-04-30,IdioVol3F,0.0143695806228087,0.011635057624306704,0.011862934540848545,0.04609837815116234,0.0,0.0,0.0143695806228087,0.0472866577264343
1972-05-31,IdioVol3F,0.0472866577264343,0.01130546069120564,0.014303893777474702,0.04721459895758015,0.0,0.0,0.0472866577264343,0.010035092166414501
1972-06-30,IdioVol3F,0.010035092166414501,0.011363074786371122,0.011252409568041412,0.0461040596927264,0.0,0.0,0.010035092166414501,0.0737583856722987
1972-07-31,IdioVol3F,0.0737583856722987,0.007426090096625967,0.012953781394598704,0.04813065680842809,0.0,0.0,0.0737583856722987,0.0383606482848259
1972-08-31,IdioVol3F,0.0383606482848259,0.01661400813516393,0.01842622814763577,0.0468529903398464,0.0,0.0,0.0383606482848259,0.04963232050928559
1972-09-30,IdioVol3F,0.04963232050928559,0.018048767553422922,0.02068073029974482,0.04771393633478434,0.0,0.0,0.04963232050928559,0.073486395501407
1972-10-31,IdioVol3F,0.073486395501407,0.016753843091088367,0.02148155579194826,0.048577665766771874,0.0,0.0,0.073486395501407,-0.010121424730422199
1972-11-30,IdioVol3F,-0.010121424730422199,0.01848494948074074,0.01610108496314384,0.04816874026996,0.0,0.0,-0.010121424730422199,0.0624089165114932
1972-12-31,IdioVol3F,0.0624089165114932,0.019782615000263903,0.023334806792866356,0.048052059025617655,0.0,0.0,0.0624089165114932,0.09764308592166121
1973-01-31,IdioVol3F,0.09764308592166121,0.03468720787908365,0.039933531049298455,0.03305696799782553,0.0,0.0,0.09764308592166121,0.043723563632519905
1973-02-28,IdioVol3F,0.043723563632519905,0.043033077237981866,0.04309061777086005,0.03126526227708581,0.0,0.0,0.043723563632519905,0.0243636219125892
1973-03-31,IdioVol3F,0.0243636219125892,0.045507565619884255,0.043745570310943005,0.030735525243940492,0.0,0.0,0.0243636219125892,0.0801779541796149
1973-04-30,IdioVol3F,0.0801779541796149,0.04641611482804611,0.04922960144067686,0.03088817409366208,0.0,0.0,0.0801779541796149,0.0851949898197981
1973-05-31,IdioVol3F,0.0851949898197981,0.04940623268742617,0.05238862911512384,0.032564415810755205,0.0,0.0,0.0851949898197981,0.018791222375923698
1973-06-30,IdioVol3F,0.018791222375923698,0.056238950655915596,0.05311830663258294,0.031613327805378,0.0,0.0,0.018791222375923698,-0.150322329469609
1973-07-31,IdioVol3F,-0.150322329469609,0.05124193581079059,0.03444491370409064,0.06590017227014973,0.0,0.0,-0.150322329469609,0.0331097154832995
1973-08-31,IdioVol3F,0.0331097154832995,0.03408893783311469,0.034007335970630104,0.06588924028818618,0.0,0.0,0.0331097154832995,-0.0520898277873963
1973-09-30,IdioVol3F,-0.0520898277873963,0.03258688283075232,0.025530490279239943,0.0701048632433995,0.0,0.0,-0.0520898277873963,0.028205152010350898
1973-10-31,IdioVol3F,0.028205152010350898,0.0211708625317702,0.021757053321651936,0.06848897018442719,0.0,0.0,0.028205152010350898,0.104420536183133
1973-11-30,IdioVol3F,0.104420536183133,0.024655096780931387,0.03130221673111487,0.07155533250433829,0.0,0.0,0.104420536183133,0.0464085551508437
1973-12-31,IdioVol3F,0.0464085551508437,0.02847433493289864,0.029968853284394078,0.07107042736234037,0.0,0.0,0.0464085551508437,-0.108283355580523
1974-01-31,IdioVol3F,-0.108283355580523,0.02381665031736978,0.012808316492545394,0.07778824713593581,0.0,0.0,-0.108283355580523,-0.0357052690061734
1974-02-28,IdioVol3F,-0.0357052690061734,0.009997839479820426,0.006189247105987616,0.07829617187610753,0.0,0.0,-0.0357052690061734,-0.0252816572337426
1974-03-31,IdioVol3F,-0.0252816572337426,0.0045370312144783695,0.002052140510459967,0.07855971552874991,0.0,0.0,-0.0252816572337426,0.0389911556387418
1974-04-30,IdioVol3F,0.0389911556387418,-0.0050502061867359485,-0.0013800927012794582,0.07568319335642246,0.0,0.0,0.0389911556387418,0.0936269826656449
1974-05-31,IdioVol3F,0.0936269826656449,-0.009250554748650157,-0.0006774266307922258,0.07659372031216968,0.0,0.0,0.0936269826656449,0.0333855328871909
1974-06-30,IdioVol3F,0.0333855328871909,-0.002447303813220957,0.0005387659118133754,0.07704549147874579,0.0,0.0,0.0333855328871909,-0.0829235188523589
1974-07-31,IdioVol3F,-0.0829235188523589,0.014253410946488125,0.0061553334632508845,0.06682706190735989,0.0,0.0,-0.0829235188523589,0.0266327860029188
1974-08-31,IdioVol3F,0.0266327860029188,0.0037049350977919073,0.005615589339885826,0.06661538840966673,0.0,0.0,0.0266327860029188,0.0103073849047456
1974-09-30,IdioVol3F,0.0103073849047456,0.010861536351456915,0.010815357064230985,0.0640889697429366,0.0,0.0,0.0103073849047456,-0.027807457060405397
1974-10-31,IdioVol3F,-0.027807457060405397,0.009234466614583707,0.006147639641667961,0.064743706076145,0.0,0.0,-0.027807457060405397,0.0171738260756902
1974-11-30,IdioVol3F,0.0171738260756902,-0.002786260043919784,-0.0011229195339522745,0.05715919115237468,0.0,0.0,0.0171738260756902,0.0742467660445773
1974-12-31,IdioVol3F,0.0742467660445773,-0.005443962687115557,0.0011969313738588588,0.059769004117223995,0.0,0.0,0.0742467660445773,-0.213676407510116
1975-01-31,IdioVol3F,-0.213676407510116,0.011149684733348108,-0.0075858229536072234,0.08121500624516625,0.0,0.0,-0.213676407510116,-0.0266075306050201
1975-02-28,IdioVol3F,-0.0266075306050201,-0.005029509676101218,-0.0068276780868444485,0.08097074350733165,0.0,0.0,-0.0266075306050201,-0.0572961005215765
1975-03-31,IdioVol3F,-0.0572961005215765,-0.005150043618944628,-0.009495548360830606,0.0821528377645989,0.0,0.0,-0.0572961005215765,0.029981880721708397
1975-04-30,IdioVol3F,0.029981880721708397,-0.013903430542609929,-0.01024632127058339,0.08170941823049314,0.0,0.0,0.029981880721708397,-0.032578512560749
1975-05-31,IdioVol3F,-0.032578512560749,-0.01968934890114961,-0.020763445872782883,0.07496815316679252,0.0,0.0,-0.032578512560749,-0.0020261767510975
1975-06-30,IdioVol3F,-0.0020261767510975,-0.025686080305507782,-0.023714421675973582,0.07332179270283617,0.0,0.0,-0.0020261767510975,-0.00448472989105123
1975-07-31,IdioVol3F,-0.00448472989105123,-0.018331776478120385,-0.017177855929197943,0.07102386391097515,0.0,0.0,-0.00448472989105123,0.044393869415953705
1975-08-31,IdioVol3F,0.044393869415953705,-0.02116064155939039,-0.01569776564477837,0.07219525211143242,0.0,0.0,0.044393869415953705,0.0397056753889683
1975-09-30,IdioVol3F,0.0397056753889683,-0.01806187024018965,-0.013247908104426475,0.07364222510429384,0.0,0.0,0.0397056753889683,0.06801276920064131
1975-10-31,IdioVol3F,0.06801276920064131,-0.011924312744792042,-0.005262889249339251,0.07703667450005991,0.0,0.0,0.06801276920064131,0.0106346047686141
1975-11-30,IdioVol3F,0.0106346047686141,-0.007302590642523757,-0.00580782435826226,0.07688651735956475,0.0,0.0,0.0106346047686141,-0.0277821792124625
1975-12-31,IdioVol3F,-0.0277821792124625,-0.01308551439488405,-0.01431023646301558,0.07275959465378395,0.0,0.0,-0.0277821792124625,-0.0749617622411277
1976-01-31,IdioVol3F,-0.0749617622411277,0.0038139609049026328,-0.002750682690599885,0.04323487941280247,0.0,0.0,-0.0749617622411277,-0.11259550687794301
1976-02-29,IdioVol3F,-0.11259550687794301,-0.0005818783347435123,-0.009916347380010126,0.05346398786207667,0.0,0.0,-0.11259550687794301,0.029931202698206597
1976-03-31,IdioVol3F,0.029931202698206597,-0.0056090970944131955,-0.0026474054450282016,0.052354833081153296,0.0,0.0,0.029931202698206597,0.015603609781057
1976-04-30,IdioVol3F,0.015603609781057,-0.005613704187458813,-0.003845594690082485,0.0517006377382313,0.0,0.0,0.015603609781057,0.0224053077772359
1976-05-31,IdioVol3F,0.0224053077772359,-0.0012335112472946319,0.0007363903380829233,0.05135802109376552,0.0,0.0,0.0224053077772359,0.026073715341665298
1976-06-30,IdioVol3F,0.026073715341665298,0.0009875328007356771,0.003078048012479823,0.05185877463299244,0.0,0.0,0.026073715341665298,0.042054564947519794
1976-07-31,IdioVol3F,0.042054564947519794,0.00376557327643718,0.006956322582360741,0.05297009333738769,0.0,0.0,0.042054564947519794,0.0722309522985387
1976-08-31,IdioVol3F,0.0722309522985387,0.003552909233852279,0.009276079489242825,0.05531625667367723,0.0,0.0,0.0722309522985387,0.0015982209788530499
1976-09-30,IdioVol3F,0.0015982209788530499,0.00650975258926777,0.006100458288399888,0.05449832786494013,0.0,0.0,0.0015982209788530499,-0.006941782078950069
1976-10-31,IdioVol3F,-0.006941782078950069,0.00047206638728701874,-0.00014575431823272704,0.05093626040900907,0.0,0.0,-0.006941782078950069,-0.0546420976220472
1976-11-30,IdioVol3F,-0.0546420976220472,-0.0011257869624915421,-0.005585479517454503,0.05311914296057623,0.0,0.0,-0.0546420976220472,-0.035387423465359
1976-12-31,IdioVol3F,-0.035387423465359,-0.0035675977269992417,-0.006219249871862544,0.05345237408190044,0.0,0.0,-0.035387423465359,-0.06405569847670929
1977-01-31,IdioVol3F,-0.06405569847670929,3.0069434434275795e-05,-0.005310411224827677,0.052256647400595685,0.0,0.0,-0.06405569847670929,-0.000860643968522401
1977-02-28,IdioVol3F,-0.000860643968522401,0.004442779289091886,0.004000827350957374,0.03989491638452078,0.0,0.0,-0.000860643968522401,-0.00577885843973017
1977-03-31,IdioVol3F,-0.00577885843973017,0.0016435205012074313,0.0010249889227959762,0.03910898339363062,0.0,0.0,-0.00577885843973017,-0.00681024303736014
1977-04-30,IdioVol3F,-0.00681024303736014,-0.00030034024613685673,-0.0008428321454054521,0.03888400934497689,0.0,0.0,-0.00681024303736014,0.0011275704682408801
1977-05-31,IdioVol3F,0.0011275704682408801,-0.002956299411100133,-0.002615976921155037,0.03820674140656652,0.0,0.0,0.0011275704682408801,-0.036896532044873
1977-06-30,IdioVol3F,-0.036896532044873,-0.005224130763229626,-0.007863497536699895,0.038232454471559776,0.0,0.0,-0.036896532044873,0.00032094047012968
1977-07-31,IdioVol3F,0.00032094047012968,-0.012401503217083516,-0.011341299576482404,0.035044072385670165,0.0,0.0,0.00032094047012968,0.0005787423654321501
1977-08-31,IdioVol3F,0.0005787423654321501,-0.018938777019666155,-0.01731231707090795,0.023815362918814316,0.0,0.0,0.0005787423654321501,0.00631688938653225
1977-09-30,IdioVol3F,0.00631688938653225,-0.019031456893613508,-0.01691909470360135,0.02419196350973203,0.0,0.0,0.00631688938653225,0.0107052898196698
1977-10-31,IdioVol3F,0.0107052898196698,-0.017826123124024207,-0.01544850537871636,0.025361693269661267,0.0,0.0,0.0107052898196698,-0.0351603171213011
1977-11-30,IdioVol3F,-0.0351603171213011,-0.011885451538413572,-0.013825023670320853,0.02315198769298394,0.0,0.0,-0.0351603171213011,-0.000233896461206645
1977-12-31,IdioVol3F,-0.000233896461206645,-0.01186480550713558,-0.010895563086641488,0.022387010555340446,0.0,0.0,-0.000233896461206645,-0.0633038823380839
1978-01-31,IdioVol3F,-0.0633038823380839,-0.0060628235057262475,-0.01083291174175604,0.022225181229310696,0.0,0.0,-0.0633038823380839,-0.013732810382567599
1978-02-28,IdioVol3F,-0.013732810382567599,-0.01173948153932275,-0.011905592276259806,0.022009710775575682,0.0,0.0,-0.013732810382567599,-0.042290571848445396
1978-03-31,IdioVol3F,-0.042290571848445396,-0.012462568079580695,-0.014948235060319408,0.023555194500328166,0.0,0.0,-0.042290571848445396,0.0176485816202971
1978-04-30,IdioVol3F,0.0176485816202971,-0.015688052516952083,-0.012909999672181307,0.025315808515998392,0.0,0.0,0.0176485816202971,-0.0737392613780376
1978-05-31,IdioVol3F,-0.0737392613780376,-0.0141861424122197,-0.019148902326037845,0.030280282509409808,0.0,0.0,-0.0737392613780376,-0.0144379067693837
1978-06-30,IdioVol3F,-0.0144379067693837,-0.017535481442507387,-0.01727735021974707,0.029773437259051697,0.0,0.0,-0.0144379067693837,0.00447695111920617
1978-07-31,IdioVol3F,0.00447695111920617,-0.018877194827917696,-0.016931015998990696,0.03001990801759959,0.0,0.0,0.00447695111920617,-0.0605316565185202
1978-08-31,IdioVol3F,-0.0605316565185202,-0.01852281221393824,-0.022023549239320057,0.03190377739009341,0.0,0.0,-0.0605316565185202,0.0237022750430218
1978-09-30,IdioVol3F,0.0237022750430218,-0.02459995275076119,-0.020574767101279264,0.033654452681108685,0.0,0.0,0.0237022750430218,0.191060515451511
1978-10-31,IdioVol3F,0.191060515451511,-0.02341840863954737,-0.005545164965292497,0.06977836836841714,0.0,0.0,0.191060515451511,-0.0474614768375635
1978-11-30,IdioVol3F,-0.0474614768375635,-0.002852878405655366,-0.006570261608314362,0.07034107664539277,0.0,0.0,-0.0474614768375635,0.0210033335234836
1978-12-31,IdioVol3F,0.0210033335234836,-0.0071462948035059875,-0.00480049244292351,0.07078077957545,0.0,0.0,0.0210033335234836,-0.0518361430069734
1979-01-31,IdioVol3F,-0.0518361430069734,0.0005179975475456031,-0.0038448474986643015,0.06999211191792012,0.0,0.0,-0.0518361430069734,-0.0060776115487684605
1979-02-28,IdioVol3F,-0.0060776115487684605,-0.0029459417819458337,-0.003206914262514373,0.06992865387312583,0.0,0.0,-0.0060776115487684605,-0.0659565522772122
1979-03-31,IdioVol3F,-0.0659565522772122,0.0003461455180247968,-0.00517907929824494,0.07144832494959061,0.0,0.0,-0.0659565522772122,-0.0404013200036887
1979-04-30,IdioVol3F,-0.0404013200036887,-0.007254321199930594,-0.010016571100243758,0.07172687003374335,0.0,0.0,-0.0404013200036887,0.017349857855224998
1979-05-31,IdioVol3F,0.017349857855224998,-0.004223599256807966,-0.00242581116413854,0.0691435182486772,0.0,0.0,0.017349857855224998,-0.0356719705052085
1979-06-30,IdioVol3F,-0.0356719705052085,-0.00133380247275263,-0.004195316475457273,0.0697479423974106,0.0,0.0,-0.0356719705052085,0.00794141657858654
1979-07-31,IdioVol3F,0.00794141657858654,-0.004983704438608509,-0.003906611020508909,0.06979425738900707,0.0,0.0,0.00794141657858654,-0.006036702716283791
1979-08-31,IdioVol3F,-0.006036702716283791,0.0012411203884011947,0.0006346351296774586,0.06751046284104562,0.0,0.0,-0.006036702716283791,-0.0329099383004384
1979-09-30,IdioVol3F,-0.0329099383004384,-0.0014624230442629499,-0.004083049315610892,0.0677296311952344,0.0,0.0,-0.0329099383004384,0.0581278835255094
1979-10-31,IdioVol3F,0.0581278835255094,-0.02182337338534926,-0.015160768642777692,0.03665184017371099,0.0,0.0,0.0581278835255094,-0.0374136258411876
1979-11-30,IdioVol3F,-0.0374136258411876,-0.012224340625069906,-0.014323447726413035,0.03595498688020916,0.0,0.0,-0.0374136258411876,-0.0553512637594502
1979-12-31,IdioVol3F,-0.0553512637594502,-0.017534973294585473,-0.020686330833324187,0.03589104311522995,0.0,0.0,-0.0553512637594502,-0.0781009105754327
1980-01-31,IdioVol3F,-0.0781009105754327,-0.017854529726628814,-0.022875061464029123,0.03865755647890394,0.0,0.0,-0.0781009105754327,-0.0696163124605176
1980-02-29,IdioVol3F,-0.0696163124605176,-0.02440210236541647,-0.028169953206674887,0.04045719744976401,0.0,0.0,-0.0696163124605176,0.150670790167628
1980-03-31,IdioVol3F,0.150670790167628,-0.02473480783662605,-0.01011767466960487,0.06371113815651028,0.0,0.0,0.150670790167628,-0.0271196897402159
1980-04-30,IdioVol3F,-0.0271196897402159,-0.0073646160028699925,-0.009010872147648804,0.06325092135659997,0.0,0.0,-0.0271196897402159,-0.040426262501846805
1980-05-31,IdioVol3F,-0.040426262501846805,-0.011407302147910074,-0.013825548844071453,0.06326088472750689,0.0,0.0,-0.040426262501846805,0.0047713248856930705
1980-06-30,IdioVol3F,0.0047713248856930705,-0.01183951051124083,-0.01045527422816299,0.06306822241384255,0.0,0.0,0.0047713248856930705,-0.0132431154007297
1980-07-31,IdioVol3F,-0.0132431154007297,-0.012127700665140234,-0.01222065189310601,0.0628023903634732,0.0,0.0,-0.0132431154007297,-0.0372480426693319
1980-08-31,IdioVol3F,-0.0372480426693319,-0.012782829090998954,-0.01482159688919335,0.06316824048969194,0.0,0.0,-0.0372480426693319,-0.0154426726305338
1980-09-30,IdioVol3F,-0.0154426726305338,-0.013177202215443818,-0.013365991416701301,0.06291427418954322,0.0,0.0,-0.0154426726305338,-0.015951842713079402
1980-10-31,IdioVol3F,-0.015951842713079402,-0.019865434593265927,-0.0195393019365837,0.05875856624909572,0.0,0.0,-0.015951842713079402,-0.0440795089961682
1980-11-30,IdioVol3F,-0.0440795089961682,-0.017914363399801545,-0.02009479219949875,0.05897402175259987,0.0,0.0,-0.0440795089961682,0.0733288046603294
1980-12-31,IdioVol3F,0.0733288046603294,-0.01688965842132136,-0.009371453164517119,0.06350544523617817,0.0,0.0,0.0733288046603294,0.08160884717665731
1981-01-31,IdioVol3F,0.08160884717665731,-0.003123320672615717,0.003937693314823716,0.06451950620842316,0.0,0.0,0.08160884717665731,0.016793884403123502
1981-02-28,IdioVol3F,0.016793884403123502,0.010624421112582001,0.011138543053460473,0.06024442375958213,0.0,0.0,0.016793884403123502,-0.0141995253755345
1981-03-31,IdioVol3F,-0.0141995253755345,-0.0015462066841911337,-0.002600649908469734,0.04137509262105166,0.0,0.0,-0.0141995253755345,0.00639250135912122
1981-04-30,IdioVol3F,0.00639250135912122,-0.00037164628740191547,0.000192032683141693,0.04069508092472354,0.0,0.0,0.00639250135912122,-0.027819395802872304
1981-05-31,IdioVol3F,-0.027819395802872304,0.003884604972686087,0.0012426049080562348,0.03970176950975503,0.0,0.0,-0.027819395802872304,0.019087288563753
1981-06-30,IdioVol3F,0.019087288563753,0.0009218121828165076,0.0024356018812278957,0.0400311668271999,0.0,0.0,0.019087288563753,-0.030253885556845498
1981-07-31,IdioVol3F,-0.030253885556845498,0.0038609398159512977,0.0010180377015515786,0.04092799003119836,0.0,0.0,-0.030253885556845498,0.0543095305886113
1981-08-31,IdioVol3F,0.0543095305886113,0.004496772280722788,0.008647835473046846,0.04167321854915963,0.0,0.0,0.0543095305886113,0.125574265413627
1981-09-30,IdioVol3F,0.125574265413627,0.010837881664281434,0.020399246976726914,0.052689069037757275,0.0,0.0,0.125574265413627,-0.0369797125791426
1981-10-31,IdioVol3F,-0.0369797125791426,0.02370389149398202,0.01864692448788832,0.05433198758603541,0.0,0.0,-0.0369797125791426,0.0496927505843882
1981-11-30,IdioVol3F,0.0496927505843882,0.024349327531893436,0.026461279452934684,0.051139809936440274,0.0,0.0,0.0496927505843882,0.0441207113003699
1981-12-31,IdioVol3F,0.0441207113003699,0.02220059534317151,0.024027271672938055,0.04937084127601765,0.0,0.0,0.0441207113003699,0.07121240220020239
1982-01-31,IdioVol3F,0.07121240220020239,0.018792582990781743,0.023160901258233484,0.04834917615576933,0.0,0.0,0.07121240220020239,0.0570936573435981
1982-02-28,IdioVol3F,0.0570936573435981,0.023739720972334368,0.026519215669939696,0.04925778656306659,0.0,0.0,0.0570936573435981,0.0485659151067484
1982-03-31,IdioVol3F,0.0485659151067484,0.030220919401346424,0.03174966904346327,0.04785335010770474,0.0,0.0,0.0485659151067484,0.0162096587070621
1982-04-30,IdioVol3F,0.0162096587070621,0.034054866105676165,0.03256776548912501,0.04746275943840504,0.0,0.0,0.0162096587070621,0.0520802885920289
1982-05-31,IdioVol3F,0.0520802885920289,0.03805750742476111,0.039226072522033445,0.043674396022247194,0.0,0.0,0.0520802885920289,0.0679824211825561
1982-06-30,IdioVol3F,0.0679824211825561,0.04105687106369529,0.0433006669069337,0.04390497039903198,0.0,0.0,0.0679824211825561,0.0380355704520495
1982-07-31,IdioVol3F,0.0380355704520495,0.049987444403640884,0.04899145490767495,0.037456567477107815,0.0,0.0,0.0380355704520495,0.00317091519200721
1982-08-31,IdioVol3F,0.00317091519200721,0.04850799348213526,0.04472990362462461,0.0396418615030174,0.0,0.0,0.00317091519200721,0.0189964014824717
1982-09-30,IdioVol3F,0.0189964014824717,0.03738041618926074,0.035848414963695,0.030845776529942935,0.0,0.0,0.0189964014824717,-0.030094590112487
1982-10-31,IdioVol3F,-0.030094590112487,0.042469153831225674,0.036422175169249636,0.02939801257179683,0.0,0.0,-0.030094590112487,-0.0130724823675173
1982-11-30,IdioVol3F,-0.0130724823675173,0.03521575922241884,0.03119173908992418,0.032265937554191465,0.0,0.0,-0.0130724823675173,0.0194451029889082
1982-12-31,IdioVol3F,0.0194451029889082,0.030016377979883636,0.029135438397302368,0.03215315996851533,0.0,0.0,0.0194451029889082,-0.043943982496526104
1983-01-31,IdioVol3F,-0.043943982496526104,0.025310259869765987,0.01953907300590833,0.03546718173976322,0.0,0.0,-0.043943982496526104,0.0681919243602977
1983-02-28,IdioVol3F,0.0681919243602977,0.016125019884300148,0.020463928590633295,0.03666013394817544,0.0,0.0,0.0681919243602977,-0.0030712665899011297
1983-03-31,IdioVol3F,-0.0030712665899011297,0.017909202543713722,0.0161608301159125,0.03608777622348046,0.0,0.0,-0.0030712665899011297,-0.0165535428723514
1983-04-30,IdioVol3F,-0.0165535428723514,0.016156391153080703,0.013430563317628041,0.03730266753150038,0.0,0.0,-0.0165535428723514,-0.0867644508072696
1983-05-31,IdioVol3F,-0.0867644508072696,0.009916951929046127,0.0018601683676864992,0.04496981833787105,0.0,0.0,-0.0867644508072696,0.00243812731029551
1983-06-30,IdioVol3F,0.00243812731029551,-0.0041509455245743905,-0.0036018561216685494,0.039903642298679265,0.0,0.0,0.00243812731029551,0.0756750149691055
1983-07-31,IdioVol3F,0.0756750149691055,-0.007387076719279299,-0.000465235745247216,0.04466887639808614,0.0,0.0,0.0756750149691055,0.0606507541608734
1983-08-31,IdioVol3F,0.0606507541608734,-0.0007957949213612726,0.004324750835491633,0.0480482793908047,0.0,0.0,0.0606507541608734,0.042169154417551404
1983-09-30,IdioVol3F,0.042169154417551404,0.002990964413038882,0.006255813580081609,0.04914468637371359,0.0,0.0,0.042169154417551404,0.10738197025094101
1983-10-31,IdioVol3F,0.10738197025094101,0.009560395733951465,0.017712193610367275,0.05551196937279213,0.0,0.0,0.10738197025094101,-0.0411926568665073
1983-11-30,IdioVol3F,-0.0411926568665073,0.020510800517447678,0.015368845735451442,0.05748798764927019,0.0,0.0,-0.0411926568665073,0.0394682434612099
1983-12-31,IdioVol3F,0.0394682434612099,0.014998276894228085,0.017037440774809915,0.057906123516879016,0.0,0.0,0.0394682434612099,-0.0289563049960265
1984-01-31,IdioVol3F,-0.0289563049960265,0.02258120652674954,0.018286413899851552,0.056618565865802294,0.0,0.0,-0.0289563049960265,-0.010356449768204901
1984-02-29,IdioVol3F,-0.010356449768204901,0.013749549312538247,0.01174071605580967,0.054836933265244234,0.0,0.0,-0.010356449768204901,0.0069459998049345596
1984-03-31,IdioVol3F,0.0069459998049345596,0.013087259932692448,0.012575488255379309,0.05466693706423291,0.0,0.0,0.0069459998049345596,0.0391832964995015
1984-04-30,IdioVol3F,0.0391832964995015,0.015223581994263902,0.017220224869700384,0.05433382184100561,0.0,0.0,0.0391832964995015,0.0401729940617191
1984-05-31,IdioVol3F,0.0401729940617191,0.026673377203970363,0.027798345275449443,0.043531663937108285,0.0,0.0,0.0401729940617191,-0.0009174352851549681
1984-06-30,IdioVol3F,-0.0009174352851549681,0.030103819635917965,0.0275187150591619,0.043719748499793355,0.0,0.0,-0.0009174352851549681,0.044914534081126105
1984-07-31,IdioVol3F,0.044914534081126105,0.023140869612803375,0.024955341651830287,0.04148418668870928,0.0,0.0,0.044914534081126105,-0.0358712712668207
1984-08-31,IdioVol3F,-0.0358712712668207,0.021710304151008167,0.01691183953285578,0.0432536435106074,0.0,0.0,-0.0358712712668207,0.038979797731455504
1984-09-30,IdioVol3F,0.038979797731455504,0.01461571999788343,0.016646059809014454,0.04309384010389527,0.0,0.0,0.038979797731455504,0.050667403147498506
1984-10-31,IdioVol3F,0.050667403147498506,0.008397340677930203,0.011919845883727577,0.03448882663061105,0.0,0.0,0.050667403147498506,0.0753586566898534
1984-11-30,IdioVol3F,0.0753586566898534,0.016748255224658004,0.021632455346757635,0.03458296764573493,0.0,0.0,0.0753586566898534,0.0388320780828817
1984-12-31,IdioVol3F,0.0388320780828817,0.020011020063625592,0.021579441565230287,0.03455361594301925,0.0,0.0,0.0388320780828817,-0.0501330050752323
1985-01-31,IdioVol3F,-0.0501330050752323,0.026173600343526338,0.019814716558629805,0.03776111322581976,0.0,0.0,-0.0501330050752323,-0.014502179172013801
1985-02-28,IdioVol3F,-0.014502179172013801,0.022557549861069306,0.019469239108312397,0.0380798636738717,0.0,0.0,-0.014502179172013801,0.0161139309089847
1985-03-31,IdioVol3F,0.0161139309089847,0.020607715408619453,0.020233233366983242,0.03789729963438582,0.0,0.0,0.0161139309089847,0.0601328073346087
1985-04-30,IdioVol3F,0.0601328073346087,0.018510500354936107,0.021979025936575507,0.03930597470785705,0.0,0.0,0.0601328073346087,0.0449676601902573
1985-05-31,IdioVol3F,0.0449676601902573,0.02032502883428971,0.022378581447287025,0.03953145723059596,0.0,0.0,0.0449676601902573,0.026240793325791597
1985-06-30,IdioVol3F,0.026240793325791597,0.024496401150236272,0.024641767164865908,0.038848008476401304,0.0,0.0,0.026240793325791597,-0.0191228681676635
1985-07-31,IdioVol3F,-0.0191228681676635,0.022798788354296773,0.019305316977466774,0.04018533338118317,0.0,0.0,-0.0191228681676635,0.0232549630339676
1985-08-31,IdioVol3F,0.0232549630339676,0.024321370454220156,0.02423250316919913,0.03623570446271467,0.0,0.0,0.0232549630339676,0.04472048538333499
1985-09-30,IdioVol3F,0.04472048538333499,0.022891840027175803,0.02471089380685575,0.036485137053669625,0.0,0.0,0.04472048538333499,0.024552245692554
1985-10-31,IdioVol3F,0.024552245692554,0.022351211139524575,0.022534630685610377,0.035563347861213165,0.0,0.0,0.024552245692554,0.032480290275166995
1985-11-30,IdioVol3F,0.032480290275166995,0.017732446503406444,0.01896143348438651,0.03171978789419883,0.0,0.0,0.032480290275166995,0.038232222412574804
1985-12-31,IdioVol3F,0.038232222412574804,0.017155011248159654,0.018911445511860938,0.03168608124049093,0.0,0.0,0.038232222412574804,0.00208467892199546
1986-01-31,IdioVol3F,0.00208467892199546,0.02518821374705121,0.02326291917829658,0.023994062197910098,0.0,0.0,0.00208467892199546,0.0470012001603404
1986-02-28,IdioVol3F,0.0470012001603404,0.02669610993741569,0.028388200789326096,0.021647898112948358,0.0,0.0,0.0470012001603404,0.039160545204944996
1986-03-31,IdioVol3F,0.039160545204944996,0.029504043505720747,0.030308751980656124,0.0214816410418621,0.0,0.0,0.039160545204944996,-0.023011551193860603
1986-04-30,IdioVol3F,-0.023011551193860603,0.027597474221205866,0.023380055436617017,0.024221643859159873,0.0,0.0,-0.023011551193860603,0.0174066158620576
1986-05-31,IdioVol3F,0.0174066158620576,0.02141754591355879,0.021083301742600372,0.0232768412309893,0.0,0.0,0.0174066158620576,0.010072076801308
1986-06-30,IdioVol3F,0.010072076801308,0.02061443887140115,0.019735908698893405,0.023418691939493367,0.0,0.0,0.010072076801308,0.0608382208539516
1986-07-31,IdioVol3F,0.0608382208539516,0.023268524777671287,0.026399332784027996,0.022722370499321062,0.0,0.0,0.0608382208539516,0.0433000815081814
1986-08-31,IdioVol3F,0.0433000815081814,0.026685184579488017,0.028069759323545815,0.023201942866566055,0.0,0.0,0.0433000815081814,-0.0331142733764242
1986-09-30,IdioVol3F,-0.0331142733764242,0.02655605695447405,0.021583529426899214,0.02841737100063394,0.0,0.0,-0.0331142733764242,0.045392951814299504
1986-10-31,IdioVol3F,0.045392951814299504,0.02131364613002149,0.023320254937044677,0.029240223622837486,0.0,0.0,0.045392951814299504,0.0522884578205159
1986-11-30,IdioVol3F,0.0522884578205159,0.022487524451760808,0.02497093556582375,0.030342665768147422,0.0,0.0,0.0522884578205159,0.0324240827575218
1986-12-31,IdioVol3F,0.0324240827575218,0.023765364034300906,0.02448692392790267,0.03015765769198166,0.0,0.0,0.0324240827575218,0.0182610358910967
1987-01-31,IdioVol3F,0.0182610358910967,0.026523491655712394,0.02583495367532777,0.02941771634155943,0.0,0.0,0.0182610358910967,-0.00539252126271719
1987-02-28,IdioVol3F,-0.00539252126271719,0.023910749449417512,0.02146881022340631,0.029875208754395515,0.0,0.0,-0.00539252126271719,0.0131898260810278
1987-03-31,IdioVol3F,0.0131898260810278,0.01986047067963004,0.01930458362974654,0.029414199802281826,0.0,0.0,0.0131898260810278,0.0169819905704527
1987-04-30,IdioVol3F,0.0169819905704527,0.02315150497734717,0.022637378776772646,0.026282720801972838,0.0,0.0,0.0169819905704527,0.012873440201139901
1987-05-31,IdioVol3F,0.012873440201139901,0.023112902678110357,0.022259614138362836,0.026397067128192637,0.0,0.0,0.012873440201139901,0.06022913430252
1987-06-30,IdioVol3F,0.06022913430252,0.02336757207809508,0.026439368930130505,0.028201161930278957,0.0,0.0,0.06022913430252,-0.00403814923649043
1987-07-31,IdioVol3F,-0.00403814923649043,0.023312200573419473,0.021033004755927006,0.027208310383721783,0.0,0.0,-0.00403814923649043,0.04744960463848211
1987-08-31,IdioVol3F,0.04744960463848211,0.01900872505117658,0.02137879835011873,0.027541362046356224,0.0,0.0,0.04744960463848211,0.00802952306547836
1987-09-30,IdioVol3F,0.00802952306547836,0.026332713961622612,0.02480744805361061,0.022179912033625633,0.0,0.0,0.00802952306547836,0.111570607248557
1987-10-31,IdioVol3F,0.111570607248557,0.02293603862082069,0.03032225267313206,0.03323546772585715,0.0,0.0,0.111570607248557,-0.012584765738790001
1987-11-30,IdioVol3F,-0.012584765738790001,0.028325324932460785,0.024916150709856574,0.03458631661076058,0.0,0.0,-0.012584765738790001,0.0537593849535851
1987-12-31,IdioVol3F,0.0537593849535851,0.02423361143279608,0.026694092559528513,0.03554251801466924,0.0,0.0,0.0537593849535851,-0.023379798153858503
1988-01-31,IdioVol3F,-0.023379798153858503,0.027460734074840478,0.02322402305578225,0.038361626130486236,0.0,0.0,-0.023379798153858503,-0.045981493929278396
1988-02-29,IdioVol3F,-0.045981493929278396,0.025825527084736722,0.019841608666902148,0.042662487461455026,0.0,0.0,-0.045981493929278396,-0.0771536671696865
1988-03-31,IdioVol3F,-0.0771536671696865,0.02044631617470889,0.012312984229342622,0.051083391085175824,0.0,0.0,-0.0771536671696865,0.010270616217091
1988-04-30,IdioVol3F,0.010270616217091,0.011888529107423506,0.011753703033229148,0.051064361699703374,0.0,0.0,0.010270616217091,0.058799415606569004
1988-05-31,IdioVol3F,0.058799415606569004,0.011651908745237242,0.01558086765034824,0.052845863677396084,0.0,0.0,0.058799415606569004,0.00947475212647782
1988-06-30,IdioVol3F,0.00947475212647782,0.011521934318332604,0.011351335802344724,0.05094443322413989,0.0,0.0,0.00947475212647782,-0.0006809652547455521
1988-07-31,IdioVol3F,-0.0006809652547455521,0.012750379896784264,0.0116311011341568,0.05086138813847142,0.0,0.0,-0.0006809652547455521,0.0201779491394571
1988-08-31,IdioVol3F,0.0201779491394571,0.008374873542854476,0.009358463175904714,0.04971170856700529,0.0,0.0,0.0201779491394571,0.0501589310328818
1988-09-30,IdioVol3F,0.0501589310328818,0.00947927591321618,0.012869247173188334,0.05107819184115812,0.0,0.0,0.0501589310328818,0.0494119279403006
1988-10-31,IdioVol3F,0.0494119279403006,0.0038963962572457086,0.007689357230833635,0.04260839910641208,0.0,0.0,0.0494119279403006,-0.0204371807401856
1988-11-30,IdioVol3F,-0.0204371807401856,0.009532459318981218,0.0070349893140506685,0.04300650704055869,0.0,0.0,-0.0204371807401856,0.00718866580492162
1988-12-31,IdioVol3F,0.00718866580492162,0.0027873169831838813,0.0031540960516620448,0.040430945174279254,0.0,0.0,0.00718866580492162,0.026514583409336597
1989-01-31,IdioVol3F,0.026514583409336597,0.005566268252163892,0.007311961181928304,0.04001759308913318,0.0,0.0,0.026514583409336597,-0.0222636236586548
1989-02-28,IdioVol3F,-0.0222636236586548,0.01215682073749253,0.009288450371146936,0.03766253270814496,0.0,0.0,-0.0222636236586548,0.0162659909251406
1989-03-31,IdioVol3F,0.0162659909251406,0.017146824693040866,0.017073421879049196,0.026028493269363216,0.0,0.0,0.0162659909251406,0.048777344773998
1989-04-30,IdioVol3F,0.048777344773998,0.017691858757409012,0.02028231592545811,0.027448470119062433,0.0,0.0,0.048777344773998,0.011991833619352198
1989-05-31,IdioVol3F,0.011991833619352198,0.016780761408993462,0.016381684093190043,0.024661692073814474,0.0,0.0,0.011991833619352198,0.010550631940773101
1989-06-30,IdioVol3F,0.010550631940773101,0.01700958699925477,0.016471340744381318,0.02463624199428421,0.0,0.0,0.010550631940773101,0.0937275363600152
1989-07-31,IdioVol3F,0.0937275363600152,0.01803064128975647,0.024338715878944716,0.032484905134298796,0.0,0.0,0.0937275363600152,0.00117298041678522
1989-08-31,IdioVol3F,0.00117298041678522,0.024716967400716293,0.022754968485388726,0.03316241016489425,0.0,0.0,0.00117298041678522,0.0163301638235209
1989-09-30,IdioVol3F,0.0163301638235209,0.020263699162889334,0.019935904551275314,0.03203994016203529,0.0,0.0,0.0163301638235209,0.0582174081095778
1989-10-31,IdioVol3F,0.0582174081095778,0.017256266061363906,0.020669694565381747,0.03286655056698106,0.0,0.0,0.0582174081095778,0.0735990791226744
1989-11-30,IdioVol3F,0.0735990791226744,0.024406683229524218,0.028506049553953416,0.03338093446869243,0.0,0.0,0.0735990791226744,0.0429623394613903
1989-12-31,IdioVol3F,0.0429623394613903,0.030443993531138105,0.0314871890253258,0.032897999114958075,0.0,0.0,0.0429623394613903,0.026636021160864897
1990-01-31,IdioVol3F,0.026636021160864897,0.03193924408132481,0.03149730883795316,0.03289634906180226,0.0,0.0,0.026636021160864897,0.00805582522760095
1990-02-28,IdioVol3F,0.00805582522760095,0.03638466633764478,0.03402392957847448,0.029366844539235232,0.0,0.0,0.00805582522760095,0.0282353945205689
1990-03-31,IdioVol3F,0.0282353945205689,0.03563828763786844,0.0350213798780935,0.02890855646816861,0.0,0.0,0.0282353945205689,0.019296606538469
1990-04-30,IdioVol3F,0.019296606538469,0.033770837614829435,0.032564651691799416,0.02888593047519446,0.0,0.0,0.019296606538469,0.0467455059137428
1990-05-31,IdioVol3F,0.0467455059137428,0.034434907880203695,0.0354607910496653,0.028373436806689606,0.0,0.0,0.0467455059137428,0.0152342235771732
1990-06-30,IdioVol3F,0.0152342235771732,0.03772535096865549,0.03585109035269864,0.028029758667908106,0.0,0.0,0.0152342235771732,0.0702186806967679
1990-07-31,IdioVol3F,0.0702186806967679,0.03058959526112439,0.033892019047428036,0.02417311395268264,0.0,0.0,0.0702186806967679,0.0163483273380461
1990-08-31,IdioVol3F,0.0163483273380461,0.03686647710475918,0.03515663129086644,0.022655098804440287,0.0,0.0,0.0163483273380461,0.0990178506714107
1990-09-30,IdioVol3F,0.0990178506714107,0.03686812833335238,0.042047271861523926,0.02828400906071319,0.0,0.0,0.0990178506714107,0.105735841372556
1990-10-31,IdioVol3F,0.105735841372556,0.04057725947533719,0.04600714130010544,0.033583587228456974,0.0,0.0,0.105735841372556,0.008672951258974139
1990-11-30,IdioVol3F,0.008672951258974139,0.043498783316235516,0.040596630644797085,0.033962109701378966,0.0,0.0,0.008672951258974139,0.0923621343530313
1990-12-31,IdioVol3F,0.0923621343530313,0.04038156620692495,0.0447132802191005,0.03712189136100942,0.0,0.0,0.0923621343530313,-0.0326071578837592
1991-01-31,IdioVol3F,-0.0326071578837592,0.046356667406212804,0.03977634863204849,0.04318834684139741,0.0,0.0,-0.0326071578837592,-0.11787692341329499
1991-02-28,IdioVol3F,-0.11787692341329499,0.04266003257790734,0.029281952911973833,0.06255495098131211,0.0,0.0,-0.11787692341329499,-0.0427103924231281
1991-03-31,IdioVol3F,-0.0427103924231281,0.029377094583919714,0.023369803999999078,0.06592468241059196,0.0,0.0,-0.0427103924231281,0.0264486139310329
1991-04-30,IdioVol3F,0.0264486139310329,0.02374009467831998,0.023965804616046072,0.06591683933875969,0.0,0.0,0.0264486139310329,0.0312673947602714
1991-05-31,IdioVol3F,0.0312673947602714,0.021894922679891803,0.022675962019923456,0.06558115090403722,0.0,0.0,0.0312673947602714,0.0252738106841862
1991-06-30,IdioVol3F,0.0252738106841862,0.023352483696537096,0.02351259427884121,0.06554161120794753,0.0,0.0,0.0252738106841862,0.007039581259308781
1991-07-31,IdioVol3F,0.007039581259308781,0.019266586422666033,0.018247669325719616,0.06396732065486826,0.0,0.0,0.007039581259308781,-0.00720445827443684
1991-08-31,IdioVol3F,-0.00720445827443684,0.01842033677914446,0.016284937191346032,0.0643908341300523,0.0,0.0,-0.00720445827443684,0.010158268017802098
1991-09-30,IdioVol3F,0.010158268017802098,0.008763763238612865,0.008879971970211986,0.05888569335643629,0.0,0.0,0.010158268017802098,-0.0181487017231815
1991-10-31,IdioVol3F,-0.0181487017231815,7.489293363523668e-05,-0.0014437399544328063,0.050644316859530775,0.0,0.0,-0.0181487017231815,0.0411720538151304
1991-11-30,IdioVol3F,0.0411720538151304,-0.0023634391556516397,0.0012645185919135488,0.05208302602323813,0.0,0.0,0.0411720538151304,0.07761676977018289
1991-12-31,IdioVol3F,0.07761676977018289,-0.007017082840915358,3.5738210009514847e-05,0.04986511756275045,0.0,0.0,0.07761676977018289,-0.167964058188449
1992-01-31,IdioVol3F,-0.167964058188449,0.0030032742185339234,-0.011244003482047968,0.06940226057221939,0.0,0.0,-0.167964058188449,-0.0471562321777031
1992-02-29,IdioVol3F,-0.0471562321777031,-0.001550101670116443,-0.005350612545748645,0.06214772384771132,0.0,0.0,-0.0471562321777031,0.0242862107657331
1992-03-31,IdioVol3F,0.0242862107657331,-0.0019542689205323508,0.00023243771998978884,0.061492259759950756,0.0,0.0,0.0242862107657331,0.11209538099637201
1992-04-30,IdioVol3F,0.11209538099637201,-0.002150851026468696,0.007369668308768048,0.06928795485759923,0.0,0.0,0.11209538099637201,0.0035651568538254404
1992-05-31,IdioVol3F,0.0035651568538254404,0.005197147722267723,0.005061148483230885,0.06887963769852248,0.0,0.0,0.0035651568538254404,0.0752052447017419
1992-06-30,IdioVol3F,0.0752052447017419,0.0032236337376894716,0.009222101318027193,0.07166356343321956,0.0,0.0,0.0752052447017419,0.020515056154493897
1992-07-31,IdioVol3F,0.020515056154493897,0.00942051223245612,0.010345057559292619,0.07173180138538283,0.0,0.0,0.020515056154493897,0.06423397479593569
1992-08-31,IdioVol3F,0.06423397479593569,0.01194046808963164,0.016298260315156996,0.07309440163130417,0.0,0.0,0.06423397479593569,0.022457592964645
1992-09-30,IdioVol3F,0.022457592964645,0.01685644143309833,0.017323204060727238,0.07308670990077401,0.0,0.0,0.022457592964645,0.012455654447006298
1992-10-31,IdioVol3F,0.012455654447006298,0.020547922768355285,0.019873567074909556,0.07226574916525375,0.0,0.0,0.012455654447006298,-0.0399797646927995
1992-11-30,IdioVol3F,-0.0399797646927995,0.017937341007616733,0.013110915532582064,0.07387072112957993,0.0,0.0,-0.0399797646927995,-0.014803927053741499
1992-12-31,IdioVol3F,-0.014803927053741499,0.007246746965527421,0.005409190797255031,0.07130737070225533,0.0,0.0,-0.014803927053741499,-0.0928936483699182
1993-01-31,IdioVol3F,-0.0928936483699182,0.02117039525050083,0.011665058282132596,0.05646212444861962,0.0,0.0,-0.0928936483699182,0.061390291739247996
1993-02-28,IdioVol3F,0.061390291739247996,0.017012448323935822,0.020710601941878518,0.05485392070147878,0.0,0.0,0.061390291739247996,0.0273657198415329
1993-03-31,IdioVol3F,0.0273657198415329,0.020385546594255358,0.020967227698195173,0.05487936697390075,0.0,0.0,0.0273657198415329,-0.0236424555045668
1993-04-30,IdioVol3F,-0.0236424555045668,0.012682850125633622,0.009655741323116937,0.047938863469071016,0.0,0.0,-0.0236424555045668,-0.0593527255726691
1993-05-31,IdioVol3F,-0.0593527255726691,0.010209430820325237,0.004412584454242392,0.05193935790417535,0.0,0.0,-0.0593527255726691,0.0232397977448486
1993-06-30,IdioVol3F,0.0232397977448486,-0.0020231119318939463,8.213054116794985e-05,0.047474869080896785,0.0,0.0,0.0232397977448486,-0.00953769021704115
1993-07-31,IdioVol3F,-0.00953769021704115,-0.0017754081509526094,-0.002422264989793304,0.047090114457017954,0.0,0.0,-0.00953769021704115,-0.00313220680282479
1993-08-31,IdioVol3F,-0.00313220680282479,-0.008481923152132321,-0.008036113456356677,0.042180924011458086,0.0,0.0,-0.00313220680282479,-0.0147363787088809
1993-09-30,IdioVol3F,-0.0147363787088809,-0.010808268585538667,-0.01113561109581717,0.04108890433153247,0.0,0.0,-0.0147363787088809,-0.050961626023884196
1993-10-31,IdioVol3F,-0.050961626023884196,-0.013280271599710231,-0.016420384468391377,0.041850053058257966,0.0,0.0,-0.050961626023884196,0.0167345675407332
1993-11-30,IdioVol3F,0.0167345675407332,-0.01427862262980884,-0.011694190115596985,0.04214893489456986,0.0,0.0,0.0167345675407332,0.054433233803859095
1993-12-31,IdioVol3F,0.054433233803859095,-0.011411486757583866,-0.005924426710796938,0.0462262651959646,0.0,0.0,0.054433233803859095,-0.0051561409689822
1994-01-31,IdioVol3F,-0.0051561409689822,0.001981866167304978,0.0013870322392810638,0.03729611129727716,0.0,0.0,-0.0051561409689822,-0.007506352949108011
1994-02-28,IdioVol3F,-0.007506352949108011,-0.004067809533443222,-0.004354354818081937,0.032170197871868575,0.0,0.0,-0.007506352949108011,0.0522795104189944
1994-03-31,IdioVol3F,0.0522795104189944,-0.007237997968956031,-0.002278205603293478,0.0350760793273991,0.0,0.0,0.0522795104189944,0.0755733949823713
1994-04-30,IdioVol3F,0.0755733949823713,-0.00033600106681410405,0.0059897819372846965,0.04080749694385924,0.0,0.0,0.0755733949823713,0.0265002233626975
1994-05-31,IdioVol3F,0.0265002233626975,0.011930009892735023,0.01314419434856525,0.035489534169722094,0.0,0.0,0.0265002233626975,0.035624420438761
1994-06-30,IdioVol3F,0.035624420438761,0.012226412221630375,0.014176246239724613,0.035986405482779586,0.0,0.0,0.035624420438761,0.041956960184132204
1994-07-31,IdioVol3F,0.041956960184132204,0.016332058644885118,0.01846746710648906,0.03597180403636682,0.0,0.0,0.041956960184132204,-0.0167748324885638
1994-08-31,IdioVol3F,-0.0167748324885638,0.020431073825517572,0.017330581632677478,0.03691961933066156,0.0,0.0,-0.0167748324885638,-0.0283142899566018
1994-09-30,IdioVol3F,-0.0283142899566018,0.0202457598455464,0.016199089028700733,0.03817834019135007,0.0,0.0,-0.0283142899566018,0.033909477961345
1994-10-31,IdioVol3F,0.033909477961345,0.02230460857893571,0.023271681027469834,0.03196060045548895,0.0,0.0,0.033909477961345,0.0195323225998077
1994-11-30,IdioVol3F,0.0195323225998077,0.023865964071718596,0.023504827282392712,0.03191875547076478,0.0,0.0,0.0195323225998077,0.0735460669847027
1994-12-31,IdioVol3F,0.0735460669847027,0.020693153962259382,0.025097563380796342,0.034010685620931645,0.0,0.0,0.0735460669847027,0.0115449844525916
1995-01-31,IdioVol3F,0.0115449844525916,0.0278479001398671,0.02648932383259416,0.032986410291792834,0.0,0.0,0.0115449844525916,0.0401299824593557
1995-02-28,IdioVol3F,0.0401299824593557,0.029579839903657975,0.030459018449966135,0.03134905497631328,0.0,0.0,0.0401299824593557,-0.00282604380604304
1995-03-31,IdioVol3F,-0.00282604380604304,0.028475337361872636,0.025866888931213014,0.03189343817436001,0.0,0.0,-0.00282604380604304,-0.0106067859461462
1995-04-30,IdioVol3F,-0.0106067859461462,0.02134811565383497,0.01868520718716989,0.02927887691520314,0.0,0.0,-0.0106067859461462,0.0405692057631762
1995-05-31,IdioVol3F,0.0405692057631762,0.017974751171212815,0.01985762238720978,0.029895452975338212,0.0,0.0,0.0405692057631762,-0.057726561590699
1995-06-30,IdioVol3F,-0.057726561590699,0.018424277109796015,0.012078373884754781,0.036774042710699,0.0,0.0,-0.057726561590699,-0.0501228298740393
1995-07-31,IdioVol3F,-0.0501228298740393,0.009362138766629542,0.004405058046573824,0.03947995453222879,0.0,0.0,-0.0501228298740393,-0.00674050443246753
1995-08-31,IdioVol3F,-0.00674050443246753,0.006330502640677224,0.005241252051248513,0.039094966036641574,0.0,0.0,-0.00674050443246753,0.0465992517645172
1995-09-30,IdioVol3F,0.0465992517645172,0.008291755870143976,0.011484047194675098,0.03923057702386144,0.0,0.0,0.0465992517645172,0.0972967418420871
1995-10-31,IdioVol3F,0.0972967418420871,0.009445371670432358,0.01676631918473694,0.04617704049626606,0.0,0.0,0.0972967418420871,0.00442827696236129
1995-11-30,IdioVol3F,0.00442827696236129,0.01651486432882139,0.015507648714949735,0.04630047639034566,0.0,0.0,0.00442827696236129,0.0708186930030505
1995-12-31,IdioVol3F,0.0708186930030505,0.010231428872244902,0.015280367549812055,0.04599536438890697,0.0,0.0,0.0708186930030505,0.0519747693412849
1996-01-31,IdioVol3F,0.0519747693412849,0.01561994783137753,0.018649516290536496,0.04716279453808439,0.0,0.0,0.0519747693412849,-0.022830655686501302
1996-02-29,IdioVol3F,-0.022830655686501302,0.01669674663882564,0.013402796445048411,0.048049669836939264,0.0,0.0,-0.022830655686501302,0.0269177146585327
1996-03-31,IdioVol3F,0.0269177146585327,0.014878145558783978,0.015881442983763056,0.04790334205486817,0.0,0.0,0.0269177146585327,-0.131097189176517
1996-04-30,IdioVol3F,-0.131097189176517,0.018289463795572967,0.0058405760478988265,0.06391279279701903,0.0,0.0,-0.131097189176517,-0.0687943919754543
1996-05-31,IdioVol3F,-0.0687943919754543,0.002683427891964498,-0.0032730570969870493,0.06626455033014046,0.0,0.0,-0.0687943919754543,0.13067625551495898
1996-06-30,IdioVol3F,0.13067625551495898,0.00167726149335038,0.012427177661817784,0.07405167892934332,0.0,0.0,0.13067625551495898,0.127918677010129
1996-07-31,IdioVol3F,0.127918677010129,0.018113541983259315,0.027263969902165137,0.07810504628440905,0.0,0.0,0.127918677010129,-0.059961482706276596
1996-08-31,IdioVol3F,-0.059961482706276596,0.03035528575076809,0.022828888379347722,0.08164241140295943,0.0,0.0,-0.059961482706276596,-0.00959413052540215
1996-09-30,IdioVol3F,-0.00959413052540215,0.020667946253423195,0.01814610652185444,0.08176651757786658,0.0,0.0,-0.00959413052540215,0.122811885207741
1996-10-31,IdioVol3F,0.122811885207741,0.010950594220015082,0.020272368468992264,0.08430423673319884,0.0,0.0,0.122811885207741,0.050616669818861704
1996-11-30,IdioVol3F,0.050616669818861704,0.021712740424140512,0.024121401207033964,0.08456907257349869,0.0,0.0,0.050616669818861704,0.0170632929252384
1996-12-31,IdioVol3F,0.0170632929252384,0.01987619286194153,0.019641784533882958,0.08328460767989447,0.0,0.0,0.0170632929252384,0.000210740009603727
1997-01-31,IdioVol3F,0.000210740009603727,0.016702422278664572,0.015328115422909525,0.08279681336132698,0.0,0.0,0.000210740009603727,0.10277302943743401
1997-02-28,IdioVol3F,0.10277302943743401,0.01879709461467412,0.02579508918323747,0.0854316664883424,0.0,0.0,0.10277302943743401,0.0831507074449655
1997-03-31,IdioVol3F,0.0831507074449655,0.025693032321846967,0.0304811719154402,0.0870262030709872,0.0,0.0,0.0831507074449655,0.0767119885517795
1997-04-30,IdioVol3F,0.0767119885517795,0.04517011383289083,0.04779860339279824,0.0711848813548238,0.0,0.0,0.0767119885517795,-0.12215790875259
1997-05-31,IdioVol3F,-0.12215790875259,0.058397966608093904,0.043351643661370266,0.0802236332838922,0.0,0.0,-0.12215790875259,0.039149623129178496
1997-06-30,IdioVol3F,0.039149623129178496,0.035413042583771266,0.03572442429588856,0.07537067198376994,0.0,0.0,0.039149623129178496,0.0228137414732709
1997-07-31,IdioVol3F,0.0228137414732709,0.027343128594593955,0.026965679667817054,0.06956647465555858,0.0,0.0,0.0228137414732709,-0.0847649197976065
1997-08-31,IdioVol3F,-0.0847649197976065,0.034868148974552815,0.024898726576872893,0.07268272654211598,0.0,0.0,-0.0847649197976065,-0.017128745877362298
1997-09-30,IdioVol3F,-0.017128745877362298,0.028034440858897877,0.024270841964209547,0.07303945788801595,0.0,0.0,-0.017128745877362298,0.0595703582811838
1997-10-31,IdioVol3F,0.0595703582811838,0.015312565305706667,0.019000714720329784,0.06734228325166103,0.0,0.0,0.0595703582811838,0.0997841276884138
1997-11-30,IdioVol3F,0.0997841276884138,0.016126536984099583,0.02309800287612579,0.07084538363110093,0.0,0.0,0.0997841276884138,0.09407397598207719
1997-12-31,IdioVol3F,0.09407397598207719,0.023646612871660987,0.029515559797529022,0.07368033090951287,0.0,0.0,0.09407397598207719,0.0119319748573078
1998-01-31,IdioVol3F,0.0119319748573078,0.03217963432370403,0.03049232936817103,0.07333340045380915,0.0,0.0,0.0119319748573078,-0.0130629971184282
1998-02-28,IdioVol3F,-0.0130629971184282,0.023921356634601643,0.02083932715518251,0.07052405475211346,0.0,0.0,-0.0130629971184282,0.0105659483223407
1998-03-31,IdioVol3F,0.0105659483223407,0.015174656219747673,0.014790597228297111,0.06775212434090126,0.0,0.0,0.0105659483223407,-0.027489011827639097
1998-04-30,IdioVol3F,-0.027489011827639097,0.009161379835253235,0.006107180530012228,0.06574215460388254,0.0,0.0,-0.027489011827639097,0.064382060108505
1998-05-31,IdioVol3F,0.064382060108505,0.017767643192066952,0.02165217793510348,0.05358646788211564,0.0,0.0,0.064382060108505,0.0338410517024134
1998-06-30,IdioVol3F,0.0338410517024134,0.020061501099278452,0.021209796982873053,0.05345062682292895,0.0,0.0,0.0338410517024134,0.0786584698677027
1998-07-31,IdioVol3F,0.0786584698677027,0.02106398384738232,0.0258635243490757,0.05597447131011576,0.0,0.0,0.0786584698677027,0.155085960204486
1998-08-31,IdioVol3F,0.155085960204486,0.0359206556351377,0.04585109768258341,0.05570237798405066,0.0,0.0,0.155085960204486,0.0482365707813118
1998-09-30,IdioVol3F,0.0482365707813118,0.05157653800621482,0.05129820740413959,0.05206070039264832,0.0,0.0,0.0482365707813118,-0.0211331062652798
1998-10-31,IdioVol3F,-0.0211331062652798,0.05054619368804463,0.044572918691934284,0.055961508199588776,0.0,0.0,-0.0211331062652798,-0.0803228741786414
1998-11-30,IdioVol3F,-0.0803228741786414,0.0395537178740725,0.029564001869679685,0.06345797812689447,0.0,0.0,-0.0803228741786414,-0.0404273574296835
1998-12-31,IdioVol3F,-0.0404273574296835,0.02369945876855262,0.01835555741869963,0.06290379939381424,0.0,0.0,-0.0404273574296835,-0.172674266493142
1999-01-31,IdioVol3F,-0.172674266493142,0.018939519469735232,0.0029717039728288145,0.08374036911174663,0.0,0.0,-0.172674266493142,0.0620367289844378
1999-02-28,IdioVol3F,0.0620367289844378,0.004429404072033975,0.009230014481400982,0.08522617595346613,0.0,0.0,0.0620367289844378,-0.0597294596603928
1999-03-31,IdioVol3F,-0.0597294596603928,0.00910856595040644,0.0033720638161731883,0.08751121957518222,0.0,0.0,-0.0597294596603928,-0.11878657618823199
1999-04-30,IdioVol3F,-0.11878657618823199,0.006177616147428831,-0.004236066547209552,0.09415464678979005,0.0,0.0,-0.11878657618823199,0.0527976719668019
1999-05-31,IdioVol3F,0.0527976719668019,-0.01047407806136544,-0.005201432225684811,0.09344385260467095,0.0,0.0,0.0527976719668019,-0.035450530523710805
1999-06-30,IdioVol3F,-0.035450530523710805,-0.008750748946421033,-0.010975730744528496,0.09295153752045854,0.0,0.0,-0.035450530523710805,0.058215323392917205
1999-07-31,IdioVol3F,0.058215323392917205,-0.019124294436549533,-0.012679326284093953,0.09133263720235024,0.0,0.0,0.058215323392917205,-0.0159107665388926
1999-08-31,IdioVol3F,-0.0159107665388926,-0.027930715964873967,-0.02692905351270884,0.07458171293295046,0.0,0.0,-0.0159107665388926,-0.0616258846981392
1999-09-30,IdioVol3F,-0.0616258846981392,-0.03376229208489255,-0.03608425813599642,0.07118154555437968,0.0,0.0,-0.0616258846981392,0.00223915396752176
1999-10-31,IdioVol3F,0.00223915396752176,-0.037443453760607044,-0.03413656978326296,0.071943514330578,0.0,0.0,0.00223915396752176,-0.198450765848573
1999-11-30,IdioVol3F,-0.198450765848573,-0.029937814838228573,-0.04398056075575726,0.08561950298865265,0.0,0.0,-0.198450765848573,-0.19969435120579
1999-12-31,IdioVol3F,-0.19969435120579,-0.044303579239945795,-0.05725281023709946,0.09665215052828426,0.0,0.0,-0.19969435120579,-0.00848637169326793
2000-01-31,IdioVol3F,-0.00848637169326793,-0.046759950577459256,-0.04357048567044328,0.09023585314284056,0.0,0.0,-0.00848637169326793,-0.308706203677155
2000-02-29,IdioVol3F,-0.308706203677155,-0.05317114154815978,-0.07446573005890936,0.11170475402208313,0.0,0.0,-0.308706203677155,0.335277529861663
2000-03-31,IdioVol3F,0.335277529861663,-0.07580539100422906,-0.04154848093207138,0.16290747811581854,0.0,0.0,0.335277529861663,0.224535964902689
2000-04-30,IdioVol3F,0.224535964902689,-0.034526835908784075,-0.01293826917449463,0.17759504217108552,0.0,0.0,0.224535964902689,0.18953014711916702
2000-05-31,IdioVol3F,0.18953014711916702,-0.018914263823703422,-0.0015438962451308675,0.18636578252715238,0.0,0.0,0.18953014711916702,-0.20690671965929097
2000-06-30,IdioVol3F,-0.20690671965929097,0.0015385250529218362,-0.015831912006429215,0.19554788172682444,0.0,0.0,-0.20690671965929097,0.120746517362673
2000-07-31,IdioVol3F,0.120746517362673,-0.02256347886091527,-0.010620979175616233,0.19851117279602057,0.0,0.0,0.120746517362673,-0.0760636327241183
2000-08-31,IdioVol3F,-0.0760636327241183,-0.0101400894153184,-0.01563371802438504,0.1994143177629056,0.0,0.0,-0.0760636327241183,0.11988417235675901
2000-09-30,IdioVol3F,0.11988417235675901,-0.01145261196313468,-0.000507879936476856,0.20246909952811115,0.0,0.0,0.11988417235675901,0.0635932991446653
2000-10-31,IdioVol3F,0.0635932991446653,-0.0007576102913858392,0.004604965494951772,0.2033176689554865,0.0,0.0,0.0635932991446653,0.354224948128314
2000-11-30,IdioVol3F,0.354224948128314,0.023064577435272186,0.050661274993025696,0.21537855006192136,0.0,0.0,0.354224948128314,0.011327207405553099
2000-12-31,IdioVol3F,0.011327207405553099,0.07342087737473618,0.06824640487730428,0.2012292916237916,0.0,0.0,0.011327207405553099,-0.24611241024038702
2001-01-31,IdioVol3F,-0.24611241024038702,0.07522211183826538,0.04844423499837769,0.2202588436653041,0.0,0.0,-0.24611241024038702,0.28421405672342503
2001-02-28,IdioVol3F,0.28421405672342503,0.08091245669615338,0.09785425669842603,0.19826252348336026,0.0,0.0,0.28421405672342503,0.236133197985911
2001-03-31,IdioVol3F,0.236133197985911,0.07627032277449537,0.08959222904211335,0.18933386388503542,0.0,0.0,0.236133197985911,-0.189298776084069
2001-04-30,IdioVol3F,-0.189298776084069,0.07732461669115193,0.05510600062655019,0.19991343891301985,0.0,0.0,-0.189298776084069,0.053189389355763304
2001-05-31,IdioVol3F,0.053189389355763304,0.04288562367267591,0.043744270812933216,0.19540260746016164,0.0,0.0,0.053189389355763304,-0.018370375147512802
2001-06-30,IdioVol3F,-0.018370375147512802,0.06653072449222631,0.05945563285558139,0.18042226139501258,0.0,0.0,-0.018370375147512802,0.142952468835637
2001-07-31,IdioVol3F,0.142952468835637,0.053883734264027594,0.06130612881166173,0.18122015078286555,0.0,0.0,0.142952468835637,0.147605505112707
2001-08-31,IdioVol3F,0.147605505112707,0.07379428895127807,0.07994522363139718,0.17726618768101599,0.0,0.0,0.147605505112707,0.219033306212009
2001-09-30,IdioVol3F,0.219033306212009,0.07631441011090973,0.08820765145266801,0.1815557707385646,0.0,0.0,0.219033306212009,-0.0939638717267092
2001-10-31,IdioVol3F,-0.0939638717267092,0.0904453198443046,0.0750778872133868,0.1890404924837339,0.0,0.0,-0.0939638717267092,-0.0970614407714905
2001-11-30,IdioVol3F,-0.0970614407714905,0.04970088167566613,0.0374706881384031,0.17263641123836396,0.0,0.0,-0.0970614407714905,-0.0454801216216589
2001-12-31,IdioVol3F,-0.0454801216216589,0.039847368205025796,0.03273674405280209,0.17419035248142414,0.0,0.0,-0.0454801216216589,0.0586162949934897
2002-01-31,IdioVol3F,0.0586162949934897,0.05808666717036471,0.05813080282229182,0.15043563091327797,0.0,0.0,0.0586162949934897,0.19082574285428
2002-02-28,IdioVol3F,0.19082574285428,0.03757777974037059,0.0503484433331964,0.13970982835082746,0.0,0.0,0.19082574285428,-0.103223122220088
2002-03-31,IdioVol3F,-0.103223122220088,0.033458920182949596,0.02206874998269648,0.1328630722104296,0.0,0.0,-0.103223122220088,0.0718696597552364
2002-04-30,IdioVol3F,0.0718696597552364,0.04128397962512968,0.04383278630263859,0.11532498575941061,0.0,0.0,0.0718696597552364,0.0498706280241041
2002-05-31,IdioVol3F,0.0498706280241041,0.04298218602508178,0.04355622285833366,0.11530448521134494,0.0,0.0,0.0498706280241041,0.135359260290824
2002-06-30,IdioVol3F,0.135359260290824,0.049185913586137865,0.056367025811528394,0.11633410407566822,0.0,0.0,0.135359260290824,0.07857839649639681
2002-07-31,IdioVol3F,0.07857839649639681,0.04849562190024577,0.05100251978325838,0.11342632066951647,0.0,0.0,0.07857839649639681,-0.051926650407261105
2002-08-31,IdioVol3F,-0.051926650407261105,0.04222043020785394,0.03437484015659437,0.11259959348029606,0.0,0.0,-0.051926650407261105,0.101817879606781
2002-09-30,IdioVol3F,0.101817879606781,0.017587706878829382,0.024606887939492037,0.09943943463662183,0.0,0.0,0.101817879606781,-0.07561364988132001
2002-10-31,IdioVol3F,-0.07561364988132001,0.03538604790914668,0.02613607309327447,0.09757388018401937,0.0,0.0,-0.07561364988132001,-0.24995577168923
2002-11-30,IdioVol3F,-0.24995577168923,0.03733584708098036,0.013394878850129513,0.12203885595835601,0.0,0.0,-0.24995577168923,0.105150422463893
2002-12-31,IdioVol3F,0.105150422463893,0.01874715162029207,0.025947424190592167,0.12317405400078812,0.0,0.0,0.105150422463893,-0.0500498485477799
2003-01-31,IdioVol3F,-0.0500498485477799,0.022977526844874193,0.016891912228819705,0.12454083892089965,0.0,0.0,-0.0500498485477799,0.0294906909670308
2003-02-28,IdioVol3F,0.0294906909670308,0.0010797458083232916,0.003447324571548936,0.11214896533900219,0.0,0.0,0.0294906909670308,-0.00521662063805206
2003-03-31,IdioVol3F,-0.00521662063805206,0.013144637916243181,0.011614533036718597,0.10713090331297795,0.0,0.0,-0.00521662063805206,-0.129786593314619
2003-04-30,IdioVol3F,-0.129786593314619,0.00613679424412605,-0.005190154719102686,0.11250137888525287,0.0,0.0,-0.129786593314619,-0.1645715296131
2003-05-31,IdioVol3F,-0.1645715296131,-0.010195680423030595,-0.02306033452220303,0.11975762481490387,0.0,0.0,-0.1645715296131,-0.0549239128824572
2003-06-30,IdioVol3F,-0.0549239128824572,-0.03746211586884187,-0.03891726561997646,0.10898790097716937,0.0,0.0,-0.0549239128824572,-0.048112688576358795
2003-07-31,IdioVol3F,-0.048112688576358795,-0.04959868944873769,-0.0494748560427061,0.10251552465769824,0.0,0.0,-0.048112688576358795,-0.05599806828594241
2003-08-31,IdioVol3F,-0.05599806828594241,-0.049251965645928396,-0.049814140865929536,0.10253111296592478,0.0,0.0,-0.05599806828594241,-0.0191928257945569
2003-09-30,IdioVol3F,-0.0191928257945569,-0.06359886999981233,-0.059898366316041035,0.09163366613128762,0.0,0.0,-0.0191928257945569,-0.0533650559016236
2003-10-31,IdioVol3F,-0.0533650559016236,-0.05846970417374297,-0.058044316817733,0.0915117878488345,0.0,0.0,-0.0533650559016236,-0.00391992057402407
2003-11-30,IdioVol3F,-0.00391992057402407,-0.0405978209203242,-0.03754132922479917,0.06952661637048234,0.0,0.0,-0.00391992057402407,0.0265037155854845
2003-12-31,IdioVol3F,0.0265037155854845,-0.05051330665104393,-0.044095221464666545,0.05752378476143015,0.0,0.0,0.0265037155854845,-0.05364120032961751
2004-01-31,IdioVol3F,-0.05364120032961751,-0.04355389172983808,-0.04439450077981968,0.057566907521566256,0.0,0.0,-0.05364120032961751,0.0185327213087654
2004-02-29,IdioVol3F,0.0185327213087654,-0.05111133639316974,-0.045307664918008465,0.05636266055479069,0.0,0.0,0.0185327213087654,-0.010650970085618
2004-03-31,IdioVol3F,-0.010650970085618,-0.04895230530709543,-0.04576052737197229,0.05603211595746726,0.0,0.0,-0.010650970085618,0.0784090927699849
2004-04-30,IdioVol3F,0.0784090927699849,-0.03812179410445897,-0.028410886864921964,0.059757976040551934,0.0,0.0,0.0784090927699849,-0.0642041990052526
2004-05-31,IdioVol3F,-0.0642041990052526,-0.016032646615087617,-0.020046942647601346,0.04388326095348444,0.0,0.0,-0.0642041990052526,-0.00258942734198611
2004-06-30,IdioVol3F,-0.00258942734198611,-0.016876308989887196,-0.015685735519228753,0.042686240882547626,0.0,0.0,-0.00258942734198611,0.0868104216573505
2004-07-31,IdioVol3F,0.0868104216573505,-0.012737830695853318,-0.0044421429997529805,0.05043465731741893,0.0,0.0,0.0868104216573505,0.0458223539627072
2004-08-31,IdioVol3F,0.0458223539627072,0.00024475929899149415,0.004042892187634488,0.049529383017631656,0.0,0.0,0.0458223539627072,-0.0549312895545886
2004-09-30,IdioVol3F,-0.0549312895545886,0.006155230186015503,0.0010646868742985125,0.052063227855906204,0.0,0.0,-0.0549312895545886,-0.0021855648629167403
2004-10-31,IdioVol3F,-0.0021855648629167403,0.006012845308473231,0.005329644460857419,0.04921757402471061,0.0,0.0,-0.0021855648629167403,-0.072151863314778
2004-11-30,IdioVol3F,-0.072151863314778,0.006170514009482986,-0.00035635076753874384,0.05408404958501651,0.0,0.0,-0.072151863314778,-0.013885661678692601
2004-12-31,IdioVol3F,-0.013885661678692601,-0.0027981749814499687,-0.0037221322062201685,0.053514285168105066,0.0,0.0,-0.013885661678692601,0.0668230834206474
2005-01-31,IdioVol3F,0.0668230834206474,0.0008159648959068411,0.006316558106301907,0.05458685850411428,0.0,0.0,0.0668230834206474,0.006343641410633229
2005-02-28,IdioVol3F,0.006343641410633229,0.005205997815168841,0.005300801448124226,0.05445211514873554,0.0,0.0,0.006343641410633229,0.0207431252764266
2005-03-31,IdioVol3F,0.0207431252764266,0.006750962496646226,0.007916976061627943,0.054370141539047,0.0,0.0,0.0207431252764266,0.0225161853120205
2005-04-30,IdioVol3F,0.0225161853120205,0.0015086018154136535,0.003259233773464244,0.050000817115843935,0.0,0.0,0.0225161853120205,-0.061475538340955295
2005-05-31,IdioVol3F,-0.061475538340955295,0.009392273116983936,0.003486622162155686,0.049671241292978695,0.0,0.0,-0.061475538340955295,-0.037101425528986
2005-06-30,IdioVol3F,-0.037101425528986,0.0040389902988958275,0.0006106223132390284,0.05103543248983398,0.0,0.0,-0.037101425528986,-0.021872021528661
2005-07-31,IdioVol3F,-0.021872021528661,-0.007225723081680218,-0.008446247952261931,0.0434234018837682,0.0,0.0,-0.021872021528661,-0.00665480839668346
2005-08-31,IdioVol3F,-0.00665480839668346,-0.013379757217259146,-0.012819344815544488,0.03996606575415489,0.0,0.0,-0.00665480839668346,-0.00881062617026286
2005-09-30,IdioVol3F,-0.00881062617026286,-0.008990986202904134,-0.008975956200184008,0.03770163347487057,0.0,0.0,-0.00881062617026286,0.0387875003294947
2005-10-31,IdioVol3F,0.0387875003294947,-0.009593264503571963,-0.005561534100816387,0.040148456167857095,0.0,0.0,0.0387875003294947,-0.00741582728554381
2005-11-30,IdioVol3F,-0.00741582728554381,0.0004921321913619205,-0.0001668644317135379,0.03431249545469359,0.0,0.0,-0.00741582728554381,-0.0264807449180436
2005-12-31,IdioVol3F,-0.0264807449180436,0.001080298954375447,-0.0012164547016594543,0.034956877355783275,0.0,0.0,-0.0264807449180436,-0.086860745052388
2006-01-31,IdioVol3F,-0.086860745052388,-0.007401867258232825,-0.014023440407745738,0.03590284256461175,0.0,0.0,-0.086860745052388,0.0339731677434758
2006-02-28,IdioVol3F,0.0339731677434758,-0.015874993300325664,-0.011720979880008855,0.03814374203988262,0.0,0.0,0.0339731677434758,-0.0481711738300454
2006-03-31,IdioVol3F,-0.0481711738300454,-0.014672262166957556,-0.017463838138881523,0.03799919746576636,0.0,0.0,-0.0481711738300454,0.0143518930457663
2006-04-30,IdioVol3F,0.0143518930457663,-0.02109838572532718,-0.018144195827736038,0.03728467016827431,0.0,0.0,0.0143518930457663,0.0603430622519353
2006-05-31,IdioVol3F,0.0603430622519353,-0.014204982871988854,-0.00799264577832849,0.04082959014013616,0.0,0.0,0.0603430622519353,0.0205238946426065
2006-06-30,IdioVol3F,0.0205238946426065,-0.005346393073723283,-0.0031905357640291143,0.04048204835935403,0.0,0.0,0.0205238946426065,0.0611789285242623
2006-07-31,IdioVol3F,0.0611789285242623,-0.001492218876335328,0.0037303767403811597,0.0439487307674035,0.0,0.0,0.0611789285242623,-0.019319348774328
2006-08-31,IdioVol3F,-0.019319348774328,0.0046744844801142865,0.0026749983755774477,0.044370825991431155,0.0,0.0,-0.019319348774328,0.0117967521918148
2006-09-30,IdioVol3F,0.0117967521918148,0.00371914606156291,0.004392279905750587,0.04428458621852944,0.0,0.0,0.0117967521918148,-0.0278875515957696
2006-10-31,IdioVol3F,-0.0278875515957696,0.001265441685410192,-0.0011639744213547715,0.04375641576854645,0.0,0.0,-0.0278875515957696,-0.0234935165647499
2006-11-30,IdioVol3F,-0.0234935165647499,-0.0005956241609739707,-0.002503781861288612,0.044209053896226314,0.0,0.0,-0.0234935165647499,0.0287492835015655
2006-12-31,IdioVol3F,0.0287492835015655,-0.00032405794703817964,0.0020987205070121463,0.04436061716816059,0.0,0.0,0.0287492835015655,-0.0026571524212581897
2007-01-31,IdioVol3F,-0.0026571524212581897,0.010185944648775775,0.009115686559606297,0.03459438469231386,1.0,0.08487337440109514,-0.0026571524212581897,-0.00551948931026372
2007-02-28,IdioVol3F,-0.00551948931026372,0.0068559155428908666,0.005824631805128003,0.03388591485318414,1.0,0.16153319644079397,-0.00551948931026372,0.00173426923751724
2007-03-31,IdioVol3F,0.00173426923751724,0.010733341408325565,0.00998341872742489,0.02942547661708994,1.0,0.2464065708418891,0.00173426923751724,0.0178231978321787
2007-04-30,IdioVol3F,0.0178231978321787,0.009586284698484741,0.01027269412629259,0.029489319824821357,1.0,0.32854209445585214,0.0178231978321787,-0.016008866018680602
2007-05-31,IdioVol3F,-0.016008866018680602,0.005720842478506869,0.003910033437074599,0.02569700556998041,1.0,0.4134154688569473,-0.016008866018680602,-0.0058338826550422196
2007-06-30,IdioVol3F,-0.0058338826550422196,0.0023996824183898603,0.0017135519956038715,0.02527076319292258,1.0,0.49555099247091033,-0.0058338826550422196,0.0011033474884267799
2007-07-31,IdioVol3F,0.0011033474884267799,-0.003692391325183279,-0.0032927464240490884,0.0170246112045487,1.0,0.5804243668720055,0.0011033474884267799,0.032466016396083
2007-08-31,IdioVol3F,0.032466016396083,-0.0018357825740237532,0.0010227006734851616,0.01903721566979123,1.0,0.6652977412731006,0.032466016396083,0.00479316336029477
2007-09-30,IdioVol3F,0.00479316336029477,4.324144454608307e-05,0.00043906827085849246,0.018782535569018377,1.0,0.7474332648870636,0.00479316336029477,-0.025532062956652602
2007-10-31,IdioVol3F,-0.025532062956652602,0.003014215531461026,0.0006353589907849089,0.018469286470499776,1.0,0.8323066392881588,-0.025532062956652602,0.0529685583210824
2007-11-30,IdioVol3F,0.0529685583210824,0.0028288931321971437,0.007007198564604268,0.022200771919297858,1.0,0.9144421629021219,0.0529685583210824,-0.025748690734935
2007-12-31,IdioVol3F,-0.025748690734935,0.005030645388516861,0.002465700711562559,0.022911578266629876,1.0,0.999315537303217,-0.025748690734935,0.0262363204364103
2008-01-31,IdioVol3F,0.0262363204364103,0.0029314146327280616,0.004873490116368266,0.02382430757443694,1.0,1.0841889117043122,0.0262363204364103,0.048148205111774596
2008-02-29,IdioVol3F,0.048148205111774596,0.005818306427880246,0.00934579798487146,0.02657449636902106,1.0,1.163586584531143,0.048148205111774596,0.04076301030541939
2008-03-31,IdioVol3F,0.04076301030541939,0.010037755143721823,0.012598193073863305,0.027912869961367052,1.0,1.2484599589322383,0.04076301030541939,-0.037125272066905704
2008-04-30,IdioVol3F,-0.037125272066905704,0.012123192641289159,0.008019153915606272,0.031281598598724134,1.0,1.3305954825462012,-0.037125272066905704,-0.0314608276724739
2008-05-31,IdioVol3F,-0.0314608276724739,0.010203519364177786,0.0067314904444568295,0.032648748823948644,1.0,1.4154688569472964,-0.0314608276724739,-0.0150574413852099
2008-06-30,IdioVol3F,-0.0150574413852099,0.007873797089865815,0.0059628605502761904,0.03307722127996254,1.0,1.4976043805612593,-0.0150574413852099,0.0623496353206772
2008-07-31,IdioVol3F,0.0623496353206772,0.006404634464989753,0.011066717869630392,0.036777450392392025,1.0,1.5824777549623545,0.0623496353206772,0.0218431042549769
2008-08-31,IdioVol3F,0.0218431042549769,0.009121327094498316,0.010181475191204882,0.03634079363460071,1.0,1.6673511293634498,0.0218431042549769,0.18753099793988098
2008-09-30,IdioVol3F,0.18753099793988098,0.0106713217212876,0.02540962807283707,0.06264491979292255,1.0,1.7494866529774127,0.18753099793988098,0.135392340354251
2008-10-31,IdioVol3F,0.135392340354251,0.03004069089369974,0.03881999501541237,0.06776384900513412,1.0,1.834360027378508,0.135392340354251,0.067724503559248
2008-11-30,IdioVol3F,0.067724503559248,0.03753376198762416,0.04004965711859284,0.06817655921861794,1.0,1.9164955509924708,0.067724503559248,0.021636447999458
2008-12-31,IdioVol3F,0.021636447999458,0.04603132510527716,0.043998418679792255,0.06533200981503602,1.0,2.001368925393566,0.021636447999458,0.0398998750584575
2009-01-31,IdioVol3F,0.0398998750584575,0.045613154883736046,0.04513704823162951,0.06511300300940052,1.0,2.086242299794661,0.0398998750584575,0.0621904421532097
2009-02-28,IdioVol3F,0.0621904421532097,0.04486330669707085,0.04630723465174911,0.06529795619335192,1.0,2.16290212183436,0.0621904421532097,-0.180999163918289
2009-03-31,IdioVol3F,-0.180999163918289,0.046811255046869976,0.02782705346644007,0.09265837015662051,1.0,2.2477754962354553,-0.180999163918289,-0.295877245917874
2009-04-30,IdioVol3F,-0.295877245917874,0.033731810333107855,0.0062643889788593825,0.13122762874657792,1.0,2.329911019849418,-0.295877245917874,-0.072343580786823
2009-05-31,IdioVol3F,-0.072343580786823,0.009693954128980574,0.0028574928859969573,0.13281714486068574,1.0,2.414784394250513,-0.072343580786823,0.0284427447935755
2009-06-30,IdioVol3F,0.0284427447935755,0.00448612327428847,0.006482508400895741,0.13287735461142072,1.0,2.4969199178644765,0.0284427447935755,-0.0434626279628959
2009-07-31,IdioVol3F,-0.0434626279628959,0.001403678680915589,-0.0023351802060686843,0.13234275961289302,1.0,2.5817932922655715,-0.0434626279628959,-0.132669156512079
2009-08-31,IdioVol3F,-0.132669156512079,-0.0045332060661637565,-0.015211201936656676,0.1372037366819847,1.0,2.6666666666666665,-0.132669156512079,-0.0449429864242998
2009-09-30,IdioVol3F,-0.0449429864242998,-0.033642311016341936,-0.03458403396700507,0.1214867815114138,1.0,2.74880219028063,-0.0449429864242998,0.109546752897899
2009-10-31,IdioVol3F,0.109546752897899,-0.050036431632573826,-0.036737832921701075,0.11838898466790489,1.0,2.833675564681725,0.109546752897899,-0.0008665571316652889
2009-11-30,IdioVol3F,-0.0008665571316652889,-0.04623440896542374,-0.04245375464594384,0.11447817423879435,1.0,2.915811088295688,-0.0008665571316652889,-0.029588223906501
2009-12-31,IdioVol3F,-0.029588223906501,-0.04828013670461677,-0.04672247730477377,0.11281403847037515,1.0,3.0006844626967832,-0.029588223906501,0.0187219951528249
2010-01-31,IdioVol3F,0.0187219951528249,-0.05459723661052208,-0.048487300630243146,0.11149368178830105,1.0,3.0855578370978782,0.0187219951528249,-0.0276091745337236
2010-02-28,IdioVol3F,-0.0276091745337236,-0.05854891361055706,-0.05597060202082093,0.10628161034425801,1.0,3.162217659137577,-0.0276091745337236,-0.035850709902745
2010-03-31,IdioVol3F,-0.035850709902745,-0.04460436912105112,-0.04387489751952559,0.09875156322406324,1.0,3.247091033538672,-0.035850709902745,-0.047497785520453
2010-04-30,IdioVol3F,-0.047497785520453,-0.020965593119675753,-0.023176609153073843,0.05926634462302969,1.0,3.3292265571526354,-0.047497785520453,0.0232207882109331
2010-05-31,IdioVol3F,0.0232207882109331,-0.01870688445909666,-0.015212911736594165,0.05847437458856163,1.0,3.4140999315537304,0.0232207882109331,0.0573011432310892
2010-06-30,IdioVol3F,0.0573011432310892,-0.019181607784791426,-0.01280804520013469,0.06097305555648443,1.0,3.4962354551676933,0.0573011432310892,-0.0572989375884271
2010-07-31,IdioVol3F,-0.0572989375884271,-0.0100212649489746,-0.013961071002262291,0.061731552991362,1.0,3.5811088295687883,-0.0572989375884271,0.025251752914979702
2010-08-31,IdioVol3F,0.025251752914979702,-0.003169426865006246,-0.000800995216674066,0.0498054541007018,1.0,3.6659822039698837,0.025251752914979702,-0.059211306819815596
2010-09-30,IdioVol3F,-0.059211306819815596,0.003211913074928255,-0.001990021916300382,0.0511083515145129,1.0,3.7481177275838466,-0.059211306819815596,-0.0129470289251343
2010-10-31,IdioVol3F,-0.0129470289251343,-0.012129728717591255,-0.012197837068219823,0.03712620922349047,1.0,3.8329911019849416,-0.0129470289251343,-0.03550840118523
2010-11-30,IdioVol3F,-0.03550840118523,-0.013227953426088436,-0.015084657406016883,0.03750986444665448,1.0,3.915126625598905,-0.03550840118523,-0.00714415230961383
2010-12-31,IdioVol3F,-0.00714415230961383,-0.013766151360518347,-0.013214318106276287,0.03727978905235446,1.0,4.0,-0.00714415230961383,0.023087944545779702
2011-01-31,IdioVol3F,0.023087944545779702,-0.01611761931164914,-0.012850488990196718,0.03763937384663644,1.0,4.084873374401095,0.023087944545779702,-0.00879235183750336
2011-02-28,IdioVol3F,-0.00879235183750336,-0.011508790304421567,-0.011282420432178366,0.03735954388151229,1.0,4.161533196440794,-0.00879235183750336,0.0101603602085175
2011-03-31,IdioVol3F,0.0101603602085175,-0.009048939571217782,-0.007448164589573158,0.03696787854964937,1.0,4.246406570841889,0.0101603602085175,0.0226619584540424
2011-04-30,IdioVol3F,0.0226619584540424,-0.0038072899594931912,-0.0016015192583652077,0.0355800157424018,1.0,4.328542094455853,0.0226619584540424,0.0187101666411352
2011-05-31,IdioVol3F,0.0187101666411352,-0.003858092664665073,-0.0019774043891816993,0.035316793433829895,1.0,4.413415468856948,0.0187101666411352,0.0334147374120803
2011-06-30,IdioVol3F,0.0334147374120803,-0.0073663632637518,-0.003967938207432441,0.032208335563750384,1.0,4.4955509924709105,0.0334147374120803,-0.00387027488881589
2011-07-31,IdioVol3F,-0.00387027488881589,0.0008803344635670544,0.00048445035086849294,0.02751706008728157,1.0,4.5804243668720055,-0.00387027488881589,0.0774889037942238
2011-08-31,IdioVol3F,0.0774889037942238,-0.001767122609505272,0.004837546257472168,0.0349258276409519,1.0,4.6652977412731005,0.0774889037942238,0.12272847196629601
2011-09-30,IdioVol3F,0.12272847196629601,0.01066016926449831,0.019999194489648136,0.04312292752230405,1.0,4.747433264887063,0.12272847196629601,-0.065099388231965
2011-10-31,IdioVol3F,-0.065099388231965,0.022994305709173792,0.015653164547412245,0.048975982135827205,1.0,4.832306639288158,-0.065099388231965,0.0456542559182161
2011-11-30,IdioVol3F,0.0456542559182161,0.02030421597765243,0.022416719306032753,0.046825329865757555,1.0,4.914442162902122,0.0456542559182161,0.0360633689899452
2011-12-31,IdioVol3F,0.0360633689899452,0.025104071271091512,0.026017346080996002,0.04599954391696309,1.0,4.999315537303217,0.0360633689899452,-0.08861170122858181
2012-01-31,IdioVol3F,-0.08861170122858181,0.026283655311470196,0.01670904226646588,0.056702606402462594,1.0,5.084188911704312,-0.08861170122858181,-0.0300417736498469
2012-02-29,IdioVol3F,-0.0300417736498469,0.019027350821372156,0.014938257115437248,0.057890751991959574,1.0,5.163586584531143,-0.0300417736498469,0.024101219633973398
2012-03-31,IdioVol3F,0.024101219633973398,0.015372611379702661,0.01609999540089191,0.057926023968880525,1.0,5.248459958932238,0.024101219633973398,0.0578680843515171
2012-04-30,IdioVol3F,0.0578680843515171,0.015503453305150934,0.019033839225681467,0.059166860658260295,1.0,5.330595482546201,0.0578680843515171,0.0625868338756953
2012-05-31,IdioVol3F,0.0625868338756953,0.019063264006094746,0.02269022816189481,0.06048607639937527,1.0,5.415468856947296,0.0625868338756953,0.0232059751672201
2012-06-30,IdioVol3F,0.0232059751672201,0.021715272775514292,0.021839497974823124,0.06039324602078939,1.0,5.49760438056126,0.0232059751672201,0.0509528361639253
2012-07-31,IdioVol3F,0.0509528361639253,0.024176750053335746,0.026408090562551556,0.060345155258746855,1.0,5.582477754962355,0.0509528361639253,-0.0318407903629302
2012-08-31,IdioVol3F,-0.0318407903629302,0.021764380268763154,0.017297282716122058,0.06018495448389386,1.0,5.66735112936345,-0.0318407903629302,-0.010787053506916899
2012-09-30,IdioVol3F,-0.010787053506916899,0.007712629147924407,0.006170988926687648,0.05048129943673035,1.0,5.749486652977413,-0.010787053506916899,0.028573696408735597
2012-10-31,IdioVol3F,0.028573696408735597,0.012650114122928779,0.013977079313412697,0.045450444139954235,1.0,5.834360027378508,0.028573696408735597,-0.015456913975559901
2012-11-30,IdioVol3F,-0.015456913975559901,0.01109733598570328,0.008884481822264697,0.044999872172052105,1.0,5.916495550992471,-0.015456913975559901,-0.013238061375991601
2012-12-31,IdioVol3F,-0.013238061375991601,0.006413673897930089,0.0047760292917699634,0.04454113101602382,1.0,6.0013689253935665,-0.013238061375991601,-0.0209838410796737
2013-01-31,IdioVol3F,-0.0209838410796737,0.01326582297543829,0.010411684304178973,0.03488189331657438,1.0,6.0862422997946615,-0.0209838410796737,0.030605742133388198
2013-02-28,IdioVol3F,0.030605742133388198,0.01408927139090858,0.015465643952781898,0.03282047435872983,1.0,6.16290212183436,0.030605742133388198,-0.0166828654591614
2013-03-31,IdioVol3F,-0.0166828654591614,0.014680591618128108,0.012066970195020663,0.03393759058086201,1.0,6.247775496235455,-0.0166828654591614,0.0020733082748755
2013-04-30,IdioVol3F,0.0020733082748755,0.007903232544430061,0.007417405521967197,0.030766082859342497,1.0,6.329911019849418,0.0020733082748755,-0.038470038112841304
2013-05-31,IdioVol3F,-0.038470038112841304,0.0024020029443555337,-0.0010040004770775202,0.027998410847823684,1.0,6.414784394250513,-0.038470038112841304,0.0166064478406166
2013-06-30,IdioVol3F,0.0166064478406166,-0.0032049073538318665,-0.0015539610876278119,0.02754070805060236,1.0,6.496919917864476,0.0166064478406166,-0.0218468049877661
2013-07-31,IdioVol3F,-0.0218468049877661,-0.006327306292314475,-0.0076205978502687614,0.022475407521505904,1.0,6.581793292265571,-0.0218468049877661,-0.0511196261159515
2013-08-31,IdioVol3F,-0.0511196261159515,-0.005418762167299557,-0.009227167496353869,0.02492016036394306,1.0,6.666666666666667,-0.0511196261159515,-0.006217656328496451
2013-09-30,IdioVol3F,-0.006217656328496451,-0.009085359677211793,-0.008846384398152165,0.02492906715627001,1.0,6.74880219028063,-0.006217656328496451,0.0382820092049619
2013-10-31,IdioVol3F,0.0382820092049619,-0.012248209926051069,-0.008037358331799974,0.026369767537851523,1.0,6.833675564681725,0.0382820092049619,0.0123999279770063
2013-11-30,IdioVol3F,0.0123999279770063,-0.0073628532732763615,-0.0057159548357527895,0.02687847556456375,1.0,6.915811088295688,0.0123999279770063,-0.0221388893690677
2013-12-31,IdioVol3F,-0.0221388893690677,-0.00503212696845837,-0.006457690501842465,0.027225498686017934,1.0,7.000684462696783,-0.0221388893690677,-0.0257608950354418
2014-01-31,IdioVol3F,-0.0257608950354418,-0.005137131358403279,-0.006855778331489807,0.027490839025095398,1.0,7.085557837097878,-0.0257608950354418,-0.029166608918222998
2014-02-28,IdioVol3F,-0.029166608918222998,-0.010261371101024187,-0.01183680758579074,0.02542348297089238,1.0,7.162217659137577,-0.029166608918222998,0.0516831350893261
2014-03-31,IdioVol3F,0.0516831350893261,-0.01139625687002979,-0.006139640873416781,0.031234733999244108,1.0,7.2470910335386725,0.0516831350893261,0.0675062252896673
2014-04-30,IdioVol3F,0.0675062252896673,-0.006886272614170643,-0.0006868977888507972,0.03781674337149662,1.0,7.329226557152635,0.0675062252896673,0.00090279970115986
2014-05-31,IdioVol3F,0.00090279970115986,0.0027479331496937766,0.002594172028982633,0.03590004214615832,1.0,7.41409993155373,0.00090279970115986,-0.0648728966013795
2014-06-30,IdioVol3F,-0.0648728966013795,0.0013203287733795277,-0.004195773341183709,0.04042857277813884,1.0,7.496235455167693,-0.0648728966013795,0.0333073139096248
2014-07-31,IdioVol3F,0.0333073139096248,-0.002591134100585327,0.00040040323359886624,0.04136378415026197,1.0,7.581108829568788,0.0333073139096248,-0.00734171765418334
2014-08-31,IdioVol3F,-0.00734171765418334,0.005084042265376155,0.004048562272079547,0.038217686613239946,1.0,7.665982203969883,-0.00734171765418334,0.039254157327116304
2014-09-30,IdioVol3F,0.039254157327116304,0.004981854872131892,0.007837880076713943,0.03934490702455102,1.0,7.748117727583847,0.039254157327116304,0.0369202705582321
2014-10-31,IdioVol3F,0.0369202705582321,0.0050702319741459285,0.007724401856153126,0.039250969538158334,1.0,7.832991101984942,0.0369202705582321,0.0346445933454291
2014-11-30,IdioVol3F,0.0346445933454291,0.007299354026984637,0.00957812397018836,0.04000980044000528,1.0,7.915126625598905,0.0346445933454291,0.0182077473018876
2014-12-31,IdioVol3F,0.0182077473018876,0.012461488819211618,0.012940343692767966,0.038778476515938506,1.0,8.0,0.0182077473018876,-0.0375526052132356
2015-01-31,IdioVol3F,-0.0375526052132356,0.0164586381226052,0.01195770117795182,0.039979128218532466,1.0,8.084873374401095,-0.0375526052132356,-0.022381326550357298
2015-02-28,IdioVol3F,-0.022381326550357298,0.0156962748230586,0.01252314137527396,0.039388231857302385,1.0,8.161533196440795,-0.022381326550357298,0.007554341568621909
2015-03-31,IdioVol3F,0.007554341568621909,0.008963141946723747,0.008845741915215278,0.037410092901221936,1.0,8.24640657084189,0.007554341568621909,-0.026055911963676
2015-04-30,IdioVol3F,-0.026055911963676,0.0035129706993559844,0.0010488971441033358,0.03363203185384486,1.0,8.328542094455852,-0.026055911963676,0.0158120467640827
2015-05-31,IdioVol3F,0.0158120467640827,0.0010621787298254514,0.0022913343993469057,0.03390046214627176,1.0,8.413415468856947,0.0158120467640827,0.0144740364917503
2015-06-30,IdioVol3F,0.0144740364917503,0.008397173581231106,0.00890357882377439,0.02655077067782624,1.0,8.49555099247091,0.0144740364917503,0.06862293596371939
2015-07-31,IdioVol3F,0.06862293596371939,0.006685057452333425,0.01184654732828227,0.03107367232166649,1.0,8.580424366872005,0.06862293596371939,-0.0010921482335906501
2015-08-31,IdioVol3F,-0.0010921482335906501,0.013590935053960947,0.01236734477999833,0.03077376361459144,1.0,8.6652977412731,-0.0010921482335906501,0.0824962333795908
2015-09-30,IdioVol3F,0.0824962333795908,0.009923089093896676,0.01597085111770454,0.036252406853305864,1.0,8.747433264887064,0.0824962333795908,0.053534482378934004
2015-10-31,IdioVol3F,0.053534482378934004,0.014066358441292922,0.017355368769429697,0.03742356158447023,1.0,8.83230663928816,0.053534482378934004,-0.011940141468972501
2015-11-30,IdioVol3F,-0.011940141468972501,0.01578362108070246,0.013473307534896228,0.0378804548053694,1.0,8.914442162902121,-0.011940141468972501,0.0263516888143696
2015-12-31,IdioVol3F,0.0263516888143696,0.013042903919715177,0.014151969327603063,0.03804558058363395,1.0,8.999315537303216,0.0263516888143696,0.0878601508365777
2016-01-31,IdioVol3F,0.0878601508365777,0.018852385194952012,0.024603032331754173,0.03973888020487745,1.0,9.084188911704311,0.0878601508365777,0.026565994476666098
2016-02-29,IdioVol3F,0.026565994476666098,0.028874337684673377,0.028681975750672786,0.036887586587996145,1.0,9.163586584531142,0.026565994476666098,-0.0428328820320246
2016-03-31,IdioVol3F,-0.0428328820320246,0.030602669767222847,0.024483040450618915,0.04202170408129638,1.0,9.248459958932239,-0.0428328820320246,-0.144758747386486
2016-04-30,IdioVol3F,-0.144758747386486,0.02907749067010025,0.014591137498718076,0.06348833813021657,1.0,9.330595482546201,-0.144758747386486,0.019075842914348398
2016-05-31,IdioVol3F,0.019075842914348398,0.014480145747321276,0.014863120511240219,0.0635010337281824,1.0,9.415468856947296,0.019075842914348398,-0.016861304376564298
2016-06-30,IdioVol3F,-0.016861304376564298,0.014898491785739286,0.012251842105547335,0.06415935882923834,1.0,9.49760438056126,-0.016861304376564298,-0.06025157842412859
2016-07-31,IdioVol3F,-0.06025157842412859,0.007127197209349856,0.0015122992398933371,0.0646498604184292,1.0,9.582477754962355,-0.06025157842412859,0.00487746446283546
2016-08-31,IdioVol3F,0.00487746446283546,0.0017490671920282247,0.002009766964595513,0.06465096531237163,1.0,9.66735112936345,0.00487746446283546,-0.0215701865937474
2016-09-30,IdioVol3F,-0.0215701865937474,-0.005307184527676806,-0.006662434699849337,0.05966015758015038,1.0,9.749486652977414,-0.0215701865937474,0.0440042448543534
2016-10-31,IdioVol3F,0.0440042448543534,-0.01213488170701148,-0.007456621160231055,0.05884382506649909,1.0,9.834360027378509,0.0440042448543534,0.000642253602755507
2016-11-30,IdioVol3F,0.000642253602755507,-0.007049028404890944,-0.0064080882375870535,0.058868767761717594,1.0,9.91649555099247,0.000642253602755507,0.021293758228178097
2016-12-31,IdioVol3F,0.021293758228178097,-0.009386249787764952,-0.0068295824531030115,0.05863051285360783,1.0,10.001368925393566,0.021293758228178097,-0.043532523623653605
2017-01-31,IdioVol3F,-0.043532523623653605,-0.015437740024892187,-0.01777897199145562,0.05112835731336539,1.0,10.08624229979466,-0.043532523623653605,0.0194564955948659
2017-02-28,IdioVol3F,0.0194564955948659,-0.02181033257946671,-0.018371430231605635,0.05060631477961844,1.0,10.16290212183436,0.0194564955948659,0.00106045474130305
2017-03-31,IdioVol3F,0.00106045474130305,-0.016147661886113027,-0.014713652167161665,0.05026264969347925,1.0,10.247775496235455,0.00106045474130305,0.0388317181647579
2017-04-30,IdioVol3F,0.0388317181647579,-0.0028913707835867453,0.0005855532954419923,0.03153103108806141,1.0,10.329911019849419,0.0388317181647579,0.0330139678055864
2017-05-31,IdioVol3F,0.0330139678055864,-0.0010953821244586083,0.0017470637030451593,0.03251543286246242,1.0,10.414784394250514,0.0330139678055864,-0.00656793174560548
2017-06-30,IdioVol3F,-0.00656793174560548,0.003438733528464182,0.002604844755625061,0.03211318823287571,1.0,10.496919917864476,-0.00656793174560548,-0.0221098231547633
2017-07-31,IdioVol3F,-0.0221098231547633,0.008319065044693557,0.005783324361405502,0.02676917753855481,1.0,10.581793292265571,-0.0221098231547633,0.0173697292626843
2017-08-31,IdioVol3F,0.0173697292626843,0.005865675261275488,0.0068243464280595715,0.02697287694915824,1.0,10.666666666666666,0.0173697292626843,-0.0337716426500288
2017-09-30,IdioVol3F,-0.0337716426500288,0.009405667611860187,0.005807558423369455,0.028336092515637998,1.0,10.74880219028063,-0.0337716426500288,0.0361303801402606
2017-10-31,IdioVol3F,0.0361303801402606,0.0023351323841890787,0.0051514030305283886,0.027448457008091554,1.0,10.833675564681725,0.0361303801402606,0.00173821801663157
2017-11-30,IdioVol3F,0.00173821801663157,0.00556132570578045,0.005242733398351394,0.027433909047546542,1.0,10.915811088295689,0.00173821801663157,-0.017557193507652
2017-12-31,IdioVol3F,-0.017557193507652,0.0037835493229125845,0.0020051540870322194,0.027659013413657955,1.0,11.000684462696784,-0.017557193507652,0.00343152256135228
2018-01-31,IdioVol3F,0.00343152256135228,0.0061449429698218205,0.005918824602449376,0.02366390401605041,1.0,11.085557837097879,0.00343152256135228,-0.0150979002394677
2018-02-28,IdioVol3F,-0.0150979002394677,0.004688127239502401,0.00303929161625491,0.023967245737479964,1.0,11.162217659137577,-0.0150979002394677,-0.014093419004805
2018-03-31,IdioVol3F,-0.014093419004805,0.0032191858776141513,0.0017764688040792385,0.024474838417214158,1.0,11.247091033538672,-0.014093419004805,-0.0022855379421368397
2018-04-30,IdioVol3F,-0.0022855379421368397,-0.0015921902287097491,-0.001649969204828657,0.02151472547627391,1.0,11.329226557152635,-0.0022855379421368397,-0.041009231059911
2018-05-31,IdioVol3F,-0.041009231059911,-0.004801236205775498,-0.007818569110286774,0.02128307266501037,1.0,11.41409993155373,-0.041009231059911,0.0114479048689687
2018-06-30,IdioVol3F,0.0114479048689687,-0.007932263416166908,-0.006317249392405592,0.022002575051234,1.0,11.496235455167694,0.0114479048689687,0.0421376666911597
2018-07-31,IdioVol3F,0.0421376666911597,-0.0048815608685549095,-0.000963291905245342,0.02536952641381002,1.0,11.58110882956879,0.0421376666911597,0.00108579214125672
2018-08-31,IdioVol3F,0.00108579214125672,-0.0026299301932389625,-0.002320286665364307,0.024727135330183017,1.0,11.665982203969884,0.00108579214125672,0.00274033769422725
2018-09-30,IdioVol3F,0.00274033769422725,0.0005389275150597203,0.0007223783633236973,0.02266569662391772,1.0,11.748117727583846,0.00274033769422725,0.0633400730059883
2018-10-31,IdioVol3F,0.0633400730059883,-0.0024965308891251297,0.0029898527688010062,0.027397119371294746,1.0,11.832991101984941,0.0633400730059883,0.0321794660599672
2018-11-30,IdioVol3F,0.0321794660599672,0.003103637746270937,0.005526623439078976,0.028651301918105363,1.0,11.915126625598905,0.0321794660599672,0.060632259346134705
2018-12-31,IdioVol3F,0.060632259346134705,0.007625152252418137,0.012042411176894535,0.031657500537911165,1.0,12.0,0.060632259346134705,-0.0731579791709144
2019-01-31,IdioVol3F,-0.0731579791709144,0.012825219232852902,0.005659952699205643,0.04013647235192243,1.0,12.084873374401095,-0.0731579791709144,-0.0210921316762317
2019-02-28,IdioVol3F,-0.0210921316762317,0.00754703023908502,0.005160433412808644,0.04045434224026807,1.0,12.161533196440795,-0.0210921316762317,0.0158899684780602
2019-03-31,IdioVol3F,0.0158899684780602,0.006910783632591685,0.007659049036380743,0.04008126630689321,1.0,12.24640657084189,0.0158899684780602,0.0344519516133712
2019-04-30,IdioVol3F,0.0344519516133712,0.008563102398064142,0.010720506499339748,0.040651603516580356,1.0,12.328542094455852,0.0344519516133712,0.0489970999272368
2019-05-31,IdioVol3F,0.0489970999272368,0.01542320991381707,0.018221034081602066,0.0384850838182913,1.0,12.413415468856947,0.0489970999272368,-0.0319114602077908
2019-06-30,IdioVol3F,-0.0319114602077908,0.01883677310093235,0.014607753658538771,0.04112380487444606,1.0,12.49555099247091,-0.0319114602077908,0.0312522928769317
2019-07-31,IdioVol3F,0.0312522928769317,0.012105034291936852,0.013700639174019771,0.040577771450544996,1.0,12.580424366872005,0.0312522928769317,0.0468324742815885
2019-08-31,IdioVol3F,0.0468324742815885,0.014847443449725484,0.017512862685714087,0.04142495783672298,1.0,12.6652977412731,0.0468324742815885,0.032434765372299196
2019-09-30,IdioVol3F,0.032434765372299196,0.018855819503121964,0.019987398325553418,0.04134912796165975,1.0,12.747433264887064,0.032434765372299196,0.0100503104348353
2019-10-31,IdioVol3F,0.0100503104348353,0.016046246081877498,0.015546584777957333,0.03906858262234958,1.0,12.83230663928816,0.0100503104348353,-0.0343714244091655
2019-11-30,IdioVol3F,-0.0343714244091655,0.014034504661410959,0.010000677238862941,0.04116040180649242,1.0,12.914442162902121,-0.0343714244091655,-0.0312849566200716
2019-12-31,IdioVol3F,-0.0312849566200716,0.005397806138201852,0.002340909241679082,0.03939640887278868,1.0,12.999315537303216,-0.0312849566200716,0.053970472338764106
2020-01-31,IdioVol3F,0.053970472338764106,0.009204444551914832,0.012934946867485623,0.03396732840438662,1.0,13.084188911704311,0.053970472338764106,-0.0112849005333667
2020-02-29,IdioVol3F,-0.0112849005333667,0.01602831764418718,0.013752216129391039,0.03318312437148622,1.0,13.163586584531142,-0.0112849005333667,0.0725620279021989
2020-03-31,IdioVol3F,0.0725620279021989,0.013557875006784735,0.018474887748069265,0.0372933062756005,1.0,13.248459958932239,0.0725620279021989,-0.14497137707809502
2020-04-30,IdioVol3F,-0.14497137707809502,0.017022427396678162,0.003522943690447082,0.05960123928338213,1.0,13.330595482546201,-0.14497137707809502,-0.0443880393879667
2020-05-31,IdioVol3F,-0.0443880393879667,-0.0006110705128974607,-0.004259151252486542,0.05921932758740389,1.0,13.415468856947296,-0.0443880393879667,-0.0433450968730124
2020-06-30,IdioVol3F,-0.0433450968730124,-0.0017453049838225417,-0.0052119543079216755,0.05979387571975802,1.0,13.49760438056126,-0.0433450968730124,0.0158186196048241
2020-07-31,IdioVol3F,0.0158186196048241,-0.008526885870181095,-0.0064980937472639754,0.05910020548336893,1.0,13.582477754962355,0.0158186196048241,-0.12311742398382
2020-08-31,IdioVol3F,-0.12311742398382,-0.011346327204432407,-0.02066058526938135,0.06520609416242894,1.0,13.66735112936345,-0.12311742398382,0.026339268201048597
2020-09-30,IdioVol3F,0.026339268201048597,-0.02548743532771597,-0.02116854336698557,0.064777209505453,1.0,13.749486652977414,0.026339268201048597,0.0267240852458091
2020-10-31,IdioVol3F,0.0267240852458091,-0.02400662098533294,-0.01977906213273775,0.06568026874736468,1.0,13.834360027378509,0.0267240852458091,-0.154503070063789
2020-11-30,IdioVol3F,-0.154503070063789,-0.018452483743971616,-0.029790032603956376,0.07638887451650313,1.0,13.91649555099247,-0.154503070063789,-0.067244228379938
2020-12-31,IdioVol3F,-0.067244228379938,-0.0296541304206732,-0.03278663858394524,0.07715432460836269,1.0,14.001368925393566,-0.067244228379938,-0.11435070494942201
2021-01-31,IdioVol3F,-0.11435070494942201,-0.04067364866782794,-0.046813403357960755,0.07522426284699303,1.0,14.08624229979466,-0.11435070494942201,0.022009121765168903
2021-02-28,IdioVol3F,0.022009121765168903,-0.05004326725110569,-0.044038901499749455,0.0772407558777574,1.0,14.16290212183436,0.022009121765168903,0.116648314564024
2021-03-31,IdioVol3F,0.116648314564024,-0.05463898599083569,-0.040365044277930695,0.08404009649108109,1.0,14.247775496235455,0.116648314564024,0.0289296536512197
2021-04-30,IdioVol3F,0.0289296536512197,-0.03085537765973396,-0.025873291717154464,0.07921733946573974,1.0,14.329911019849419,0.0289296536512197,0.0176785379182967
2021-05-31,IdioVol3F,0.0176785379182967,-0.024190132837989743,-0.020701076941632517,0.07992166614163504,1.0,14.414784394250514,0.0176785379182967,-0.0545491270715657
2021-06-30,IdioVol3F,-0.0545491270715657,-0.018642529675143463,-0.021634746124845294,0.0802749128187439,1.0,14.496919917864476,-0.0545491270715657,0.0839164965918453
2021-07-31,IdioVol3F,0.0839164965918453,-0.02503959755481526,-0.015959923042593527,0.08540627225157163,1.0,14.581793292265571,0.0839164965918453,0.009177650415012029
2021-08-31,IdioVol3F,0.009177650415012029,-0.006218332047936597,-0.004935333509357522,0.07858244855960744,1.0,14.666666666666666,0.009177650415012029,0.0089487296916522
2021-09-30,IdioVol3F,0.0089487296916522,-0.007778479119394466,-0.006384545051807223,0.07811220214743818,1.0,14.74880219028063,0.0089487296916522,0.0325956691506148
2021-10-31,IdioVol3F,0.0325956691506148,-0.009394420533408731,-0.005895246393073413,0.0783564582872273,1.0,14.833675564681725,0.0325956691506148,0.0224244728392478
2021-11-30,IdioVol3F,0.0224244728392478,0.007614555758809796,0.008848715515512987,0.06299075574068334,1.0,14.915811088295689,0.0224244728392478,0.11618849298046299
2021-12-31,IdioVol3F,0.11618849298046299,0.015766255869644866,0.024134775628879734,0.06506913561511601,1.0,15.000684462696784,0.11618849298046299,0.130884577592059
2022-01-31,IdioVol3F,0.130884577592059,0.03672436477236169,0.044571049174003154,0.055415384373527235,1.0,15.085557837097879,0.130884577592059,0.0190467223335067
2022-02-28,IdioVol3F,0.0190467223335067,0.04662213348389715,0.04432418255469797,0.0555315082163841,1.0,15.162217659137577,0.0190467223335067,-0.0116063867570041
2022-03-31,IdioVol3F,-0.0116063867570041,0.037749261462941025,0.033636290777945624,0.05261170678375638,1.0,15.247091033538672,-0.0116063867570041,0.08705544084123859
2022-04-30,IdioVol3F,0.08705544084123859,0.03406416688037523,0.03848010637711387,0.05477043924287869,1.0,15.329226557152635,0.08705544084123859,0.0545531005509911
2022-05-31,IdioVol3F,0.0545531005509911,0.040371158055188136,0.04155298659650507,0.0545311720200561,1.0,15.41409993155373,0.0545531005509911,0.045736355162558306
2022-06-30,IdioVol3F,0.045736355162558306,0.05028954238451147,0.0499101101160154,0.04538113554764885,1.0,15.496235455167694,0.045736355162558306,0.0337922226202294
2022-07-31,IdioVol3F,0.0337922226202294,0.04681862043639448,0.04573308728504741,0.04425946620775866,1.0,15.58110882956879,0.0337922226202294,-0.0398764431588826
2022-08-31,IdioVol3F,-0.0398764431588826,0.049056308818686965,0.04164524615388952,0.04985439730369468,1.0,15.665982203969884,-0.0398764431588826,0.0400634045110337
2022-09-30,IdioVol3F,0.0400634045110337,0.04461765674136562,0.044238135722171314,0.04879719939255,1.0,15.748117727583846,0.0400634045110337,-0.00853811904375449
2022-10-31,IdioVol3F,-0.00853811904375449,0.04529654177413098,0.04081032003930721,0.05108070294694903,1.0,15.832991101984941,-0.00853811904375449,0.0203143013907989
2022-11-30,IdioVol3F,0.0203143013907989,0.042481760693858034,0.040634472418603136,0.051153331610726535,1.0,15.915126625598905,0.0203143013907989,0.019189080535102
2022-12-31,IdioVol3F,0.019189080535102,0.03376592509479767,0.03255118804815638,0.04547798434313563,1.0,16.0,0.019189080535102,-0.185552223901236
2023-01-31,IdioVol3F,-0.185552223901236,0.023611788998710668,0.006181454590381802,0.06895717139330623,1.0,16.084873374401095,-0.185552223901236,-0.0296468272495457
2023-02-28,IdioVol3F,-0.0296468272495457,0.00501188479555224,0.002123658791794102,0.06956133234701228,1.0,16.161533196440793,-0.0296468272495457,-0.048560010100301004
2023-03-31,IdioVol3F,-0.048560010100301004,0.003371844750775731,-0.0009558098201473067,0.07102694185065189,1.0,16.246406570841888,-0.048560010100301004,0.0689849146521956
2023-04-30,IdioVol3F,0.0689849146521956,-0.008956832607546051,-0.0024616870025675557,0.06915831893619637,1.0,16.32854209445585,0.0689849146521956,-0.0461686708795524
2023-05-31,IdioVol3F,-0.0461686708795524,-0.00764484950743655,-0.010855167955112847,0.06770646003066466,1.0,16.413415468856947,-0.0461686708795524,-0.0362440317856545
2023-06-30,IdioVol3F,-0.0362440317856545,-0.01599985187490116,-0.017686866867463912,0.06557975063456122,1.0,16.49555099247091,-0.0362440317856545,-0.058475480802714
2023-07-31,IdioVol3F,-0.058475480802714,-0.022366784093617878,-0.0253758421527092,0.06439361268948339,1.0,16.580424366872005,-0.058475480802714,0.0728890040080206
2023-08-31,IdioVol3F,0.0728890040080206,-0.024057605697602555,-0.015978721555467264,0.07006357694814663,1.0,16.6652977412731,0.0728890040080206,0.026302334609426898
2023-09-30,IdioVol3F,0.026302334609426898,-0.02107346028878556,-0.017125477380601165,0.06916984379163635,1.0,16.747433264887064,0.026302334609426898,0.0874713194626262
2023-10-31,IdioVol3F,0.0874713194626262,-0.017906146320314523,-0.009124690838402776,0.07551504146067686,1.0,16.83230663928816,0.0874713194626262,-0.0430576942899106
2023-11-30,IdioVol3F,-0.0430576942899106,-0.011800962859239317,-0.0144056904784619,0.07548501556797674,1.0,16.914442162902123,-0.0430576942899106,-0.0558952785059767
2023-12-31,IdioVol3F,-0.0558952785059767,-0.0174597605706041,-0.02066272039855179,0.07555902901492612,1.0,16.999315537303218,-0.0558952785059767,0.043879460939161896
2024-01-31,IdioVol3F,0.043879460939161896,-0.005672765534671437,-0.001543413328518634,0.056722134123584414,1.0,17.084188911704313,0.043879460939161896,-0.0547944192903573
2024-02-29,IdioVol3F,-0.0547944192903573,0.0010114424824837992,-0.0036390459985862675,0.058297491869758265,1.0,17.163586584531142,-0.0547944192903573,0.0283388834790167
2024-03-31,IdioVol3F,0.0283388834790167,0.00044467801066049977,0.002769195133023542,0.057125445251009224,1.0,17.248459958932237,0.0283388834790167,0.063090289640057
2024-04-30,IdioVol3F,0.063090289640057,-0.0032504157323557633,0.0022779763820119925,0.05652650128852293,1.0,17.3305954825462,0.063090289640057,0.012396901264968601
2024-05-31,IdioVol3F,0.012396901264968601,0.006682217042154181,0.007158440727388742,0.054453638871911264,1.0,17.415468856947296,0.012396901264968601,0.020996905920500502
2024-06-30,IdioVol3F,0.020996905920500502,0.011104120046756281,0.011928518869568326,0.05278762889092247,1.0,17.49760438056126,0.020996905920500502,0.00852867867718702
2024-07-31,IdioVol3F,0.00852867867718702,0.018328882476139417,0.017512198826226746,0.04798918189111301,1.0,17.582477754962355,0.00852867867718702,0.0441904481158793
2024-08-31,IdioVol3F,0.0441904481158793,0.0124779438097,0.015120652501881637,0.045635992445678474,1.0,17.66735112936345,0.0441904481158793,-0.0270616831528208
2024-09-30,IdioVol3F,-0.0270616831528208,0.01410413594665022,0.010673651021694326,0.047026193312466893,1.0,17.749486652977414,-0.0270616831528208,-0.0028142060245699304
2024-10-31,IdioVol3F,-0.0028142060245699304,0.0036920447997914026,0.0031498572310946506,0.040374206624090324,1.0,17.83436002737851,-0.0028142060245699304,-0.126848473657785
2024-11-30,IdioVol3F,-0.126848473657785,0.007350543733004191,-0.003832707716228217,0.054028776695368076,1.0,17.916495550992472,-0.126848473657785,-0.0389015215655996
1928-06-30,Illiquidity,-0.0310066022727273,0.015115105846422243,0.011271630169826448,0.042772887209932026,0.0,0.0,-0.0310066022727273,-0.00921878999999998
1928-07-31,Illiquidity,-0.00921878999999998,0.014187055208521525,0.0122365681078114,0.042109099272710684,0.0,0.0,-0.00921878999999998,-0.0686843980429293
1928-08-31,Illiquidity,-0.0686843980429293,0.015026251595253072,0.00805036412540454,0.047578822031883294,0.0,0.0,-0.0686843980429293,0.039653050088514
1928-09-30,Illiquidity,0.039653050088514,0.011096007879355498,0.013475761396785373,0.04712103221571547,0.0,0.0,0.039653050088514,0.000544302714646439
1928-10-31,Illiquidity,0.000544302714646439,0.014897135706008025,0.013701066290061228,0.04704588188699026,0.0,0.0,0.000544302714646439,0.019996763823805
1928-11-30,Illiquidity,0.019996763823805,0.010214814970330484,0.011029977374786693,0.04555701373334749,0.0,0.0,0.019996763823805,-0.0416404747474747
1928-12-31,Illiquidity,-0.0416404747474747,0.011249792255654619,0.0068422700053938435,0.04804140616131802,0.0,0.0,-0.0416404747474747,-0.0248711596376132
1929-01-31,Illiquidity,-0.0248711596376132,0.003345773736965866,0.0009943626224176107,0.04719767454918313,0.0,0.0,-0.0248711596376132,0.00805566836788942
1929-02-28,Illiquidity,0.00805566836788942,0.001048271881616731,0.0016322215888061216,0.047240634791228184,0.0,0.0,0.00805566836788942,-0.00819935891523935
1929-03-31,Illiquidity,-0.00819935891523935,0.004796463436396107,0.003713478240426484,0.046104259467580594,0.0,0.0,-0.00819935891523935,-0.00449595082695083
1929-04-30,Illiquidity,-0.00449595082695083,-0.004707915496382679,-0.004690251773930025,0.03570109263726619,0.0,0.0,-0.00449595082695083,-0.0931002671713847
1929-05-31,Illiquidity,-0.0931002671713847,-0.01089699540437089,-0.01774726805162204,0.037086370025476614,0.0,0.0,-0.0931002671713847,-0.0301404301948052
1929-06-30,Illiquidity,-0.0301404301948052,-0.01654187403152156,-0.017675087045128535,0.0370590502516287,0.0,0.0,-0.0301404301948052,-0.0238105883699634
1929-07-31,Illiquidity,-0.0238105883699634,-0.0184438413219584,-0.01889107024262549,0.03699569667386712,0.0,0.0,-0.0238105883699634,-0.05942553566037741
1929-08-31,Illiquidity,-0.05942553566037741,-0.014364404078961501,-0.018119498377412824,0.03594442782937013,0.0,0.0,-0.05942553566037741,-0.025953609235209202
1929-09-30,Illiquidity,-0.025953609235209202,-0.023371548237951626,-0.023586719987723093,0.03100885592395448,0.0,0.0,-0.025953609235209202,0.0038500055555555
1929-10-31,Illiquidity,0.0038500055555555,-0.025780449324302145,-0.023311244750980672,0.03125641405512629,0.0,0.0,0.0038500055555555,0.0176889455128205
1929-11-30,Illiquidity,0.0176889455128205,-0.02724833643959755,-0.023503562943562716,0.030971520312213324,0.0,0.0,0.0176889455128205,-0.0765388936890574
1929-12-31,Illiquidity,-0.0765388936890574,-0.02185475277957071,-0.02641176452202794,0.034290063330620416,0.0,0.0,-0.0765388936890574,0.048080054778554704
1930-01-31,Illiquidity,0.048080054778554704,-0.026551819511520188,-0.020332496654013946,0.04049361406552611,0.0,0.0,0.048080054778554704,0.021650085177993602
1930-02-28,Illiquidity,0.021650085177993602,-0.02291323892873243,-0.019199628586505264,0.04153674076179188,0.0,0.0,0.021650085177993602,0.0366974748339295
1930-03-31,Illiquidity,0.0366974748339295,-0.02019965310207489,-0.015458225774074527,0.04453171725873509,0.0,0.0,0.0366974748339295,-0.0289112689203415
1930-04-30,Illiquidity,-0.0289112689203415,-0.016454796223813045,-0.017492835615190414,0.04454308385611658,0.0,0.0,-0.0289112689203415,-0.0219816678855125
1930-05-31,Illiquidity,-0.0219816678855125,-0.01061943274644548,-0.011566285674701067,0.037787837740113336,0.0,0.0,-0.0219816678855125,0.0370100340489539
1930-06-30,Illiquidity,0.0370100340489539,-0.009877727081964327,-0.005970413654387809,0.03971033994157831,0.0,0.0,0.0370100340489539,-0.034450015151515204
1930-07-31,Illiquidity,-0.034450015151515204,-0.004348579589335481,-0.006857032552850459,0.04025984332685542,0.0,0.0,-0.034450015151515204,-0.045105105660377405
1930-08-31,Illiquidity,-0.045105105660377405,-0.0020780777248934623,-0.005663663386183793,0.03874365971542328,0.0,0.0,-0.045105105660377405,-0.0225989131528046
1930-09-30,Illiquidity,-0.0225989131528046,-0.0038191228544542082,-0.005384105379316742,0.03859576731331682,0.0,0.0,-0.0225989131528046,0.00185009513513513
1930-10-31,Illiquidity,0.00185009513513513,-0.006223570009759672,-0.005550764581018439,0.03855656688365605,0.0,0.0,0.00185009513513513,-0.00476146935668064
1930-11-30,Illiquidity,-0.00476146935668064,-0.007663465498640159,-0.007421632486810201,0.03786487272279329,0.0,0.0,-0.00476146935668064,-0.0474641803070676
1930-12-31,Illiquidity,-0.0474641803070676,-0.0011382451047877273,-0.004998739704977718,0.033746379436908155,0.0,0.0,-0.0474641803070676,0.0194893859649123
1931-01-31,Illiquidity,0.0194893859649123,-0.009824084658026118,-0.007381295439447918,0.030512576228592762,0.0,0.0,0.0194893859649123,-0.0356596375921375
1931-02-28,Illiquidity,-0.0356596375921375,-0.010020511859215328,-0.012157105670292176,0.0300368464680237,0.0,0.0,-0.0356596375921375,0.110467065065065
1931-03-31,Illiquidity,0.110467065065065,-0.016598431170675967,-0.00600963981769755,0.04484392608974197,0.0,0.0,0.110467065065065,-0.04626058018018021
1931-04-30,Illiquidity,-0.04626058018018021,-0.003927673535639012,-0.007455415756017443,0.045916252961538395,0.0,0.0,-0.04626058018018021,0.058933582882882904
1931-05-31,Illiquidity,0.058933582882882904,-0.006134847380608802,-0.0007124781919844928,0.04939838587880517,0.0,0.0,0.058933582882882904,-0.0682212868686869
1931-06-30,Illiquidity,-0.0682212868686869,-0.004141797486615257,-0.009481754935121227,0.051393185386384335,0.0,0.0,-0.0682212868686869,0.029362622187608198
1931-07-31,Illiquidity,0.029362622187608198,-0.0072119130972672285,-0.0041640351568609435,0.05187396302393121,0.0,0.0,0.029362622187608198,-0.0317579975579976
1931-08-31,Illiquidity,-0.0317579975579976,-0.0004421196565412661,-0.003051776148329293,0.05105291239460802,0.0,0.0,-0.0317579975579976,0.0118887262479872
1931-09-30,Illiquidity,0.0118887262479872,-0.0012747636933769936,-0.00017780619826330952,0.050822695459252124,0.0,0.0,0.0118887262479872,-0.11027509915966399
1931-10-31,Illiquidity,-0.11027509915966399,-0.00036216086493589606,-0.00952157238949657,0.05991056974976501,0.0,0.0,-0.11027509915966399,0.0255288903993203
1931-11-30,Illiquidity,0.0255288903993203,-0.009954309028843474,-0.006997375743163159,0.06076142435151294,0.0,0.0,0.0255288903993203,-0.0021036041666666
1931-12-31,Illiquidity,-0.0021036041666666,-0.0033185753282627558,-0.0032173277314630744,0.059411032916646594,0.0,0.0,-0.0021036041666666,0.0169597355021216
1932-01-31,Illiquidity,0.0169597355021216,-0.005281574431133564,-0.003428131936695632,0.05932756903784208,0.0,0.0,0.0169597355021216,-0.0700055008566534
1932-02-29,Illiquidity,-0.0700055008566534,-0.0004979950589281916,-0.006290287208738625,0.06180080745957574,0.0,0.0,-0.0700055008566534,0.0738617824717922
1932-03-31,Illiquidity,0.0738617824717922,-0.01690459196090259,-0.009340727424844689,0.05615979681971649,0.0,0.0,0.0738617824717922,0.0384785681890771
1932-04-30,Illiquidity,0.0384785681890771,-0.005984377174359646,-0.0022791317274065814,0.05642240566167542,0.0,0.0,0.0384785681890771,0.0682810401785715
1932-05-31,Illiquidity,0.0682810401785715,-0.007843923964705625,-0.001500176952765864,0.05740036953484667,0.0,0.0,0.0682810401785715,-0.08333730952380951
1932-06-30,Illiquidity,-0.08333730952380951,0.0045653784941360465,-0.002759845507359414,0.059137278837030356,0.0,0.0,-0.08333730952380951,-0.0830704339622643
1932-07-31,Illiquidity,-0.0830704339622643,-0.0056800698432655635,-0.012129266853182122,0.06240185038167584,0.0,0.0,-0.0830704339622643,-0.0342858790605796
1932-08-31,Illiquidity,-0.0342858790605796,-0.01034483678910799,-0.012339923645063955,0.062478357068411275,0.0,0.0,-0.0342858790605796,-0.0311032532051282
1932-09-30,Illiquidity,-0.0311032532051282,-0.014542528180795882,-0.01592258859949024,0.0621947128153908,0.0,0.0,-0.0311032532051282,-0.0112698846689895
1932-10-31,Illiquidity,-0.0112698846689895,-0.007345087639474446,-0.007672154058600698,0.054649645002235056,0.0,0.0,-0.0112698846689895,-0.012650325342465801
1932-11-30,Illiquidity,-0.012650325342465801,-0.010690430827502609,-0.010853755370416206,0.053643115699051405,0.0,0.0,-0.012650325342465801,-0.07229911596638659
1932-12-31,Illiquidity,-0.07229911596638659,-0.011649223661666173,-0.016703381353726204,0.05636066663895772,0.0,0.0,-0.07229911596638659,0.047912652173913106
1933-01-31,Illiquidity,0.047912652173913106,-0.01976366470425783,-0.014123971631076912,0.058701059524317326,0.0,0.0,0.047912652173913106,0.0317459850746269
1933-02-28,Illiquidity,0.0317459850746269,-0.00904383261056996,-0.005644681136803556,0.05722561846380183,0.0,0.0,0.0317459850746269,0.062271965573770495
1933-03-31,Illiquidity,0.062271965573770495,-0.012872541464857718,-0.006610499211638698,0.05584286801083475,0.0,0.0,0.062271965573770495,-0.0398423387096776
1933-04-30,Illiquidity,-0.0398423387096776,-0.0107095053389765,-0.013137241453201588,0.0546583070042956,0.0,0.0,-0.0398423387096776,0.337487205820106
1933-05-31,Illiquidity,0.337487205820106,-0.02053890341972642,0.009296605683592953,0.11407018264045368,0.0,0.0,0.337487205820106,-0.0109044959568733
1933-06-30,Illiquidity,-0.0109044959568733,0.017717870702447718,0.015332673480837637,0.11058600319590511,0.0,0.0,-0.0109044959568733,-0.0198102222222222
1933-07-31,Illiquidity,-0.0198102222222222,0.024278410521119623,0.02060435779250781,0.10691554391177036,0.0,0.0,-0.0198102222222222,-0.0300391635164835
1933-08-31,Illiquidity,-0.0300391635164835,0.025594379324606665,0.020958250754515823,0.10672419598516975,0.0,0.0,-0.0300391635164835,-0.0958348068421051
1933-09-30,Illiquidity,-0.0958348068421051,0.02569111475084709,0.01556395461810108,0.11113940101349773,0.0,0.0,-0.0958348068421051,-0.0534087262162162
1933-10-31,Illiquidity,-0.0534087262162162,0.018003394553291127,0.01205238448916552,0.1127188107667489,0.0,0.0,-0.0534087262162162,-0.00936614419354836
1933-11-30,Illiquidity,-0.00936614419354836,0.014298085382950182,0.012326066251575306,0.11265735015555847,0.0,0.0,-0.00936614419354836,-0.00890982999999998
1933-12-31,Illiquidity,-0.00890982999999998,0.020019264635026384,0.017608506748774188,0.1097779393626061,0.0,0.0,-0.00890982999999998,0.225612879176379
1934-01-31,Illiquidity,0.225612879176379,0.014853584437397921,0.032416858998979683,0.1251468903621079,0.0,0.0,0.225612879176379,0.0695301439823009
1934-02-28,Illiquidity,0.0695301439823009,0.032477847537557204,0.03556553890795252,0.12560296807030144,0.0,0.0,0.0695301439823009,0.0174513825225225
1934-03-31,Illiquidity,0.0174513825225225,0.03313768193833269,0.031830490320348515,0.12540285767718184,0.0,0.0,0.0174513825225225,0.008893865833193489
1934-04-30,Illiquidity,0.008893865833193489,0.038346202050350886,0.0358918406989211,0.12364752078849921,0.0,0.0,0.008893865833193489,-0.06404739387096779
1934-05-31,Illiquidity,-0.06404739387096779,0.008474080233358841,0.002430624057998293,0.08189131016353932,0.0,0.0,-0.06404739387096779,-0.0394084396078432
1934-06-30,Illiquidity,-0.0394084396078432,0.0036429076957138875,5.529542041746797e-05,0.0827224434052574,0.0,0.0,-0.0394084396078432,-0.09752643564356439
1934-07-31,Illiquidity,-0.09752643564356439,0.001861251569748342,-0.006421055698027715,0.08733283618267883,0.0,0.0,-0.09752643564356439,0.0105084683606557
1934-08-31,Illiquidity,0.0105084683606557,-0.004273954987259012,-0.0030420863749327817,0.08712011123443787,0.0,0.0,0.0105084683606557,-0.0038654995379537797
1934-09-30,Illiquidity,-0.0038654995379537797,0.005393615485719243,0.004622022567079828,0.08211653462308469,0.0,0.0,-0.0038654995379537797,0.00300053382838283
1934-10-31,Illiquidity,0.00300053382838283,0.0098975451837431,0.009322794237463081,0.08008193089430445,0.0,0.0,0.00300053382838283,0.0450284359224655
1934-11-30,Illiquidity,0.0450284359224655,0.011021788640282297,0.01385567591379757,0.08046643820213693,0.0,0.0,0.0450284359224655,0.0194163733255678
1934-12-31,Illiquidity,0.0194163733255678,0.015925267360506434,0.016216192857594885,0.08015275930123122,0.0,0.0,0.0194163733255678,-0.005182369132207369
1935-01-31,Illiquidity,-0.005182369132207369,-0.002819869535021859,-0.003016744501453981,0.0455682991085122,0.0,0.0,-0.005182369132207369,-0.0115595313531353
1935-02-28,Illiquidity,-0.0115595313531353,-0.009611916181795337,-0.009774217446073664,0.039431339187622726,0.0,0.0,-0.0115595313531353,-0.0218280620490621
1935-03-31,Illiquidity,-0.0218280620490621,-0.012249271988673318,-0.013047504493705715,0.03858712054362591,0.0,0.0,-0.0218280620490621,-0.00472226475409844
1935-04-30,Illiquidity,-0.00472226475409844,-0.015042174523423829,-0.014182182042646709,0.03808013149035554,0.0,0.0,-0.00472226475409844,0.0232502630136986
1935-05-31,Illiquidity,0.0232502630136986,-0.009648980967344796,-0.00690737730225784,0.03596796016360067,0.0,0.0,0.0232502630136986,-0.0568015858085809
1935-06-30,Illiquidity,-0.0568015858085809,-0.003952735274477359,-0.008356806152319316,0.03770524270903333,0.0,0.0,-0.0568015858085809,0.0904667765957447
1935-07-31,Illiquidity,0.0904667765957447,-0.00025047619856976867,0.007309294867623109,0.03631715802203399,0.0,0.0,0.0904667765957447,0.0743472445755214
1935-08-31,Illiquidity,0.0743472445755214,0.00701846091371105,0.012629192885528584,0.04117869246646031,0.0,0.0,0.0743472445755214,0.0080255401427297
1935-09-30,Illiquidity,0.0080255401427297,0.01412871037857243,0.013620112858918872,0.04088772600607613,0.0,0.0,0.0080255401427297,0.033918003844090897
1935-10-31,Illiquidity,0.033918003844090897,0.014585529134422147,0.016196568693561213,0.04113109743808457,0.0,0.0,0.033918003844090897,0.10124126315355401
1935-11-30,Illiquidity,0.10124126315355401,0.013575489854569911,0.02088097096281859,0.04743171065621027,0.0,0.0,0.10124126315355401,0.052423767678348006
1935-12-31,Illiquidity,0.052423767678348006,0.021014116202568656,0.023631587158883607,0.04828838674466005,0.0,0.0,0.052423767678348006,0.0651212214629601
1936-01-31,Illiquidity,0.0651212214629601,0.026251037730800963,0.029490219708480897,0.04873743568789355,0.0,0.0,0.0651212214629601,0.0612942976973684
1936-02-29,Illiquidity,0.0612942976973684,0.03322201525953691,0.03556137212935621,0.0476853556952806,0.0,0.0,0.0612942976973684,0.016763378752588
1936-03-31,Illiquidity,0.016763378752588,0.04077859341830332,0.03877732552949371,0.04466901890577719,0.0,0.0,0.016763378752588,-0.10088061304012401
1936-04-30,Illiquidity,-0.10088061304012401,0.042731833737092995,0.030764129838991582,0.05938328777651689,0.0,0.0,-0.10088061304012401,0.0142409159768212
1936-05-31,Illiquidity,0.0142409159768212,0.03144720864129094,0.030013350919251794,0.05954365694976609,0.0,0.0,0.0142409159768212,-0.041257748413355395
1936-06-30,Illiquidity,-0.041257748413355395,0.03790561789450931,0.031308670702187257,0.057621429120996055,0.0,0.0,-0.041257748413355395,0.045554771258873
1936-07-31,Illiquidity,0.045554771258873,0.025930661075500207,0.02756600359078128,0.05482011843398864,0.0,0.0,0.045554771258873,0.00773823728813559
1936-08-31,Illiquidity,0.00773823728813559,0.02331316350125945,0.02201525298349913,0.05299453235700233,0.0,0.0,0.00773823728813559,0.039726912181030104
1936-09-30,Illiquidity,0.039726912181030104,0.023287045059932707,0.02465703398669083,0.05302389494013519,0.0,0.0,0.039726912181030104,0.00904338050847454
1936-10-31,Illiquidity,0.00904338050847454,0.023815127636018094,0.0225841487087228,0.05311507759964395,0.0,0.0,0.00904338050847454,0.0648809639652472
1936-11-30,Illiquidity,0.0648809639652472,0.015433501941010867,0.0195541237763639,0.04910585270389862,0.0,0.0,0.0648809639652472,0.0367627221406646
1936-12-31,Illiquidity,0.0367627221406646,0.016565974330728976,0.018249036648223613,0.04835523456295557,0.0,0.0,0.0367627221406646,0.07923477860169491
1937-01-31,Illiquidity,0.07923477860169491,0.013987928937793022,0.01942516640978485,0.04975044581229142,0.0,0.0,0.07923477860169491,0.0149905741525423
1937-02-28,Illiquidity,0.0149905741525423,0.015618881747277248,0.01556652278104934,0.047971722096182785,0.0,0.0,0.0149905741525423,0.023883019460138103
1937-03-31,Illiquidity,0.023883019460138103,0.015457717692727642,0.016159826173345184,0.048031859573923606,0.0,0.0,0.023883019460138103,-0.0638624830508474
1937-04-30,Illiquidity,-0.0638624830508474,0.026799866101842377,0.019244670339118235,0.04041665416787935,0.0,0.0,-0.0638624830508474,-0.0181464771733188
1937-05-31,Illiquidity,-0.0181464771733188,0.01969955709932705,0.0165457209099399,0.0418375795555199,0.0,0.0,-0.0181464771733188,-0.0708019014488792
1937-06-30,Illiquidity,-0.0708019014488792,0.021800581757512195,0.014083708156979588,0.04619114602102274,0.0,0.0,-0.0708019014488792,0.00826289516129032
1937-07-31,Illiquidity,0.00826289516129032,0.011222702420443815,0.010976051815514363,0.04512347241838224,0.0,0.0,0.00826289516129032,-6.7034104900267e-05
1937-08-31,Illiquidity,-6.7034104900267e-05,0.01127039859073061,0.010325612532761375,0.04523051548620176,0.0,0.0,-6.7034104900267e-05,-0.0811594614554228
1937-09-30,Illiquidity,-0.0811594614554228,0.007652767110191485,0.00025174806305696545,0.05116025111885868,0.0,0.0,-0.0811594614554228,0.0018878643966547802
1937-10-31,Illiquidity,0.0018878643966547802,-0.0005474912501628195,-0.00034454494626134794,0.05109011782345325,0.0,0.0,0.0018878643966547802,-0.036677374663978496
1937-11-30,Illiquidity,-0.036677374663978496,-0.006274136665489403,-0.008807739832030157,0.04759526430013331,0.0,0.0,-0.036677374663978496,-0.0440321707151185
1937-12-31,Illiquidity,-0.0440321707151185,-0.012950509102275139,-0.015540647570012082,0.046258669938362036,0.0,0.0,-0.0440321707151185,0.0299885182849937
1938-01-31,Illiquidity,0.0299885182849937,-0.02415659540380363,-0.019644502596403848,0.03864398578824367,0.0,0.0,0.0299885182849937,-0.033572451396253096
1938-02-28,Illiquidity,-0.033572451396253096,-0.022793145937217138,-0.023691421392136796,0.037203131111038734,0.0,0.0,-0.033572451396253096,-0.021609267131242702
1938-03-31,Illiquidity,-0.021609267131242702,-0.028016370560525427,-0.02748244527475187,0.03410324992262252,0.0,0.0,-0.021609267131242702,-0.00974164451382695
1938-04-30,Illiquidity,-0.00974164451382695,-0.024175169113288642,-0.022972375396666828,0.032390358143799466,0.0,0.0,-0.00974164451382695,-0.0125372367178276
1938-05-31,Illiquidity,-0.0125372367178276,-0.023411093416971198,-0.022504938692042564,0.03250659956522129,0.0,0.0,-0.0125372367178276,-0.0324091721164212
1938-06-30,Illiquidity,-0.0324091721164212,-0.018114305714148328,-0.019305544581004395,0.02902370962488562,0.0,0.0,-0.0324091721164212,0.067691269266681
1938-07-31,Illiquidity,0.067691269266681,-0.021811766375758466,-0.014353180072221838,0.037875692256951865,0.0,0.0,0.067691269266681,-0.045709691535433104
1938-08-31,Illiquidity,-0.045709691535433104,-0.015651920614705626,-0.018156734858099575,0.038595549908116894,0.0,0.0,-0.045709691535433104,-0.041875676783109904
1938-09-30,Illiquidity,-0.041875676783109904,-0.012429214258342924,-0.014883086135406835,0.03417923949316078,0.0,0.0,-0.041875676783109904,0.0841163498721228
1938-10-31,Illiquidity,0.0841163498721228,-0.016407718001957897,-0.0080307123457845,0.04452434243817126,0.0,0.0,0.0841163498721228,-0.0153112054878049
1938-11-30,Illiquidity,-0.0153112054878049,-0.005426470316857779,-0.006250198247770035,0.04369410124328887,0.0,0.0,-0.0153112054878049,-0.036702400070028
1938-12-31,Illiquidity,-0.036702400070028,-0.002815473478011088,-0.005639384027345827,0.043165960223520546,0.0,0.0,-0.036702400070028,-0.017439156288744997
1939-01-31,Illiquidity,-0.017439156288744997,-0.008878284237558515,-0.009591690241824052,0.041755500292548695,0.0,0.0,-0.017439156288744997,0.00628879006339378
1939-02-28,Illiquidity,0.00628879006339378,-0.007411621045966871,-0.006269920120186811,0.041256892228371415,0.0,0.0,0.00628879006339378,-0.056831281402996
1939-03-31,Illiquidity,-0.056831281402996,-0.004875434028272644,-0.009205087976166253,0.04363194814031432,0.0,0.0,-0.056831281402996,0.026905815199562602
1939-04-30,Illiquidity,0.026905815199562602,-0.009156310109106195,-0.006151133000050457,0.044856342033616714,0.0,0.0,0.026905815199562602,0.015016298552259898
1939-05-31,Illiquidity,0.015016298552259898,-0.005570578116616176,-0.0038550050608764986,0.04520359702368404,0.0,0.0,0.015016298552259898,-0.0125156167904055
1939-06-30,Illiquidity,-0.0125156167904055,-0.0012591716921906216,-0.002197208783708524,0.04441918432799706,0.0,0.0,-0.0125156167904055,0.0116649736842106
1939-07-31,Illiquidity,0.0116649736842106,-0.008550706788289394,-0.00686606674891439,0.03902200454078709,0.0,0.0,0.0116649736842106,-0.0283609323956443
1939-08-31,Illiquidity,-0.0283609323956443,-0.0033348281319581477,-0.005420336820598656,0.03775279118459127,0.0,0.0,-0.0283609323956443,0.15067678778367902
1939-09-30,Illiquidity,0.15067678778367902,-0.002106215005824911,0.010625701893300421,0.05690951499094187,0.0,0.0,0.15067678778367902,-0.0165642340004942
1939-10-31,Illiquidity,-0.0165642340004942,0.003944733895225655,0.0022356532372490045,0.05232705204914842,0.0,0.0,-0.0165642340004942,-0.049475525211630504
1939-11-30,Illiquidity,-0.049475525211630504,0.0038308222122539,-0.0006113734064031288,0.05426216757946054,0.0,0.0,-0.049475525211630504,-0.012896749898000801
1939-12-31,Illiquidity,-0.012896749898000801,0.002669629017562764,0.0013724307745991377,0.05324843459602538,0.0,0.0,-0.012896749898000801,0.0124622050960735
1940-01-31,Illiquidity,0.0124622050960735,0.0030825750530849637,0.0038642108900006794,0.05298709390471373,0.0,0.0,0.0124622050960735,0.0369308675856308
1940-02-29,Illiquidity,0.0369308675856308,0.003643794601510393,0.006417717350187098,0.05384593660966147,0.0,0.0,0.0369308675856308,0.0243422073365231
1940-03-31,Illiquidity,0.0243422073365231,0.012167626327749193,0.013182174745147024,0.05014976722043308,0.0,0.0,0.0243422073365231,0.0349247725748194
1940-04-30,Illiquidity,0.0349247725748194,0.011934571067472872,0.01385042119308509,0.050402051083966525,0.0,0.0,0.0349247725748194,-0.0518859927536233
1940-05-31,Illiquidity,-0.0518859927536233,0.013744432342251011,0.008275230250928156,0.05384401552653296,0.0,0.0,-0.0518859927536233,0.00014342857142860801
1940-06-30,Illiquidity,0.00014342857142860801,0.010165307254685757,0.009330150697747666,0.0535226975474432,0.0,0.0,0.00014342857142860801,0.0089829633375474
1940-07-31,Illiquidity,0.0089829633375474,0.009117894062614667,0.009106649835525732,0.05351766096716953,0.0,0.0,0.0089829633375474,-0.00288304815434905
1940-08-31,Illiquidity,-0.00288304815434905,0.012512793674723001,0.01122980685563367,0.05238960686331561,0.0,0.0,-0.00288304815434905,0.021149690265486697
1940-09-30,Illiquidity,0.021149690265486697,-0.0014471914105522764,0.0004358820624509758,0.029304386621441712,0.0,0.0,0.021149690265486697,0.0379701439015005
1940-10-31,Illiquidity,0.0379701439015005,0.001981347159082351,0.0049804135542838674,0.030627084709354654,0.0,0.0,0.0379701439015005,0.042229704364216296
1940-11-30,Illiquidity,0.042229704364216296,0.00993095344209426,0.012622516018937768,0.027034390780728484,0.0,0.0,0.042229704364216296,-0.0261502398014246
1940-12-31,Illiquidity,-0.0261502398014246,0.014942449284113996,0.011518058526985784,0.02840758041996439,0.0,0.0,-0.0261502398014246,0.0376294284970625
1941-01-31,Illiquidity,0.0376294284970625,0.011432227020705078,0.013615327143734868,0.02939546452283364,0.0,0.0,0.0376294284970625,-0.0141390374804789
1941-02-28,Illiquidity,-0.0141390374804789,0.011495732558107959,0.009359501721559058,0.029409912381175397,0.0,0.0,-0.0141390374804789,0.020103670703307
1941-03-31,Illiquidity,0.020103670703307,0.007997437574744143,0.009006290335457719,0.029238565766835128,0.0,0.0,0.020103670703307,0.00520159934951972
1941-04-30,Illiquidity,0.00520159934951972,0.006650064677333923,0.006529359233349411,0.028079297952905133,0.0,0.0,0.00520159934951972,0.00127061006138882
1941-05-31,Illiquidity,0.00127061006138882,0.011839845777619653,0.010959076134600421,0.021432238041191334,0.0,0.0,0.00127061006138882,0.0190037165705935
1941-06-30,Illiquidity,0.0190037165705935,0.011942316822161488,0.012530766801197494,0.021257821172267675,0.0,0.0,0.0190037165705935,0.0835776896551724
1941-07-31,Illiquidity,0.0835776896551724,0.012853294388802044,0.01874699399433291,0.02945292876672429,0.0,0.0,0.0835776896551724,-0.010383304871373799
1941-08-31,Illiquidity,-0.010383304871373799,0.020713361462394907,0.018121972601247517,0.030027643188576255,0.0,0.0,-0.010383304871373799,-0.0172598557744937
1941-09-30,Illiquidity,-0.0172598557744937,0.01784672554086213,0.014921177097915817,0.03167737723413585,0.0,0.0,-0.0172598557744937,0.00535119690749865
1941-10-31,Illiquidity,0.00535119690749865,0.012825816479408114,0.01220293151508233,0.030909959933976463,0.0,0.0,0.00535119690749865,-0.00943157161803713
1941-11-30,Illiquidity,-0.00943157161803713,0.009473224892433782,0.007897825183227876,0.029929795440270673,0.0,0.0,-0.00943157161803713,-0.0708448245614035
1941-12-31,Illiquidity,-0.0708448245614035,0.01099310381819628,0.004173276453229637,0.03659158647305032,0.0,0.0,-0.0708448245614035,0.0982673153680585
1942-01-31,Illiquidity,0.0982673153680585,0.0011318080856084615,0.009226433692479302,0.04487998893966827,0.0,0.0,0.0982673153680585,0.012433371095008099
1942-02-28,Illiquidity,0.012433371095008099,0.011350567435475497,0.011440801073769886,0.04427378211358144,0.0,0.0,0.012433371095008099,0.0308315412844037
1942-03-31,Illiquidity,0.0308315412844037,0.010653267471084688,0.012334790288861275,0.04457191380653318,0.0,0.0,0.0308315412844037,-0.00795735811036792
1942-04-30,Illiquidity,-0.00795735811036792,0.012983262192437778,0.011238210500537306,0.04492384417599569,0.0,0.0,-0.00795735811036792,-0.0342750870500234
1942-05-31,Illiquidity,-0.0342750870500234,0.012144355995005346,0.008276069074586289,0.04677459036750218,0.0,0.0,-0.0342750870500234,-0.014935643566992
1942-06-30,Illiquidity,-0.014935643566992,0.007300828393131082,0.0054477890631208295,0.047091976264637944,0.0,0.0,-0.014935643566992,0.00948050756113256
1942-07-31,Illiquidity,0.00948050756113256,-0.0016549291725202267,-0.0007269761113824899,0.040281560484847496,0.0,0.0,0.00948050756113256,0.018153595962732902
1942-08-31,Illiquidity,0.018153595962732902,0.00015087195770762407,0.001651098958126402,0.04050141825836461,0.0,0.0,0.018153595962732902,0.0026697575549450596
1942-09-30,Illiquidity,0.0026697575549450596,0.0033702766610918607,0.003311900068912965,0.040061688820676046,0.0,0.0,0.0026697575549450596,0.038382155298594796
1942-10-31,Illiquidity,0.038382155298594796,0.0031265094472233525,0.006064479934837643,0.04132924535975058,0.0,0.0,0.038382155298594796,0.00343646588486141
1942-11-30,Illiquidity,0.00343646588486141,0.007473211894189891,0.007136816393412522,0.04105667005983533,0.0,0.0,0.00343646588486141,-0.0180505178571429
1942-12-31,Illiquidity,-0.0180505178571429,0.014226056480213972,0.011536341952100904,0.0341961551525217,0.0,0.0,-0.0180505178571429,0.0644328700660205
1943-01-31,Illiquidity,0.0644328700660205,0.0036517080051956642,0.008716804843597738,0.027041266044394795,0.0,0.0,0.0644328700660205,0.058227269646719496
1943-02-28,Illiquidity,0.058227269646719496,0.00837893518437861,0.012532963056240354,0.030609337940026387,0.0,0.0,0.058227269646719496,0.0879123571428571
1943-03-31,Illiquidity,0.0879123571428571,0.010869455944589136,0.01728969771111147,0.03739463264009612,0.0,0.0,0.0879123571428571,0.056361395419687
1943-04-30,Illiquidity,0.056361395419687,0.01958488460397323,0.022649593838616047,0.03805066711799713,0.0,0.0,0.056361395419687,0.0343404300205822
1943-05-31,Illiquidity,0.0343404300205822,0.027824564828492358,0.028367553594499845,0.03361588036586302,0.0,0.0,0.0343404300205822,0.005332006508206
1943-06-30,Illiquidity,0.005332006508206,0.032304207881908194,0.030056524434099684,0.031696773015684056,0.0,0.0,0.005332006508206,-0.0486160287769785
1943-07-31,Illiquidity,-0.0486160287769785,0.03192707142255124,0.02521514640592376,0.038772378264967086,0.0,0.0,-0.0486160287769785,-0.021681668098357098
1943-08-31,Illiquidity,-0.021681668098357098,0.025857105537122924,0.021895541067499594,0.041069208594419204,0.0,0.0,-0.021681668098357098,0.0326287580866604
1943-09-30,Illiquidity,0.0326287580866604,0.02364333956864091,0.02439212444514254,0.04070319944255175,0.0,0.0,0.0326287580866604,0.0006036424933046259
1943-10-31,Illiquidity,0.0006036424933046259,0.023120303458465056,0.02124391504470169,0.04098280252918254,0.0,0.0,0.0006036424933046259,-0.0516076138213517
1943-11-30,Illiquidity,-0.0516076138213517,0.022862774059232625,0.016656908402517264,0.045937945879514726,0.0,0.0,-0.0516076138213517,0.044694463768116005
1943-12-31,Illiquidity,0.044694463768116005,0.01981212897157728,0.02188565687128884,0.04519318626703342,0.0,0.0,0.044694463768116005,0.042733055106167796
1944-01-31,Illiquidity,0.042733055106167796,0.018017728399040502,0.020077338957967785,0.04374697229321091,0.0,0.0,0.042733055106167796,0.023837973148242
1944-02-29,Illiquidity,0.023837973148242,0.016609163440808532,0.017211564249761325,0.04211666331304764,0.0,0.0,0.023837973148242,0.024044567636032
1944-03-31,Illiquidity,0.024044567636032,0.010784219441298067,0.011889248457525899,0.03595465564711369,0.0,0.0,0.024044567636032,-0.0142257459653898
1944-04-30,Illiquidity,-0.0142257459653898,0.007846326006420339,0.006006986675436167,0.033722286835989455,0.0,0.0,-0.0142257459653898,0.0355150897515528
1944-05-31,Illiquidity,0.0355150897515528,0.003431219098604703,0.006104874986350382,0.03381359069669175,0.0,0.0,0.0355150897515528,0.0768199896480331
1944-06-30,Illiquidity,0.0768199896480331,0.006175135757090776,0.012062206914669306,0.03948659213790491,0.0,0.0,0.0768199896480331,0.0053969614359257205
1944-07-31,Illiquidity,0.0053969614359257205,0.01757841015936456,0.016563289432411327,0.03473347982721134,0.0,0.0,0.0053969614359257205,0.0159951205109219
1944-08-31,Illiquidity,0.0159951205109219,0.020040103753390267,0.01970302181651791,0.0325993751139882,0.0,0.0,0.0159951205109219,0.0006325337384364179
1944-09-30,Illiquidity,0.0006325337384364179,0.018527954882868583,0.017036669787499247,0.03275419125956082,0.0,0.0,0.0006325337384364179,-8.020501666049e-05
1944-10-31,Illiquidity,-8.020501666049e-05,0.01853058135969875,0.01697968249500215,0.03278596088424857,0.0,0.0,-8.020501666049e-05,0.012137469571295401
1944-11-30,Illiquidity,0.012137469571295401,0.023214891251034316,0.022291772777722745,0.024871893070635052,0.0,0.0,0.012137469571295401,0.0228232421248835
1944-12-31,Illiquidity,0.0228232421248835,0.020255164505868804,0.020469170974120033,0.023861839222967245,0.0,0.0,0.0228232421248835,0.031286018793628
1945-01-31,Illiquidity,0.031286018793628,0.01844518150757023,0.019515251281408384,0.023107781430177755,0.0,0.0,0.031286018793628,0.0320352155049787
1945-02-28,Illiquidity,0.0320352155049787,0.01912227656624169,0.02019835481113644,0.023366894226092026,0.0,0.0,0.0320352155049787,-0.0465167636856602
1945-03-31,Illiquidity,-0.0465167636856602,0.019848699099782294,0.014318243867662091,0.030192314539786633,0.0,0.0,-0.0465167636856602,0.00681968765664156
1945-04-30,Illiquidity,0.00681968765664156,0.01691315203430317,0.01607203000283137,0.0289700381741504,0.0,0.0,0.00681968765664156,0.0318949316635745
1945-05-31,Illiquidity,0.0318949316635745,0.014304479116583967,0.015770350162166515,0.02876730111173745,0.0,0.0,0.0318949316635745,0.06521857488380099
1945-06-30,Illiquidity,0.06521857488380099,0.010220382936178636,0.014803565598480506,0.02664580151789751,0.0,0.0,0.06521857488380099,-0.000643018987341772
1945-07-31,Illiquidity,-0.000643018987341772,0.01565871143144003,0.014300233896541547,0.026895519707518932,0.0,0.0,-0.000643018987341772,-0.0196627700959445
1945-08-31,Illiquidity,-0.0196627700959445,0.014146153295234238,0.011328743012636013,0.028606602363143916,0.0,0.0,-0.0196627700959445,0.0109871265822785
1945-09-30,Illiquidity,0.0109871265822785,0.012301125673926881,0.012191625749622853,0.02841012574918233,0.0,0.0,0.0109871265822785,0.0546323544303797
1945-10-31,Illiquidity,0.0546323544303797,0.01330724672837588,0.016751005703542873,0.030569815727512398,0.0,0.0,0.0546323544303797,0.060809146119978
1945-11-30,Illiquidity,0.060809146119978,0.017170418079201725,0.02080697874926642,0.033031767055495695,0.0,0.0,0.060809146119978,0.026296609961625198
1945-12-31,Illiquidity,0.026296609961625198,0.02062368207875577,0.021096426068994895,0.03306624117342602,0.0,0.0,0.026296609961625198,0.0668162399414487
1946-01-31,Illiquidity,0.0668162399414487,0.020170099457664604,0.024057277831313284,0.03555841956487399,0.0,0.0,0.0668162399414487,-0.00709764387156537
1946-02-28,Illiquidity,-0.00709764387156537,0.02333201077007097,0.02079620621660128,0.036541109876834725,0.0,0.0,-0.00709764387156537,-0.0236551361349162
1946-03-31,Illiquidity,-0.0236551361349162,0.026915567116806868,0.022701341845829948,0.033151321432513293,0.0,0.0,-0.0236551361349162,0.0519909908404749
1946-04-30,Illiquidity,0.0519909908404749,0.02414512859030161,0.026465617111149392,0.033743323405739184,0.0,0.0,0.0519909908404749,-0.000169818853683434
1946-05-31,Illiquidity,-0.000169818853683434,0.025972043060928925,0.023793554568044564,0.0345345947668602,0.0,0.0,-0.000169818853683434,-0.00208351033243487
1946-06-30,Illiquidity,-0.00208351033243487,0.020027643630248518,0.018185047466691574,0.03260667325683139,0.0,0.0,-0.00208351033243487,-0.0139474311377245
1946-07-31,Illiquidity,-0.0139474311377245,0.019896689871603694,0.01707634645415968,0.03351851052952802,0.0,0.0,-0.0139474311377245,-0.0038280250109537003
1946-08-31,Illiquidity,-0.0038280250109537003,0.020416266140532782,0.01839590854457558,0.03222750259898388,0.0,0.0,-0.0038280250109537003,-0.014080709036144601
1946-09-30,Illiquidity,-0.014080709036144601,0.019069434177511675,0.016306922243040322,0.033537232275278904,0.0,0.0,-0.014080709036144601,-0.00861563682228915
1946-10-31,Illiquidity,-0.00861563682228915,0.012822792044191284,0.01103625630531792,0.03189634005855357,0.0,0.0,-0.00861563682228915,0.022633372880055302
1946-11-30,Illiquidity,0.022633372880055302,0.006511448140348816,0.007854941868657693,0.028166461381396498,0.0,0.0,0.022633372880055302,-0.0283963488534784
1946-12-31,Illiquidity,-0.0283963488534784,0.006178426587478825,0.0032971953007323936,0.029312779288666973,0.0,0.0,-0.0283963488534784,0.0287895893443905
1947-01-31,Illiquidity,0.0287895893443905,-0.0024772633029690933,0.000128307750977544,0.023250259565039982,0.0,0.0,0.0287895893443905,0.0102333635198135
1947-02-28,Illiquidity,0.0102333635198135,0.0007852124439359856,0.001572558366925783,0.023298825029677936,0.0,0.0,0.0102333635198135,-0.0160443571847507
1947-03-31,Illiquidity,-0.0160443571847507,0.0038659851398205043,0.0022067899461062413,0.022644043713571073,0.0,0.0,-0.0160443571847507,-0.025937868211527004
1947-04-30,Illiquidity,-0.025937868211527004,-0.0023190464988363684,-0.004287281641560584,0.017704286608342185,0.0,0.0,-0.025937868211527004,-0.0272831806454289
1947-05-31,Illiquidity,-0.0272831806454289,-0.00466159644045851,-0.006546728457539373,0.018825650005992275,0.0,0.0,-0.0272831806454289,0.00295137091002045
1947-06-30,Illiquidity,0.00295137091002045,-0.0069524755598216045,-0.006127155020668097,0.018989559698007096,0.0,0.0,0.00295137091002045,0.0173793273809524
1947-07-31,Illiquidity,0.0173793273809524,-0.005416220828208428,-0.003516591810778355,0.019945960324296845,0.0,0.0,0.0173793273809524,-0.000699040756302511
1947-08-31,Illiquidity,-0.000699040756302511,-0.003488279701671509,-0.003255843122890755,0.019961964720688757,0.0,0.0,-0.000699040756302511,0.0088013495865412
1947-09-30,Illiquidity,0.0088013495865412,-0.0022717644035040465,-0.0013490049043336054,0.019926789142215975,0.0,0.0,0.0088013495865412,0.0271236632999062
1947-10-31,Illiquidity,0.0271236632999062,-0.0006884020027012875,0.0016292701058493407,0.021361166148589312,0.0,0.0,0.0271236632999062,0.00819707723633833
1947-11-30,Illiquidity,0.00819707723633833,-0.00028019378271484203,0.00042624546887292633,0.02045813941005088,0.0,0.0,0.00819707723633833,-0.0305317288800171
1947-12-31,Illiquidity,-0.0305317288800171,0.003046481316359406,0.000248297133328035,0.02073899356356624,0.0,0.0,-0.0305317288800171,0.0291444882403867
1948-01-31,Illiquidity,0.0291444882403867,-0.0023463657949503755,0.00027787204132771835,0.020783600172956003,0.0,0.0,0.0291444882403867,-0.0196537598731109
1948-02-29,Illiquidity,-0.0196537598731109,-0.0006271726385346302,-0.002212721574749315,0.021267260068666805,0.0,0.0,-0.0196537598731109,-0.015271916079412
1948-03-31,Illiquidity,-0.015271916079412,-0.0009553001556582847,-0.0021483514826377563,0.02122271200746343,0.0,0.0,-0.015271916079412,0.0146242156049347
1948-04-30,Illiquidity,0.0146242156049347,1.4331856352170208e-05,0.0012318221687340522,0.02029937206377876,0.0,0.0,0.0146242156049347,0.0079102095808383
1948-05-31,Illiquidity,0.0079102095808383,0.00382409515183977,0.0041646046875896525,0.018243281406690043,0.0,0.0,0.0079102095808383,0.00252859291349677
1948-06-30,Illiquidity,0.00252859291349677,0.004274898667368666,0.004129373187879345,0.018246245403428726,0.0,0.0,0.00252859291349677,-0.00107151685393259
1948-07-31,Illiquidity,-0.00107151685393259,0.002924831897599972,0.002591802834972263,0.017800149857822703,0.0,0.0,-0.00107151685393259,-0.0136493816550349
1948-08-31,Illiquidity,-0.0136493816550349,0.002890970434179056,0.0015126077600778971,0.018400269668356152,0.0,0.0,-0.0136493816550349,-0.010391664346247
1948-09-30,Illiquidity,-0.010391664346247,0.0008499948667630469,-8.681006765445289e-05,0.018542720823368136,0.0,0.0,-0.010391664346247,-0.0114472477453767
1948-10-31,Illiquidity,-0.0114472477453767,-0.002560489464705426,-0.0033010526547613615,0.01664285505801895,0.0,0.0,-0.0114472477453767,0.00317403097255847
1948-11-30,Illiquidity,0.00317403097255847,-0.004346337190315883,-0.0037196398434096827,0.016388599151069164,0.0,0.0,0.00317403097255847,-0.043584151382497105
1948-12-31,Illiquidity,-0.043584151382497105,-0.0012821772037181047,-0.00480734171861635,0.01861217104426272,0.0,0.0,-0.043584151382497105,0.0181014894258665
1949-01-31,Illiquidity,0.0181014894258665,-0.00789387171488936,-0.005727591619826365,0.016982524410975197,0.0,0.0,0.0181014894258665,-0.024493754443072602
1949-02-28,Illiquidity,-0.024493754443072602,-0.004461576324073233,-0.006130924500656509,0.017395783357938805,0.0,0.0,-0.024493754443072602,0.018426945043656898
1949-03-31,Illiquidity,0.018426945043656898,-0.005299925266224196,-0.0033226860737341005,0.018472689565860245,0.0,0.0,0.018426945043656898,0.0124455041718113
1949-04-30,Illiquidity,0.0124455041718113,-0.004954222589976723,-0.003504245359827717,0.01829006644509668,0.0,0.0,0.0124455041718113,-0.0165360996335319
1949-05-31,Illiquidity,-0.0165360996335319,-0.004541923081706451,-0.005541437794358567,0.018264544501354174,0.0,0.0,-0.0165360996335319,-0.012437338153372099
1949-06-30,Illiquidity,-0.012437338153372099,-0.006275076949618149,-0.00678859871659764,0.018174138884203786,0.0,0.0,-0.012437338153372099,0.000275662857142835
1949-07-31,Illiquidity,0.000275662857142835,-0.007308333431385377,-0.006676333740674688,0.01821677571377446,0.0,0.0,0.000275662857142835,0.00548315434685973
1949-08-31,Illiquidity,0.00548315434685973,-0.006042420293914674,-0.005081955740516802,0.018387459536601848,0.0,0.0,0.00548315434685973,-0.00395540383141765
1949-09-30,Illiquidity,-0.00395540383141765,-0.0045992549581776974,-0.0045456006976143555,0.018312214858477387,0.0,0.0,-0.00395540383141765,0.021783644052973502
1949-10-31,Illiquidity,0.021783644052973502,-0.003918178238726875,-0.0017763597144185058,0.019638277541904954,0.0,0.0,0.021783644052973502,-0.023836117588031402
1949-11-30,Illiquidity,-0.023836117588031402,-0.002226395231416418,-0.004027205427800995,0.020546205722103673,0.0,0.0,-0.023836117588031402,0.014410119245228501
1949-12-31,Illiquidity,0.014410119245228501,-0.0004311194319195358,0.0008056504578428055,0.016891410622573273,0.0,0.0,0.014410119245228501,0.03199176400674
1950-01-31,Illiquidity,0.03199176400674,-0.0007666985392502629,0.001963173339582264,0.018576296242646267,0.0,0.0,0.03199176400674,0.023057837861372298
1950-02-28,Illiquidity,0.023057837861372298,0.0043683485925508836,0.0059258060316193404,0.017457618686944607,0.0,0.0,0.023057837861372298,-0.0160001042857968
1950-03-31,Illiquidity,-0.0160001042857968,0.0047893388487068285,0.003056885254164865,0.018035700812876917,0.0,0.0,-0.0160001042857968,0.000463982412060329
1950-04-30,Illiquidity,0.000463982412060329,0.0022033744434697285,0.00205842510751895,0.017798788135259053,0.0,0.0,0.000463982412060329,-0.013809825123152798
1950-05-31,Illiquidity,-0.013809825123152798,0.003748836447614477,0.0022856146500505417,0.017555602793568513,0.0,0.0,-0.013809825123152798,-0.018731879479378
1950-06-30,Illiquidity,-0.018731879479378,0.0036240649049071403,0.0017610695395500501,0.018120453118091344,0.0,0.0,-0.018731879479378,0.06270513903743309
1950-07-31,Illiquidity,0.06270513903743309,0.0018961065106779737,0.006963525887907572,0.025224529155937737,0.0,0.0,0.06270513903743309,0.0171267206652294
1950-08-31,Illiquidity,0.0171267206652294,0.007098105118911915,0.007933823081105044,0.025385835153757048,0.0,0.0,0.0171267206652294,-0.0148752636391344
1950-09-30,Illiquidity,-0.0148752636391344,0.009014661891334375,0.007023834763795314,0.026038102616555932,0.0,0.0,-0.0148752636391344,0.015048012304922
1950-10-31,Illiquidity,0.015048012304922,0.005682033919324565,0.006462532118124357,0.025762138169328735,0.0,0.0,0.015048012304922,0.00186590840532016
1950-11-30,Illiquidity,0.00186590840532016,0.009216954818683966,0.00860436761757032,0.024023921142122203,0.0,0.0,0.00186590840532016,0.048369802491924296
1950-12-31,Illiquidity,0.048369802491924296,0.008076572015055935,0.011434341221461636,0.026628956742394922,0.0,0.0,0.048369802491924296,0.0299786981818181
1951-01-31,Illiquidity,0.0299786981818181,0.009565484604618145,0.011266585736051478,0.026493674287438294,0.0,0.0,0.0299786981818181,-0.00929916050722718
1951-02-28,Illiquidity,-0.00929916050722718,0.01019465372465867,0.008570169205334854,0.026828971613659706,0.0,0.0,-0.00929916050722718,-0.019920706498841402
1951-03-31,Illiquidity,-0.019920706498841402,0.010803830431801364,0.008243452354247805,0.027176998343292482,0.0,0.0,-0.019920706498841402,-0.00982887357618739
1951-04-30,Illiquidity,-0.00982887357618739,0.00895067689444666,0.007385714355227161,0.02760392242667938,0.0,0.0,-0.00982887357618739,-0.012651566595744701
1951-05-31,Illiquidity,-0.012651566595744701,0.009312581580534425,0.007482235899177836,0.027524983368745228,0.0,0.0,-0.012651566595744701,-0.0215767282228073
1951-06-30,Illiquidity,-0.0215767282228073,0.009865337297228362,0.007245165170558727,0.027782337299974147,0.0,0.0,-0.0215767282228073,-0.0499440507340242
1951-07-31,Illiquidity,-0.0499440507340242,0.0022033493644792353,-0.0021422673103960476,0.02633309700357686,0.0,0.0,-0.0499440507340242,0.00401564248704661
1951-08-31,Illiquidity,0.00401564248704661,-0.003893993489998365,-0.0032348571585779466,0.02572592060434222,0.0,0.0,0.00401564248704661,-0.00242734475886806
1951-09-30,Illiquidity,-0.00242734475886806,-0.002176638387618273,-0.0021975305852224183,0.025463509285670573,0.0,0.0,-0.00242734475886806,0.0073129224097999105
1951-10-31,Illiquidity,0.0073129224097999105,-0.0037653072115991877,-0.002842121409815926,0.025082314224055206,0.0,0.0,0.0073129224097999105,-0.0137118602392643
1951-11-30,Illiquidity,-0.0137118602392643,-0.003270124120282846,-0.0041402687968646315,0.025219240117228776,0.0,0.0,-0.0137118602392643,-0.0228773130510268
1951-12-31,Illiquidity,-0.0228773130510268,-0.008913911641299992,-0.010077528425443889,0.019462942435813535,0.0,0.0,-0.0228773130510268,-0.0029879290887881997
1952-01-31,Illiquidity,-0.0029879290887881997,-0.01371900357155862,-0.012824747364661082,0.01514194054094234,0.0,0.0,-0.0029879290887881997,0.008306576883635581
1952-02-29,Illiquidity,0.008306576883635581,-0.013145255260791439,-0.011357602582089184,0.01632158340369299,0.0,0.0,0.008306576883635581,-0.0302868517466155
1952-03-31,Illiquidity,-0.0302868517466155,-0.010579138589657167,-0.012221448019403692,0.017073024738164015,0.0,0.0,-0.0302868517466155,0.00855709259568776
1952-04-30,Illiquidity,0.00855709259568776,-0.012438954786968815,-0.010689284171747429,0.018101288090187143,0.0,0.0,0.00855709259568776,-0.010263131657181701
1952-05-31,Illiquidity,-0.010263131657181701,-0.010510894860474955,-0.01049024792686718,0.01809087817431328,0.0,0.0,-0.010263131657181701,-0.0172557220657806
1952-06-30,Illiquidity,-0.0172557220657806,-0.009482386081781717,-0.010130164080448287,0.01789206089748113,0.0,0.0,-0.0172557220657806,-0.00746999489795919
1952-07-31,Illiquidity,-0.00746999489795919,-0.006510719839214118,-0.0065906594274428715,0.012767067315070008,0.0,0.0,-0.00746999489795919,0.0110558112503885
1952-08-31,Illiquidity,0.0110558112503885,-0.007554868692396463,-0.006003978697164379,0.013442645984916525,0.0,0.0,0.0110558112503885,0.012743007783417899
1952-09-30,Illiquidity,0.012743007783417899,-0.006329127237009503,-0.004739782651973883,0.014482688518366189,0.0,0.0,0.012743007783417899,-0.0025331533775868696
1952-10-31,Illiquidity,-0.0025331533775868696,-0.00583548311213514,-0.005560288967589449,0.014008937666559576,0.0,0.0,-0.0025331533775868696,-0.0255046607314851
1952-11-30,Illiquidity,-0.0255046607314851,-0.004819237033800829,-0.006543022341941182,0.01501058521129059,0.0,0.0,-0.0255046607314851,-0.0151712553224553
1952-12-31,Illiquidity,-0.0151712553224553,-0.005058086822933402,-0.005900850864560224,0.014400704190989934,0.0,0.0,-0.0151712553224553,0.042041372707966394
1953-01-31,Illiquidity,0.042041372707966394,-0.006165661935084957,-0.0021484090481640066,0.020004965169907737,0.0,0.0,0.042041372707966394,0.0293073412410649
1953-02-28,Illiquidity,0.0293073412410649,-0.0030988623146912457,-0.0003983453517115637,0.02183739446259755,0.0,0.0,0.0293073412410649,0.0109277186442416
1953-03-31,Illiquidity,0.0109277186442416,0.0023187915932797,0.0030362021808598614,0.019860864386907075,0.0,0.0,0.0109277186442416,0.005371871160585439
1953-04-30,Illiquidity,0.005371871160585439,0.0025343030522391396,0.0027707670612680015,0.019801567718293993,0.0,0.0,0.005371871160585439,0.00266231096284667
1953-05-31,Illiquidity,0.00266231096284667,0.003955666944763425,0.003847887279603699,0.01937507751648897,0.0,0.0,0.00266231096284667,-0.0169662336211408
1953-06-30,Illiquidity,-0.0169662336211408,0.0057663972200931776,0.003872011316657016,0.01934657177596395,0.0,0.0,-0.0169662336211408,-0.012300842639593901
1953-07-31,Illiquidity,-0.012300842639593901,0.00490310279071303,0.0034694406715207898,0.019651887665365745,0.0,0.0,-0.012300842639593901,-0.00235406598984776
1953-08-31,Illiquidity,-0.00235406598984776,0.0027797706188964484,0.0023519509015011014,0.019562344132578253,0.0,0.0,-0.00235406598984776,-0.0264713382356976
1953-09-30,Illiquidity,-0.0264713382356976,0.0014073093667813887,-0.0009159112667585238,0.020898454147550597,0.0,0.0,-0.0264713382356976,-0.0246828548280708
1953-10-31,Illiquidity,-0.0246828548280708,-0.0007688892566832229,-0.002761719720965518,0.022003237925641194,0.0,0.0,-0.0246828548280708,-0.013269312085656399
1953-11-30,Illiquidity,-0.013269312085656399,-0.0006941796291001046,-0.0017421073338131261,0.02111927187491051,0.0,0.0,-0.013269312085656399,-0.0211307341998103
1953-12-31,Illiquidity,-0.0211307341998103,-0.0005212756984820227,-0.0022387305735927093,0.021529846746342184,0.0,0.0,-0.0211307341998103,0.0120186424107274
1954-01-31,Illiquidity,0.0120186424107274,-0.006264194508279904,-0.004740624765029293,0.017231864652380437,0.0,0.0,0.0120186424107274,-0.0111605460788838
1954-02-28,Illiquidity,-0.0111605460788838,-0.007835894401946951,-0.008112948708358351,0.013523680673532608,0.0,0.0,-0.0111605460788838,-0.0137845854855804
1954-03-31,Illiquidity,-0.0137845854855804,-0.009843918467685621,-0.010172307385843517,0.012174930580748306,0.0,0.0,-0.0137845854855804,-0.0176582322669608
1954-04-30,Illiquidity,-0.0176582322669608,-0.011585414526427973,-0.01209148267147237,0.011284490806675119,0.0,0.0,-0.0176582322669608,0.0009424958854509401
1954-05-31,Illiquidity,0.0009424958854509401,-0.01343273663822865,-0.012234800594588683,0.011089309965082733,0.0,0.0,0.0009424958854509401,-0.0037600125588696997
1954-06-30,Illiquidity,-0.0037600125588696997,-0.011804670319447581,-0.011134282172732756,0.011231460014870576,0.0,0.0,-0.0037600125588696997,0.0261792452087434
1954-07-31,Illiquidity,0.0261792452087434,-0.011028231221199928,-0.007927608185371315,0.015536315230372895,0.0,0.0,0.0261792452087434,0.0286265105898827
1954-08-31,Illiquidity,0.0286265105898827,-0.008434293839509822,-0.005345893470393777,0.018781771183561814,0.0,0.0,0.0286265105898827,-0.011659562009433199
1954-09-30,Illiquidity,-0.011659562009433199,-0.003425398491729796,-0.0041115787848717425,0.017724148441353865,0.0,0.0,-0.011659562009433199,0.00884570492371705
1954-10-31,Illiquidity,0.00884570492371705,-0.002241462780944559,-0.0013175321388894223,0.016805392156369114,0.0,0.0,0.00884570492371705,-0.026306004131408697
1954-11-30,Illiquidity,-0.026306004131408697,-0.00023100668918333664,-0.002403923142702114,0.018025358411491183,0.0,0.0,-0.026306004131408697,0.0425765489795917
1954-12-31,Illiquidity,0.0425765489795917,-0.0007014857738741003,0.0029050171222480526,0.02112383458565657,0.0,0.0,0.0425765489795917,0.0165476713162329
1955-01-31,Illiquidity,0.0165476713162329,0.0020765057323862903,0.003282436197706844,0.021340816141161793,0.0,0.0,0.0165476713162329,0.015509921250439
1955-02-28,Illiquidity,0.015509921250439,0.004595434586487809,0.005504975141817078,0.021087200492361208,0.0,0.0,0.015509921250439,0.005318361955873589
1955-03-31,Illiquidity,0.005318361955873589,0.007258571562489573,0.007096887428604911,0.02020105246851496,0.0,0.0,0.005318361955873589,-0.0098362324527942
1955-04-30,Illiquidity,-0.0098362324527942,0.009347352855474517,0.007748720746452126,0.019441576083878538,0.0,0.0,-0.0098362324527942,-0.000478813942399385
1955-05-31,Illiquidity,-0.000478813942399385,0.008367468461088594,0.007630278260797933,0.019491077151088363,0.0,0.0,-0.000478813942399385,-0.0166018128053059
1955-06-30,Illiquidity,-0.0166018128053059,0.008665759244404077,0.0065601282402615825,0.020499746857169557,0.0,0.0,-0.0166018128053059,0.0148780309098074
1955-07-31,Illiquidity,0.0148780309098074,0.004776572152217778,0.0056183603820169166,0.019762844999230148,0.0,0.0,0.0148780309098074,-0.0116452132686322
1955-08-31,Illiquidity,-0.0116452132686322,0.003526710363120024,0.002262383393807341,0.01890111946602519,0.0,0.0,-0.0116452132686322,0.0237866305737414
1955-09-30,Illiquidity,0.0237866305737414,0.003528014794101933,0.005216232775738558,0.019293299417525025,0.0,0.0,0.0237866305737414,0.00418851803030304
1955-10-31,Illiquidity,0.00418851803030304,0.004886280762285964,0.004828133867954058,0.019260466120422415,0.0,0.0,0.00418851803030304,-0.031078977614213202
1955-11-30,Illiquidity,-0.031078977614213202,0.007658510049714304,0.004430386077720349,0.019997065178554967,0.0,0.0,-0.031078977614213202,0.00822116947462121
1955-12-31,Illiquidity,0.00822116947462121,0.0009625530866411319,0.0015674377856394744,0.016123363603670123,0.0,0.0,0.00822116947462121,0.022850324213198003
1956-01-31,Illiquidity,0.022850324213198003,0.0002055983737673419,0.002092658860386566,0.016746329217274168,0.0,0.0,0.022850324213198003,-0.00746064871794874
1956-02-29,Illiquidity,-0.00746064871794874,0.0008729077340181603,0.00017844469635425455,0.01638210534266531,0.0,0.0,-0.00746064871794874,-0.0174821676923077
1956-03-31,Illiquidity,-0.0174821676923077,-0.0002888205090565969,-0.0017215994409941864,0.017040762888015967,0.0,0.0,-0.0174821676923077,0.00208599594969388
1956-04-30,Illiquidity,0.00208599594969388,-0.0009839055308305514,-0.000728080407453513,0.01687135590489047,0.0,0.0,0.00208599594969388,0.00460092297992226
1956-05-31,Illiquidity,0.00460092297992226,-0.0007507409951857092,-0.0003047689972600425,0.01694175847773341,0.0,0.0,0.00460092297992226,-0.021328721666666703
1956-06-30,Illiquidity,-0.021328721666666703,0.0011767804398350326,-0.0006986780690401096,0.017403776915523743,0.0,0.0,-0.021328721666666703,-0.0249487661691543
1956-07-31,Illiquidity,-0.0249487661691543,-0.002114742521662613,-0.0040175778256202515,0.01795210224027802,0.0,0.0,-0.0249487661691543,0.0174200190138417
1956-08-31,Illiquidity,0.0174200190138417,-0.0033241564217100766,-0.0015954751354140928,0.018771468876986296,0.0,0.0,0.0174200190138417,0.027320786759273
1956-09-30,Illiquidity,0.027320786759273,-0.003902939290791867,-0.0013009621199531266,0.019228072608304187,0.0,0.0,0.027320786759273,-0.00291096246042515
1956-10-31,Illiquidity,-0.00291096246042515,-0.0018000057699764163,-0.0018925854941804756,0.01915288734156496,0.0,0.0,-0.00291096246042515,0.00205737774111675
1956-11-30,Illiquidity,0.00205737774111675,0.0007607228803679519,0.0008687774520970202,0.016807517932132397,0.0,0.0,0.00205737774111675,-0.0292913603843962
1956-12-31,Illiquidity,-0.0292913603843962,0.00020037817732209166,-0.0022572667028210973,0.01869790865940479,0.0,0.0,-0.0292913603843962,0.0539755922058208
1957-01-31,Illiquidity,0.0539755922058208,-0.004539774967913745,0.00033650562989746835,0.023925530508139854,0.0,0.0,0.0539755922058208,0.0032751415106621502
1957-02-28,Illiquidity,0.0032751415106621502,0.0010453378433380317,0.0012311548156150427,0.023807898441072714,0.0,0.0,0.0032751415106621502,-0.013398805084799
1957-03-31,Illiquidity,-0.013398805084799,0.0029323659526989273,0.0015714350329074343,0.023543835537280407,0.0,0.0,-0.013398805084799,-0.0035308267400834
1957-04-30,Illiquidity,-0.0035308267400834,0.0015246567677450291,0.0011033664754259945,0.023588466661871765,0.0,0.0,-0.0035308267400834,-0.025230811637133
1957-05-31,Illiquidity,-0.025230811637133,0.0007854067931990596,-0.0013826114093286107,0.02473067355050948,0.0,0.0,-0.025230811637133,0.0220369825167504
1957-06-30,Illiquidity,0.0220369825167504,0.000430671341338487,0.0022311972726228144,0.02471948635805758,0.0,0.0,0.0220369825167504,0.00467282677878606
1957-07-31,Illiquidity,0.00467282677878606,0.004702103040057096,0.004699663351617845,0.023190268939636532,0.0,0.0,0.00467282677878606,0.0265109597099507
1957-08-31,Illiquidity,0.0265109597099507,0.003543267382324765,0.005457241742960261,0.023784472415362592,0.0,0.0,0.0265109597099507,0.020560965973242598
1957-09-30,Illiquidity,0.020560965973242598,0.0034696467414772835,0.0048939233441243945,0.023294580646327993,0.0,0.0,0.020560965973242598,-0.0249964133019115
1957-10-31,Illiquidity,-0.0249964133019115,0.005603458417265261,0.003053469107333865,0.024791642805938603,0.0,0.0,-0.0249964133019115,-0.025489576410969897
1957-11-30,Illiquidity,-0.025489576410969897,0.003144022867899056,0.0007578895946599778,0.026131412843291138,0.0,0.0,-0.025489576410969897,0.007471866889834649
1957-12-31,Illiquidity,0.007471866889834649,0.0034896395927559924,0.003821491867512548,0.024384887773957115,0.0,0.0,0.007471866889834649,0.0347514561764706
1958-01-31,Illiquidity,0.0347514561764706,-0.0007379717996063849,0.0022194805317333655,0.021215950039366955,0.0,0.0,0.0347514561764706,0.00947669181318682
1958-02-28,Illiquidity,0.00947669181318682,0.002123511351830747,0.002736276390277088,0.02131928204652132,0.0,0.0,0.00947669181318682,-0.00710171863636364
1958-03-31,Illiquidity,-0.00710171863636364,0.004203101978920367,0.003261033594313368,0.020960505084192376,0.0,0.0,-0.00710171863636364,0.00906749342529431
1958-04-30,Illiquidity,0.00906749342529431,0.003878475442894891,0.004310893608094844,0.020904826853696632,0.0,0.0,0.00906749342529431,0.00945701304866881
1958-05-31,Illiquidity,0.00945701304866881,0.006996503175842828,0.007201545665244995,0.01873409484997886,0.0,0.0,0.00945701304866881,-0.000298600907764599
1958-06-30,Illiquidity,-0.000298600907764599,0.005852869587835411,0.005340247046535411,0.01822889372246347,0.0,0.0,-0.000298600907764599,-0.000749059040857682
1958-07-31,Illiquidity,-0.000749059040857682,0.005400921616330805,0.004888423228231766,0.018313935805213448,0.0,0.0,-0.000749059040857682,0.0155343285762581
1958-08-31,Illiquidity,0.0155343285762581,0.002922738093530044,0.003973703967090717,0.017386419392753098,0.0,0.0,0.0155343285762581,0.0106246862745098
1958-09-30,Illiquidity,0.0106246862745098,0.002465771057440544,0.0031456806588629834,0.016749584000025363,0.0,0.0,0.0106246862745098,0.0031827582584758
1958-10-31,Illiquidity,0.0031827582584758,0.005704052837115208,0.005493944955561925,0.014231482340470895,0.0,0.0,0.0031827582584758,0.007804259803921591
1958-11-30,Illiquidity,0.007804259803921591,0.008310628716155725,0.008268431306802883,0.010361079488986367,0.0,0.0,0.007804259803921591,-0.005885688880918239
1958-12-31,Illiquidity,-0.005885688880918239,0.008340846253799992,0.007155301659240142,0.011142496709032132,0.0,0.0,-0.005885688880918239,0.046618960755476904
1959-01-31,Illiquidity,0.046618960755476904,0.0046465603394919164,0.008144260374157334,0.013979867781485938,0.0,0.0,0.046618960755476904,0.008940651284651761
1959-02-28,Illiquidity,0.008940651284651761,0.008023130243336469,0.008099590330112746,0.013976079093334957,0.0,0.0,0.008940651284651761,0.0104480880790064
1959-03-31,Illiquidity,0.0104480880790064,0.009481527508883324,0.00956207422306025,0.01313360710956096,0.0,0.0,0.0104480880790064,-0.014470541428571399
1959-04-30,Illiquidity,-0.014470541428571399,0.009607036113766242,0.00760057131857144,0.014858606547761917,0.0,0.0,-0.014470541428571399,-0.0068205619282195595
1959-05-31,Illiquidity,-0.0068205619282195595,0.007431803888562586,0.006244106737164076,0.01540661849587032,0.0,0.0,-0.0068205619282195595,-0.005890527217992741
1959-06-30,Illiquidity,-0.005890527217992741,0.006838898341248499,0.005778112877978397,0.01570419556802715,0.0,0.0,-0.005890527217992741,-0.00028952912621361504
1959-07-31,Illiquidity,-0.00028952912621361504,0.006371492143327131,0.00581640703753207,0.015687383615644774,0.0,0.0,-0.00028952912621361504,0.0168220278659447
1959-08-31,Illiquidity,0.0168220278659447,0.004932959624920611,0.00592371531167262,0.015764117948815874,0.0,0.0,0.0168220278659447,0.0175455262846318
1959-09-30,Illiquidity,0.0175455262846318,0.005496354315051056,0.006500451979182787,0.016075270171177714,0.0,0.0,0.0175455262846318,-0.0130470211307824
1959-10-31,Illiquidity,-0.0130470211307824,0.006802060499247056,0.00514797036341127,0.01703393286394785,0.0,0.0,-0.0130470211307824,-0.014322035408338102
1959-11-30,Illiquidity,-0.014322035408338102,0.004906489505183057,0.0033041124290562954,0.01789599006157395,0.0,0.0,-0.014322035408338102,0.006092552190385981
1959-12-31,Illiquidity,0.006092552190385981,0.004139548911781251,0.004302299184998313,0.017669433004517326,0.0,0.0,0.006092552190385981,0.0497508768624436
1960-01-31,Illiquidity,0.0497508768624436,0.0004553299513184401,0.004563292193912205,0.018360910672444438,0.0,0.0,0.0497508768624436,-0.00695817082642671
1960-02-29,Illiquidity,-0.00695817082642671,0.004165350458390425,0.0032383903513223326,0.018588539741039134,0.0,0.0,-0.00695817082642671,0.0053376549553013596
1960-03-31,Illiquidity,0.0053376549553013596,0.0025829632851692335,0.0028125209243469126,0.018466487336580732,0.0,0.0,0.0053376549553013596,-0.00770722458247012
1960-04-30,Illiquidity,-0.00770722458247012,0.004383708410975848,0.003376130661522019,0.017988055708963033,0.0,0.0,-0.00770722458247012,-0.0298044677371173
1960-05-31,Illiquidity,-0.0298044677371173,0.004303102715134888,0.0014608051774472072,0.02025346107319813,0.0,0.0,-0.0298044677371173,0.00754716416173298
1960-06-30,Illiquidity,0.00754716416173298,0.0021291081224872007,0.002580612792424351,0.0201814126644064,0.0,0.0,0.00754716416173298,0.016607967051264
1960-07-31,Illiquidity,0.016607967051264,0.0028415347850278007,0.003988737473880818,0.02054909588785142,0.0,0.0,0.016607967051264,0.020400809968186603
1960-08-31,Illiquidity,0.020400809968186603,0.0028220747109659185,0.004286969315734311,0.020776985157057795,0.0,0.0,0.020400809968186603,0.0070345072463768
1960-09-30,Illiquidity,0.0070345072463768,0.0030816459549254456,0.0034110510625463947,0.02038508160558555,0.0,0.0,0.0070345072463768,-0.0104530534242683
1960-10-31,Illiquidity,-0.0104530534242683,0.0049072394437581005,0.003627215038089236,0.020207675416801473,0.0,0.0,-0.0104530534242683,-0.0374034966863302
1960-11-30,Illiquidity,-0.0374034966863302,0.005258965078673537,0.001703759931589894,0.022979831397676544,0.0,0.0,-0.0374034966863302,-0.023620896574439998
1960-12-31,Illiquidity,-0.023620896574439998,0.0013047788171538844,-0.0007723607988122711,0.02404031047470298,0.0,0.0,-0.023620896574439998,0.010700601486436302
1961-01-31,Illiquidity,0.010700601486436302,-0.005365382404380988,-0.004026550413479546,0.01860903036936086,0.0,0.0,0.010700601486436302,0.006648698317507859
1961-02-28,Illiquidity,0.006648698317507859,-0.0037600394668479875,-0.002892644651484999,0.01882743103719476,0.0,0.0,0.006648698317507859,0.037488897415458904
1961-03-31,Illiquidity,0.037488897415458904,-0.0036408537066473967,-0.00021337444647187044,0.022107141989067717,0.0,0.0,0.037488897415458904,0.0281212783406032
1961-04-30,Illiquidity,0.0281212783406032,0.00046788465680069636,0.0027723341304509066,0.02338551277724268,0.0,0.0,0.0281212783406032,-0.00271158645922133
1961-05-31,Illiquidity,-0.00271158645922133,0.005733861572957105,0.005030074236942238,0.021156045701264493,0.0,0.0,-0.00271158645922133,-0.00946589614704842
1961-06-30,Illiquidity,-0.00946589614704842,0.004801247880143077,0.0036123192112104546,0.021538629210163744,0.0,0.0,-0.00946589614704842,-0.028274117370892
1961-07-31,Illiquidity,-0.028274117370892,0.002430896680296494,-0.0001278544906358793,0.022928801289018114,0.0,0.0,-0.028274117370892,-0.006460617410354979
1961-08-31,Illiquidity,-0.006460617410354979,-0.001994096714165197,-0.002366306772181011,0.022036290341982075,0.0,0.0,-0.006460617410354979,0.00489835040431267
1961-09-30,Illiquidity,0.00489835040431267,-0.003220926228413541,-0.002544319842353022,0.021961947852510093,0.0,0.0,0.00489835040431267,0.0043587942388716
1961-10-31,Illiquidity,0.0043587942388716,-0.0018253440621789072,-0.0013099992037580303,0.02189317252670017,0.0,0.0,0.0043587942388716,0.0141940253709471
1961-11-30,Illiquidity,0.0141940253709471,0.001971227840112166,0.0029897943010150784,0.01904109566033616,0.0,0.0,0.0141940253709471,-0.00215541289613483
1961-12-31,Illiquidity,-0.00215541289613483,0.005408948016965538,0.004778584607540509,0.017236703973341684,0.0,0.0,-0.00215541289613483,0.0499535428748725
1962-01-31,Illiquidity,0.0499535428748725,0.004240219436731799,0.008049663056576858,0.021627950607773106,0.0,0.0,0.0499535428748725,0.015255618703040099
1962-02-28,Illiquidity,0.015255618703040099,0.008177023487401312,0.008766906422037878,0.021719786874163864,0.0,0.0,0.015255618703040099,0.010425471378245298
1962-03-31,Illiquidity,0.010425471378245298,0.006155816331726876,0.006511620918936745,0.019785216885185062,0.0,0.0,0.010425471378245298,0.0152040750082117
1962-04-30,Illiquidity,0.0152040750082117,0.004547106607876157,0.005435187307904119,0.018831018491059257,0.0,0.0,0.0152040750082117,-0.0060919733559690005
1962-05-31,Illiquidity,-0.0060919733559690005,0.006175803104915523,0.005153488399841813,0.018988592485482986,0.0,0.0,-0.0060919733559690005,0.0151602161280335
1962-06-30,Illiquidity,0.0151602161280335,0.0064825233586500155,0.007205664422765307,0.018591552745864093,0.0,0.0,0.0151602161280335,0.00560520004346884
1962-07-31,Illiquidity,0.00560520004346884,0.010431099131279606,0.010028940873962043,0.014924659458852867,0.0,0.0,0.00560520004346884,-0.00231658316410087
1962-08-31,Illiquidity,-0.00231658316410087,0.01152799162708177,0.010374277061149887,0.014551711570578262,0.0,0.0,-0.00231658316410087,0.00674173121519818
1962-09-30,Illiquidity,0.00674173121519818,0.010872088575407814,0.01052789212872368,0.014498281564222976,0.0,0.0,0.00674173121519818,-0.025741720683069298
1962-10-31,Illiquidity,-0.025741720683069298,0.01108871920961932,0.008019515885228604,0.017873610510943477,0.0,0.0,-0.025741720683069298,-0.007989104027226331
1962-11-30,Illiquidity,-0.007989104027226331,0.007458196841072375,0.006170921768714151,0.01831856788092066,0.0,0.0,-0.007989104027226331,-0.0150556910722844
1962-12-31,Illiquidity,-0.0150556910722844,0.006927861283700421,0.0050958985873683525,0.019208526437620176,0.0,0.0,-0.0150556910722844,0.0377256971207088
1963-01-31,Illiquidity,0.0377256971207088,0.0010179309248679756,0.004076911441188045,0.016783860891304996,0.0,0.0,0.0377256971207088,0.023481836212624597
1963-02-28,Illiquidity,0.023481836212624597,0.003060665326474221,0.004762429566986754,0.01743722830022227,0.0,0.0,0.023481836212624597,-0.0129741067197639
1963-03-31,Illiquidity,-0.0129741067197639,0.004247607584145066,0.0028124647254859866,0.01804416944619479,0.0,0.0,-0.0129741067197639,-0.0197716092355625
1963-04-30,Illiquidity,-0.0197716092355625,0.0016859546997836483,-0.00010217562816186316,0.018674385499488796,0.0,0.0,-0.0197716092355625,0.0189174140669313
1963-05-31,Illiquidity,0.0189174140669313,0.0004423514380024212,0.001981939990413162,0.019329214986715366,0.0,0.0,0.0189174140669313,-0.001290339626083
1963-06-30,Illiquidity,-0.001290339626083,0.0007839148869931302,0.000611060344236787,0.018887930710826558,0.0,0.0,-0.001290339626083,0.00643491999999999
1963-07-31,Illiquidity,0.00643491999999999,0.00015704764430659937,0.0006802036739477162,0.018909381347172852,0.0,0.0,0.00643491999999999,-0.0346569915259535
1963-08-31,Illiquidity,-0.0346569915259535,0.0009526388410430412,-0.0020148303562066696,0.02150219833247465,0.0,0.0,-0.0346569915259535,0.0186770768686869
1963-09-30,Illiquidity,0.0186770768686869,-0.0028108814081525663,-0.0010202182184159431,0.02220850876827074,0.0,0.0,0.0186770768686869,-0.0175303525252525
1963-10-31,Illiquidity,-0.0175303525252525,0.0012271910965525427,-0.00033593753859787666,0.021492513387749688,0.0,0.0,-0.0175303525252525,-0.00762286815494392
1963-11-30,Illiquidity,-0.00762286815494392,0.0003598048694592548,-0.00030541788257434243,0.021480914725868817,0.0,0.0,-0.00762286815494392,-0.0228375497526182
1963-12-31,Illiquidity,-0.0228375497526182,0.0010355160437629345,-0.0009539061059354923,0.022075915786189903,0.0,0.0,-0.0228375497526182,0.0253314555550899
1964-01-31,Illiquidity,0.0253314555550899,-0.004470233671994065,-0.0019867595697370673,0.02032198480897085,0.0,0.0,0.0253314555550899,0.0057602538289382
1964-02-29,Illiquidity,0.0057602538289382,-0.004302086459042675,-0.0034635581017109333,0.018896871725143736,0.0,0.0,0.0057602538289382,0.00861810843894011
1964-03-31,Illiquidity,0.00861810843894011,-0.002598962772797029,-0.0016642068384855994,0.018936913261773814,0.0,0.0,0.00861810843894011,0.00956684010311871
1964-04-30,Illiquidity,0.00956684010311871,-1.8079347842246242e-05,0.0007806639397378345,0.018268709461042247,0.0,0.0,0.00956684010311871,-0.00612844111797563
1964-05-31,Illiquidity,-0.00612844111797563,-0.0008681315263706636,-0.0013064906590044096,0.017419223066865414,0.0,0.0,-0.00612844111797563,-0.00956137053571428
1964-06-30,Illiquidity,-0.00956137053571428,-0.001307958934724539,-0.0019957432348070166,0.017581407034264702,0.0,0.0,-0.00956137053571428,0.017963018644389598
1964-07-31,Illiquidity,0.017963018644389598,-0.0027621671652440184,-0.001035068347774549,0.01838073582624993,0.0,0.0,0.017963018644389598,0.0102730347826087
1964-08-31,Illiquidity,0.0102730347826087,0.0020214701229689905,0.0027091005112723013,0.015212374799740584,0.0,0.0,0.0102730347826087,0.00615233558705229
1964-09-30,Illiquidity,0.00615233558705229,0.0012574662969618816,0.0016653720711360834,0.014426575816497785,0.0,0.0,0.00615233558705229,0.0179941853875305
1964-10-31,Illiquidity,0.0179941853875305,0.003410437943535044,0.0046257502305346665,0.01375888216608483,0.0,0.0,0.0179941853875305,0.00424936639230234
1964-11-30,Illiquidity,0.00424936639230234,0.005739260992850901,0.005615103109471855,0.013214119191483789,0.0,0.0,0.00424936639230234,-0.0165552665906167
1964-12-31,Illiquidity,-0.0165552665906167,0.008201707915116404,0.006138626706305314,0.012058287683146877,0.0,0.0,-0.0165552665906167,0.025009557719658702
1965-01-31,Illiquidity,0.025009557719658702,0.004393824083688532,0.006111801886686047,0.012011979034528527,0.0,0.0,0.025009557719658702,0.0020437804326450203
1965-02-28,Illiquidity,0.0020437804326450203,0.0061437608010267595,0.005802095770328281,0.012069639753443726,0.0,0.0,0.0020437804326450203,0.0280013702463526
1965-03-31,Illiquidity,0.0280013702463526,0.005546094618636297,0.007417367587612657,0.013671492785901504,0.0,0.0,0.0280013702463526,0.012029606254216401
1965-04-30,Illiquidity,0.012029606254216401,0.007221960995293922,0.007622598100204131,0.013725073086765967,0.0,0.0,0.012029606254216401,-0.00104129629927595
1965-05-31,Illiquidity,-0.00104129629927595,0.008872692574584106,0.00804652683509577,0.013334743898846162,0.0,0.0,-0.00104129629927595,-0.0151856880733946
1965-06-30,Illiquidity,-0.0151856880733946,0.009647244777896682,0.007577833706955744,0.014087489692111672,0.0,0.0,-0.0151856880733946,0.0038553220338983004
1965-07-31,Illiquidity,0.0038553220338983004,0.006633725985370847,0.006402192322748136,0.01372605504830167,0.0,0.0,0.0038553220338983004,0.000914395263207846
1965-08-31,Illiquidity,0.000914395263207846,0.0060502975536699,0.0056223056961313975,0.013751972673343391,0.0,0.0,0.000914395263207846,-0.00426980240043642
1965-09-30,Illiquidity,-0.00426980240043642,0.005574121160593134,0.004753794197174006,0.014041514424653498,0.0,0.0,-0.00426980240043642,0.0212793741336059
1965-10-31,Illiquidity,0.0212793741336059,0.003550122270777959,0.005027559926013622,0.014351727365105696,0.0,0.0,0.0212793741336059,0.0191110907054871
1965-11-30,Illiquidity,0.0191110907054871,0.005098304792714646,0.0062660369521123525,0.014908896709060959,0.0,0.0,0.0191110907054871,0.0125436392537798
1965-12-31,Illiquidity,0.0125436392537798,0.008340700910542264,0.008690945772478727,0.01311855526177736,0.0,0.0,0.0125436392537798,0.0430334790543735
1966-01-31,Illiquidity,0.0430334790543735,0.007207435595462363,0.010192939217038293,0.01589483077311265,0.0,0.0,0.0430334790543735,0.0326420500207086
1966-02-28,Illiquidity,0.0326420500207086,0.010933771833801316,0.012742795016043591,0.01689172661985296,0.0,0.0,0.0326420500207086,0.000897423687423686
1966-03-31,Illiquidity,0.000897423687423686,0.011355651813288226,0.010484132802799516,0.016472855783019616,0.0,0.0,0.000897423687423686,0.0121330616613248
1966-04-30,Illiquidity,0.0121330616613248,0.010343635216307072,0.010492754086725216,0.016473765205216984,0.0,0.0,0.0121330616613248,-0.0301352919014219
1966-05-31,Illiquidity,-0.0301352919014219,0.011541304121816228,0.008068254453213054,0.02007327432011432,0.0,0.0,-0.0301352919014219,0.000528397146243815
1966-06-30,Illiquidity,0.000528397146243815,0.010182249228359202,0.009377761554849588,0.01889642982206865,0.0,0.0,0.000528397146243815,-0.00296590456431534
1966-07-31,Illiquidity,-0.00296590456431534,0.009879801511299703,0.00880932600499845,0.019178152786986216,0.0,0.0,-0.00296590456431534,-0.0204301701244815
1966-08-31,Illiquidity,-0.0204301701244815,0.00952704698152487,0.007030612222691006,0.020890339910604648,0.0,0.0,-0.0204301701244815,0.00502561015609564
1966-09-30,Illiquidity,0.00502561015609564,0.008057922642975316,0.007805229935735345,0.020603595424988616,0.0,0.0,0.00502561015609564,-0.0390223364942529
1966-10-31,Illiquidity,-0.0390223364942529,0.0065803077359289286,0.002780087383413777,0.02407909941052018,0.0,0.0,-0.0390223364942529,-0.0154815109649123
1966-11-30,Illiquidity,-0.0154815109649123,0.0012954507177707466,-0.0001026294224528394,0.02401684436007163,0.0,0.0,-0.0154815109649123,-0.0036002247126436697
1966-12-31,Illiquidity,-0.0036002247126436697,-0.0012522902112012625,-0.0014479514196547953,0.0236940408872695,0.0,0.0,-0.0036002247126436697,0.0612190634313549
1967-01-31,Illiquidity,0.0612190634313549,-0.005491717826384641,6.751394509365491e-05,0.027130125455098835,0.0,0.0,0.0612190634313549,0.0292221479351059
1967-02-28,Illiquidity,0.0292221479351059,-0.002893807516325887,-0.00021747789537323683,0.026772439046805145,0.0,0.0,0.0292221479351059,0.00270541592144795
1967-03-31,Illiquidity,0.00270541592144795,-0.0003188325847184132,-6.681187587121485e-05,0.02678436843553575,0.0,0.0,0.00270541592144795,-0.00296371219347145
1967-04-30,Illiquidity,-0.00296371219347145,-0.0011758912883435809,-0.0013248763637709023,0.026512413420978563,0.0,0.0,-0.00296371219347145,0.0302963634835479
1967-05-31,Illiquidity,0.0302963634835479,0.001294252321470096,0.003711094918309914,0.026280859617247125,0.0,0.0,0.0302963634835479,0.027905363563911698
1967-06-30,Illiquidity,0.027905363563911698,0.0040004310794068305,0.005992508786448904,0.02715325911088316,0.0,0.0,0.027905363563911698,0.0346969506691201
1967-07-31,Illiquidity,0.0346969506691201,0.0068069100001547445,0.009131080055901858,0.028180874466143015,0.0,0.0,0.0346969506691201,0.0286983918367347
1967-08-31,Illiquidity,0.0286983918367347,0.011818466435936705,0.013225126886003207,0.02704147670654702,0.0,0.0,0.0286983918367347,0.0289921537812859
1967-09-30,Illiquidity,0.0289921537812859,0.013970537497812985,0.015222338854769061,0.027264957332731453,0.0,0.0,0.0289921537812859,0.0256345065471737
1967-10-31,Illiquidity,0.0256345065471737,0.02015367297740742,0.02061040910822128,0.021308789696385555,0.0,0.0,0.0256345065471737,-0.0036557737511741
1967-11-30,Illiquidity,-0.0036557737511741,0.023891492751233423,0.02159588720936613,0.019700661346810346,0.0,0.0,-0.0036557737511741,0.032864953650385303
1967-12-31,Illiquidity,0.032864953650385303,0.023886442838639745,0.024634652072951874,0.018217412580052685,0.0,0.0,0.032864953650385303,0.100629942222034
1968-01-31,Illiquidity,0.100629942222034,0.021308796494915235,0.027918891972175137,0.026897187284589327,0.0,0.0,0.100629942222034,-0.00177419241277846
1968-02-29,Illiquidity,-0.00177419241277846,0.02780041415736325,0.025335863609851437,0.02821663255468185,0.0,0.0,-0.00177419241277846,-0.0229890022815646
1968-03-31,Illiquidity,-0.0229890022815646,0.027393177036069936,0.023194662092933725,0.030934094831664323,0.0,0.0,-0.0229890022815646,0.014098073472599799
1968-04-30,Illiquidity,0.014098073472599799,0.02557269611897056,0.02461647756510633,0.030000498665515286,0.0,0.0,0.014098073472599799,0.06967248055873519
1968-05-31,Illiquidity,0.06967248055873519,0.024100124299793458,0.02789782065470527,0.03270933266047656,0.0,0.0,0.06967248055873519,0.0135923684144348
1968-06-30,Illiquidity,0.0135923684144348,0.027897134935686504,0.026705071058915526,0.0329689646923712,0.0,0.0,0.0135923684144348,0.051038019796875
1968-07-31,Illiquidity,0.051038019796875,0.025978536548896935,0.028066826819561772,0.03365932083703538,0.0,0.0,0.051038019796875,0.0185074590277285
1968-08-31,Illiquidity,0.0185074590277285,0.028009411818000592,0.027217582418811254,0.03377031606293728,0.0,0.0,0.0185074590277285,-0.00983324167709634
1968-09-30,Illiquidity,-0.00983324167709634,0.02705625774949538,0.023982132797279402,0.035405153154104044,0.0,0.0,-0.00983324167709634,0.023893349580104
1968-10-31,Illiquidity,0.023893349580104,0.02383191700183446,0.023837036383356925,0.035401333406242706,0.0,0.0,0.023893349580104,-0.0107093711637707
1968-11-30,Illiquidity,-0.0107093711637707,0.026336382759223384,0.023249236598973877,0.035953571119406114,0.0,0.0,-0.0107093711637707,0.0329178154516822
1968-12-31,Illiquidity,0.0329178154516822,0.02237508050339102,0.02325364174908195,0.03595485958857325,0.0,0.0,0.0329178154516822,-0.00698287648398416
1969-01-31,Illiquidity,-0.00698287648398416,0.016219432615177217,0.014285906856913772,0.02727366885210589,0.0,0.0,-0.00698287648398416,0.00399537001216085
1969-02-28,Illiquidity,0.00399537001216085,0.015745915881431247,0.014766703725658714,0.027014436395868296,0.0,0.0,0.00399537001216085,0.00109932744075464
1969-03-31,Illiquidity,0.00109932744075464,0.018199040635406286,0.016774064535851986,0.024754296929095754,0.0,0.0,0.00109932744075464,-0.011775681803167199
1969-04-30,Illiquidity,-0.011775681803167199,0.01701733645069309,0.0146179182628714,0.026098879926920775,0.0,0.0,-0.011775681803167199,0.0186262674050325
1969-05-31,Illiquidity,0.0186262674050325,0.009612958054156509,0.01036406716672951,0.019680599379538154,0.0,0.0,0.0186262674050325,-0.0211973043349345
1969-06-30,Illiquidity,-0.0211973043349345,0.010070585235119936,0.007464927770948735,0.02162789453587185,0.0,0.0,-0.0211973043349345,-0.0115021701244813
1969-07-31,Illiquidity,-0.0115021701244813,0.0035037375867736174,0.0022532452775023766,0.01726957620032669,0.0,0.0,-0.0115021701244813,-0.028558311576640398
1969-08-31,Illiquidity,-0.028558311576640398,0.0007755894820272721,-0.0016689022728616982,0.01854031125997398,0.0,0.0,-0.028558311576640398,0.0123244762605042
1969-09-30,Illiquidity,0.0123244762605042,-0.0009266895997494605,0.00017757422193834696,0.018755409055678837,0.0,0.0,0.0123244762605042,-0.00372579964980814
1969-10-31,Illiquidity,-0.00372579964980814,-0.001978405356076715,-0.002124021547220998,0.01721164845264695,0.0,0.0,-0.00372579964980814,-0.0045819762658228
1969-11-30,Illiquidity,-0.0045819762658228,-0.001343535218443755,-0.0016134053057253398,0.01702365689012553,0.0,0.0,-0.0045819762658228,-0.0174112226265823
1969-12-31,Illiquidity,-0.0174112226265823,-0.004752607192762392,-0.005807491812247381,0.013597912000998778,0.0,0.0,-0.0174112226265823,0.0799882682971014
1970-01-31,Illiquidity,0.0799882682971014,-0.0057006386602713125,0.0014401035861764157,0.028224964084942607,0.0,0.0,0.0799882682971014,-0.05004130905172419
1970-02-28,Illiquidity,-0.05004130905172419,0.001207806638359646,-0.003062953002480671,0.03185708257280767,0.0,0.0,-0.05004130905172419,0.0164534320175439
1970-03-31,Illiquidity,0.0164534320175439,-0.0034413421336838834,-0.0017834442877482325,0.03234407323213993,0.0,0.0,0.0164534320175439,0.0111486498525074
1970-04-30,Illiquidity,0.0111486498525074,-0.000875059059073784,0.00012691668355798387,0.03237722306232907,0.0,0.0,0.0111486498525074,-0.0220066461309524
1970-05-31,Illiquidity,-0.0220066461309524,-0.001554842472939702,-0.003259159444440758,0.03239137482377687,0.0,0.0,-0.0220066461309524,0.0148288878513133
1970-06-30,Illiquidity,0.0148288878513133,-0.00162841899985042,-0.00025697676225344083,0.032246854667327074,0.0,0.0,0.0148288878513133,-0.00741425873568939
1970-07-31,Illiquidity,-0.00741425873568939,0.0007653135434036344,8.368252014588498e-05,0.03213867073370704,0.0,0.0,-0.00741425873568939,-0.0058812448979591505
1970-08-31,Illiquidity,-0.0058812448979591505,0.002687500165308271,0.0019734380767026556,0.030945991284415744,0.0,0.0,-0.0058812448979591505,0.0395784617494368
1970-09-30,Illiquidity,0.0395784617494368,0.0010324346054479668,0.004244603534113705,0.032723766239471916,0.0,0.0,0.0395784617494368,-0.0205899997570692
1970-10-31,Illiquidity,-0.0205899997570692,0.004969185641742962,0.002839253525175284,0.03345121785498223,0.0,0.0,-0.0205899997570692,-0.043628386178861805
1970-11-30,Illiquidity,-0.043628386178861805,0.0035139107789023795,-0.00041461396757796624,0.036037781664052304,0.0,0.0,-0.043628386178861805,0.043073925142188
1970-12-31,Illiquidity,0.043073925142188,0.001130532274149697,0.004625815013152892,0.03763875664089991,0.0,0.0,0.043073925142188,0.0717523910645619
1971-01-31,Illiquidity,0.0717523910645619,-0.002225317103569702,0.0039394919104412665,0.03618671452693936,0.0,0.0,0.0717523910645619,0.012902744963460399
1971-02-28,Illiquidity,0.012902744963460399,0.008846837452456307,0.009184829745039983,0.03196661837773175,0.0,0.0,0.012902744963460399,0.00805743574297188
1971-03-31,Illiquidity,0.00805743574297188,0.008524047720266896,0.008485163388825647,0.03188484341801224,0.0,0.0,0.00805743574297188,-0.00859895838771894
1971-04-30,Illiquidity,-0.00859895838771894,0.008243028255763668,0.006839529368806787,0.03224247813409313,0.0,0.0,-0.00859895838771894,-0.0141580843634321
1971-05-31,Illiquidity,-0.0141580843634321,0.009461908959693982,0.00749357618276681,0.03167880847904105,0.0,0.0,-0.0141580843634321,-0.0281216526056244
1971-06-30,Illiquidity,-0.0281216526056244,0.0068267296674444,0.003914364478022003,0.0331661445952119,0.0,0.0,-0.0281216526056244,0.00922975222449425
1971-07-31,Illiquidity,0.00922975222449425,0.004944239315632127,0.00530136539137064,0.032996907575475354,0.0,0.0,0.00922975222449425,0.0150063756422339
1971-08-31,Illiquidity,0.0150063756422339,0.006317966326764254,0.007042000436386728,0.03290417731390812,0.0,0.0,0.0150063756422339,-0.00174630246394231
1971-09-30,Illiquidity,-0.00174630246394231,0.0040841403170185355,0.0035982700852718007,0.03131342340692394,0.0,0.0,-0.00174630246394231,0.00462780979020973
1971-10-31,Illiquidity,0.00462780979020973,0.0057972037073028,0.005699754214211711,0.030374672564762836,0.0,0.0,0.00462780979020973,-0.032278146533558004
1971-11-30,Illiquidity,-0.032278146533558004,0.01018413061358203,0.006645607517987029,0.028836763020465957,0.0,0.0,-0.032278146533558004,0.0232260381173583
1971-12-31,Illiquidity,0.0232260381173583,0.003333942279423302,0.004991616932584553,0.02707264310590261,0.0,0.0,0.0232260381173583,0.0779395737061795
1972-01-31,Illiquidity,0.0779395737061795,-0.0010775443521406623,0.005507215486052687,0.028481926301774187,0.0,0.0,0.0779395737061795,0.00160264416751596
1972-02-29,Illiquidity,0.00160264416751596,0.004834894624470165,0.004565540419723984,0.028401876029939304,0.0,0.0,0.00160264416751596,-0.006059245515181469
1972-03-31,Illiquidity,-0.006059245515181469,0.004248095390337808,0.003389150314877871,0.028536130529063317,0.0,0.0,-0.006059245515181469,0.0013409074945862
1972-04-30,Illiquidity,0.0013409074945862,0.004478978378750306,0.004217472471736633,0.028299799772064264,0.0,0.0,0.0013409074945862,-0.032250635015535295
1972-05-31,Illiquidity,-0.032250635015535295,0.005887977638570152,0.0027097599173946997,0.029809468824322297,0.0,0.0,-0.032250635015535295,-0.00462471785138089
1972-06-30,Illiquidity,-0.00462471785138089,0.005512615601305524,0.004667837813581659,0.028335423517178066,0.0,0.0,-0.00462471785138089,-0.00403732846715328
1972-07-31,Illiquidity,-0.00403732846715328,0.004253118321680511,0.003562247755944365,0.028399999022491216,0.0,0.0,-0.00403732846715328,-0.021362593840062498
1972-08-31,Illiquidity,-0.021362593840062498,0.002521872493554404,0.0005315002990863316,0.029001902591184014,0.0,0.0,-0.021362593840062498,-0.0175532567269103
1972-09-30,Illiquidity,-0.0175532567269103,0.0007385732775434777,-0.0007857458894943341,0.029469957420458326,0.0,0.0,-0.0175532567269103,-0.029589422644201703
1972-10-31,Illiquidity,-0.029589422644201703,-0.0012778873149219795,-0.003637181925695287,0.030534688550847396,0.0,0.0,-0.029589422644201703,0.0008006700646026931
1972-11-30,Illiquidity,0.0008006700646026931,-0.001033457870435043,-0.0008806138758485622,0.029176959966146825,0.0,0.0,0.0008006700646026931,-0.0102558457788183
1972-12-31,Illiquidity,-0.0102558457788183,-0.0030721276934128254,-0.003670770867196612,0.02824823327058612,0.0,0.0,-0.0102558457788183,0.0254765055653439
1973-01-31,Illiquidity,0.0254765055653439,-0.011089893101139899,-0.008042693212266245,0.01577552890384879,0.0,0.0,0.0254765055653439,-0.0138984739170871
1973-02-28,Illiquidity,-0.0138984739170871,-0.008919542064973722,-0.009334453052649834,0.015546921200114448,0.0,0.0,-0.0138984739170871,-0.00654544436461866
1973-03-31,Illiquidity,-0.00654544436461866,-0.009632199192419687,-0.009374969623436267,0.015538240899519695,0.0,0.0,-0.00654544436461866,0.016932459401709402
1973-04-30,Illiquidity,0.016932459401709402,-0.01034914027052922,-0.008075673631176,0.01709013269634384,0.0,0.0,0.016932459401709402,-0.0336918574973413
1973-05-31,Illiquidity,-0.0336918574973413,-0.00587794986896152,-0.008195775504659832,0.017279483409194222,0.0,0.0,-0.0336918574973413,-0.0108712358522745
1973-06-30,Illiquidity,-0.0108712358522745,-0.008520417109503376,-0.008716318671400967,0.017256198013841886,0.0,0.0,-0.0108712358522745,0.030833278841979502
1973-07-31,Illiquidity,0.030833278841979502,-0.009141681417241669,-0.005810434728973235,0.020706801353263707,0.0,0.0,0.030833278841979502,-0.0255633228957422
1973-08-31,Illiquidity,-0.0255633228957422,-0.004396602082510577,-0.0061604954836132104,0.0210266589933475,0.0,0.0,-0.0255633228957422,0.0078028538042523195
1973-09-30,Illiquidity,0.0078028538042523195,-0.0051247899160407505,-0.004047486272682992,0.0210517256734458,0.0,0.0,0.0078028538042523195,0.0250538506351804
1973-10-31,Illiquidity,0.0250538506351804,-0.0017254920570903844,0.0005061198339321834,0.020934095819234954,0.0,0.0,0.0250538506351804,-0.0530800723170988
1973-11-30,Illiquidity,-0.0530800723170988,0.0004793425402348616,-0.003983942031209608,0.026024578257404066,0.0,0.0,-0.0530800723170988,-0.0367967576424271
1973-12-31,Illiquidity,-0.0367967576424271,-0.003413768963245183,-0.006195684686510341,0.027681151830130982,0.0,0.0,-0.0367967576424271,0.123397981360445
1974-01-31,Illiquidity,0.123397981360445,-0.009074974709406184,0.0019644382964147506,0.046143104667636464,0.0,0.0,0.123397981360445,0.006991049137174629
1974-02-28,Illiquidity,0.006991049137174629,0.003406521224914917,0.0037052318842698954,0.04588356576152884,0.0,0.0,0.006991049137174629,0.0340893548428316
1974-03-31,Illiquidity,0.0340893548428316,0.004637111543259762,0.007091465151557418,0.046552841269048635,0.0,0.0,0.0340893548428316,0.0104602781753131
1974-04-30,Illiquidity,0.0104602781753131,0.006196829310634506,0.006552116716024392,0.04646587242753563,0.0,0.0,0.0104602781753131,-0.0258993698466208
1974-05-31,Illiquidity,-0.0258993698466208,0.01021065982633036,0.007201490686917767,0.04590336845033843,0.0,0.0,-0.0258993698466208,0.013923421644275
1974-06-30,Illiquidity,0.013923421644275,0.008844465826844334,0.009267712144963558,0.045572760248992414,0.0,0.0,0.013923421644275,0.017043469924812
1974-07-31,Illiquidity,0.017043469924812,0.0073072060815984686,0.008118561401866268,0.04515144557915029,0.0,0.0,0.017043469924812,0.00391259099910275
1974-08-31,Illiquidity,0.00391259099910275,0.011180550883467033,0.010574887559770013,0.04393797468707253,0.0,0.0,0.00391259099910275,0.0397920386024423
1974-09-30,Illiquidity,0.0397920386024423,0.010826890628453436,0.013240652959619176,0.04471798895454235,0.0,0.0,0.0397920386024423,-0.122765805494421
1974-10-31,Illiquidity,-0.122765805494421,0.012166725898204517,0.0009223482821523951,0.05918691612010374,0.0,0.0,-0.122765805494421,-0.025794589907020802
1974-11-30,Illiquidity,-0.025794589907020802,0.005831659245720682,0.0031961384829922285,0.0574214826215183,0.0,0.0,-0.025794589907020802,-0.0378803856548661
1974-12-31,Illiquidity,-0.0378803856548661,0.006831856312575799,0.003105836148622311,0.057490904080240046,0.0,0.0,-0.0378803856548661,0.135607058013446
1975-01-31,Illiquidity,0.135607058013446,-0.007829813416088847,0.004123259203039061,0.05987198189132457,0.0,0.0,0.135607058013446,-0.0412893759057401
1975-02-28,Illiquidity,-0.0412893759057401,0.0038625510272085506,9.989044946283332e-05,0.06126769104544107,0.0,0.0,-0.0412893759057401,0.0173683680619257
1975-03-31,Illiquidity,0.0173683680619257,-0.00299006085902524,-0.0012935251156126583,0.06061101532987062,0.0,0.0,0.0173683680619257,-0.0174017798353909
1975-04-30,Illiquidity,-0.0174017798353909,-0.0023620526875150036,-0.0036153632831713253,0.06065347157949855,0.0,0.0,-0.0174017798353909,0.0135585592592593
1975-05-31,Illiquidity,0.0135585592592593,-0.0015895445046759222,-0.00032720252434798356,0.06040462235018908,0.0,0.0,0.0135585592592593,0.0101293075555555
1975-06-30,Illiquidity,0.0101293075555555,-0.001622713812404622,-0.0006433786984079418,0.060333136620643706,0.0,0.0,0.0101293075555555,0.032340843065693396
1975-07-31,Illiquidity,0.032340843065693396,-0.0022512740277915765,0.0006314023966655079,0.06089976458262924,0.0,0.0,0.032340843065693396,-0.0362229733338926
1975-08-31,Illiquidity,-0.0362229733338926,0.0003331125237166641,-0.002713227964417438,0.061798672222595184,0.0,0.0,-0.0362229733338926,0.014320973764508799
1975-09-30,Illiquidity,0.014320973764508799,-0.006577343106859235,-0.004835816700911896,0.06063245194727428,0.0,0.0,0.014320973764508799,-0.0171813949721225
1975-10-31,Illiquidity,-0.0171813949721225,0.00588509137122529,0.003962884175946312,0.04838779139889437,0.0,0.0,-0.0171813949721225,0.014521402004097801
1975-11-30,Illiquidity,0.014521402004097801,0.006668109092579682,0.007322550168539529,0.04752577165844726,0.0,0.0,0.014521402004097801,-0.0112381946160085
1975-12-31,Illiquidity,-0.0112381946160085,0.011431907970667309,0.009542732755110995,0.04581358869506769,0.0,0.0,-0.0112381946160085,0.0801662289820125
1976-01-31,Illiquidity,0.0801662289820125,-0.0019176604501921907,0.004922663669158206,0.0329283763458225,0.0,0.0,0.0801662289820125,0.09587467777584599
1976-02-29,Illiquidity,0.09587467777584599,0.009123758175967138,0.016353001475957047,0.03872507110898348,0.0,0.0,0.09587467777584599,-0.0156930937339365
1976-03-31,Illiquidity,-0.0156930937339365,0.016260695422687165,0.013597879659635196,0.039807234781653454,0.0,0.0,-0.0156930937339365,-0.0108414083680918
1976-04-30,Illiquidity,-0.0108414083680918,0.016416030522819383,0.01414457728191012,0.03938560964892301,0.0,0.0,-0.0108414083680918,-0.0189467584800344
1976-05-31,Illiquidity,-0.0189467584800344,0.014197851647605645,0.011435800803635649,0.04053072029827448,0.0,0.0,-0.0189467584800344,-0.022799685702018003
1976-06-30,Illiquidity,-0.022799685702018003,0.011554572917097473,0.008691718032171189,0.04172434856559753,0.0,0.0,-0.022799685702018003,0.0294728612099644
1976-07-31,Illiquidity,0.0294728612099644,0.006541797574578254,0.008452719544193773,0.04158455050644736,0.0,0.0,0.0294728612099644,-0.0108611524725275
1976-08-31,Illiquidity,-0.0108611524725275,0.012514146169474345,0.010566204615974198,0.03970977614622182,0.0,0.0,-0.0108611524725275,-0.00646465294033276
1976-09-30,Illiquidity,-0.00646465294033276,0.01022486196610741,0.0088340690572374,0.03998349413085339,0.0,0.0,-0.00646465294033276,0.006040130299539151
1976-10-31,Illiquidity,0.006040130299539151,0.011199111241724659,0.010769196163209205,0.03916346042162204,0.0,0.0,0.006040130299539151,0.023980931158142302
1976-11-30,Illiquidity,0.023980931158142302,0.010428086541310234,0.011557490259379582,0.03934065322292955,0.0,0.0,0.023980931158142302,0.036249132692307603
1976-12-31,Illiquidity,0.036249132692307603,0.013629825248051215,0.01551476753507259,0.039227391162914994,0.0,0.0,0.036249132692307603,0.0818592426718801
1977-01-31,Illiquidity,0.0818592426718801,0.009637361948987134,0.015655852009228224,0.0394832639434838,0.0,0.0,0.0818592426718801,0.0107384604316547
1977-02-28,Illiquidity,0.0107384604316547,0.008363231484990236,0.008561167230545614,0.030351449800903853,0.0,0.0,0.0107384604316547,0.026108829470242
1977-03-31,Illiquidity,0.026108829470242,0.010766100045498527,0.012044660830893823,0.02970667218957249,0.0,0.0,0.026108829470242,0.0210714568345323
1977-04-30,Illiquidity,0.0210714568345323,0.014125212576256147,0.01470406626444583,0.02888880206767194,0.0,0.0,0.0210714568345323,0.011121072884238099
1977-05-31,Illiquidity,0.011121072884238099,0.017763232150307666,0.017209718878135206,0.026943226555261143,0.0,0.0,0.011121072884238099,0.025276303050989803
1977-06-30,Illiquidity,0.025276303050989803,0.020846937476330943,0.02121605127421919,0.023849949425206227,0.0,0.0,0.025276303050989803,0.0250991573426573
1977-07-31,Illiquidity,0.0250991573426573,0.020465432189151436,0.0208515759519436,0.023745488487731704,0.0,0.0,0.0250991573426573,0.00577561912648754
1977-08-31,Illiquidity,0.00577561912648754,0.023734551263259143,0.02223797358519485,0.02215821745382292,0.0,0.0,0.00577561912648754,0.0076582570668767705
1977-09-30,Illiquidity,0.0076582570668767705,0.02484730326933372,0.023414882752462313,0.02083039429224549,0.0,0.0,0.0076582570668767705,0.0220124546969276
1977-10-31,Illiquidity,0.0220124546969276,0.02499440570272805,0.024745909785578016,0.02011734614742964,0.0,0.0,0.0220124546969276,0.042582615367383995
1977-11-30,Illiquidity,0.042582615367383995,0.024815453297163073,0.026296050136348156,0.02075946975281202,0.0,0.0,0.042582615367383995,0.00183948832162625
1977-12-31,Illiquidity,0.00183948832162625,0.025391224449442747,0.023428579772124713,0.021618389386967963,0.0,0.0,0.00183948832162625,0.037356017275317205
1978-01-31,Illiquidity,0.037356017275317205,0.018116701326692394,0.01971997765574447,0.012633608673121575,0.0,0.0,0.037356017275317205,0.0459552146076146
1978-02-28,Illiquidity,0.0459552146076146,0.020536479221570807,0.022654707170407795,0.014333549669932426,0.0,0.0,0.0459552146076146,0.044201659246707097
1978-03-31,Illiquidity,0.044201659246707097,0.02234069605224104,0.02416244298511322,0.01562346162031904,0.0,0.0,0.044201659246707097,-0.00239968126897378
1978-04-30,Illiquidity,-0.00239968126897378,0.024443441726075113,0.02220651480982105,0.017412384495997652,0.0,0.0,-0.00239968126897378,0.0381936956369681
1978-05-31,Illiquidity,0.0381936956369681,0.023214282257601308,0.024462566705881875,0.017598368102088962,0.0,0.0,0.0381936956369681,0.00496027719298245
1978-06-30,Illiquidity,0.00496027719298245,0.024388590674508423,0.022769564551047936,0.018468671784386104,0.0,0.0,0.00496027719298245,-0.0006916462585034109
1978-07-31,Illiquidity,-0.0006916462585034109,0.022557783388174348,0.020620330917617873,0.01963665672297571,0.0,0.0,-0.0006916462585034109,0.0575833925379025
1978-08-31,Illiquidity,0.0575833925379025,0.02196985017135699,0.024937645368569118,0.02166650780934898,0.0,0.0,0.0575833925379025,0.00572274904831349
1978-09-30,Illiquidity,0.00572274904831349,0.026508498850541143,0.024776353033688844,0.0218135403426579,0.0,0.0,0.00572274904831349,-0.0962348979591839
1978-10-31,Illiquidity,-0.0962348979591839,0.025027616518848952,0.014922406979012889,0.04123658642929835,0.0,0.0,-0.0962348979591839,0.018063957641049
1978-11-30,Illiquidity,0.018063957641049,0.012407842580070055,0.012879185501818305,0.04033913262258387,0.0,0.0,0.018063957641049,0.00286906176604735
1978-12-31,Illiquidity,0.00286906176604735,0.013882794336381211,0.012964983288853397,0.04031460501922631,0.0,0.0,0.00286906176604735,0.0660418076787912
1979-01-31,Illiquidity,0.0660418076787912,0.010747616562811226,0.01535546582247623,0.04267381038858216,0.0,0.0,0.0660418076787912,0.00995060514747416
1979-02-28,Illiquidity,0.00995060514747416,0.012573670478372738,0.01235508170079786,0.041578442030541896,0.0,0.0,0.00995060514747416,0.0184706585693979
1979-03-31,Illiquidity,0.0184706585693979,0.009459938287533377,0.010210831644355427,0.04043452320834935,0.0,0.0,0.0184706585693979,0.024025518496449697
1979-04-30,Illiquidity,0.024025518496449697,0.01135724190920353,0.012412931624807383,0.04040486800436222,0.0,0.0,0.024025518496449697,0.00445959479443951
1979-05-31,Illiquidity,0.00445959479443951,0.010069225805520039,0.009601756554596668,0.03961388903968284,0.0,0.0,0.00445959479443951,0.000518926380483489
1979-06-30,Illiquidity,0.000518926380483489,0.010023709223834318,0.009231643986888421,0.039681886097592704,0.0,0.0,0.000518926380483489,-0.0022061651025003202
1979-07-31,Illiquidity,-0.0022061651025003202,0.010133761281924034,0.00910543408322201,0.03971870817165857,0.0,0.0,-0.0022061651025003202,0.0136506889989261
1979-08-31,Illiquidity,0.0136506889989261,0.004698346950978325,0.005444375454973979,0.036758474904114435,0.0,0.0,0.0136506889989261,-0.0101865026300409
1979-09-30,Illiquidity,-0.0101865026300409,0.005419068764670381,0.00411860448177778,0.03703339412403991,0.0,0.0,-0.0101865026300409,-0.0424492502901105
1979-10-31,Illiquidity,-0.0424492502901105,0.013241650158228835,0.008600741787533896,0.025123078979961067,0.0,0.0,-0.0424492502901105,0.0035929164987260997
1979-11-30,Illiquidity,0.0035929164987260997,0.007740449437214333,0.007394821692340322,0.02497441420240847,0.0,0.0,0.0035929164987260997,0.00426213189025921
1979-12-31,Illiquidity,0.00426213189025921,0.0078062544129124025,0.007510910869357976,0.024954694465278576,0.0,0.0,0.00426213189025921,0.013925396649547499
1980-01-31,Illiquidity,0.013925396649547499,0.0021899202503185855,0.0031678766169210017,0.01715978629529755,0.0,0.0,0.013925396649547499,-0.009204055313588871
1980-02-29,Illiquidity,-0.009204055313588871,0.0025512649323252527,0.0015716549118324156,0.017361203171794327,0.0,0.0,-0.009204055313588871,-0.0626200141887097
1980-03-31,Illiquidity,-0.0626200141887097,3.538185205372797e-05,-0.005185901151343218,0.024499618589289163,0.0,0.0,-0.0626200141887097,0.0196782218582815
1980-04-30,Illiquidity,0.0196782218582815,-0.007841484755688036,-0.005548175871190567,0.024056537725558998,0.0,0.0,0.0196782218582815,-0.000974118609017456
1980-05-31,Illiquidity,-0.000974118609017456,-0.006457973204429673,-0.006000985321478649,0.023901679610278104,0.0,0.0,-0.000974118609017456,0.0059092367726612804
1980-06-30,Illiquidity,0.0059092367726612804,-0.006593704567111577,-0.0055517927887971654,0.024085295447391623,0.0,0.0,0.0059092367726612804,0.013189972027972
1980-07-31,Illiquidity,0.013189972027972,-0.005855940760278705,-0.004268781361257805,0.024682388142565785,0.0,0.0,0.013189972027972,0.0273253312092229
1980-08-31,Illiquidity,0.0273253312092229,-0.0058978241212745315,-0.0031292278437330726,0.025871923485294133,0.0,0.0,0.0273253312092229,-0.00835403363576782
1980-09-30,Illiquidity,-0.00835403363576782,-0.0024876574086141858,-0.0029765220942103154,0.025831858963693773,0.0,0.0,-0.00835403363576782,0.0214922472464766
1980-10-31,Illiquidity,0.0214922472464766,0.0006119077417806031,0.0023519360338386096,0.02343278418694961,0.0,0.0,0.0214922472464766,-0.0693664638452718
1980-11-30,Illiquidity,-0.0693664638452718,0.002239119627939739,-0.003728012328161215,0.03124456128085545,0.0,0.0,-0.0693664638452718,-0.0184287032009423
1980-12-31,Illiquidity,-0.0184287032009423,-0.0044543890752903525,-0.005618915252428008,0.03140325757138516,0.0,0.0,-0.0184287032009423,0.0831945713417076
1981-01-31,Illiquidity,0.0831945713417076,-0.007395670879880334,0.00015351597191866814,0.040400060951179956,0.0,0.0,0.0831945713417076,0.012936859347015802
1981-02-28,Illiquidity,0.012936859347015802,0.0010042042706011637,0.0019985921936357238,0.04043941846736418,0.0,0.0,0.012936859347015802,0.0167155675459049
1981-03-31,Illiquidity,0.0167155675459049,0.007873010955667118,0.008609890671520274,0.03503936239525124,0.0,0.0,0.0167155675459049,0.048555111941729
1981-04-30,Illiquidity,0.048555111941729,0.007603678745451065,0.011016298178474231,0.03681520099795121,0.0,0.0,0.048555111941729,0.013440994226507701
1981-05-31,Illiquidity,0.013440994226507701,0.012106336068246197,0.012217557581434661,0.03662307027006114,0.0,0.0,0.013440994226507701,0.0299234473570347
1981-06-30,Illiquidity,0.0299234473570347,0.012791041291323142,0.014218741796799113,0.036902067936902705,0.0,0.0,0.0299234473570347,-0.0231547245704467
1981-07-31,Illiquidity,-0.0231547245704467,0.014312266321237933,0.011190017080264222,0.03845307451755784,0.0,0.0,-0.0231547245704467,0.00415655359130731
1981-08-31,Illiquidity,0.00415655359130731,0.00972317034126797,0.00925928561210459,0.03814972524262555,0.0,0.0,0.00415655359130731,0.000334313218024507
1981-09-30,Illiquidity,0.000334313218024507,0.010860496452820256,0.009983314516587283,0.03786645481163714,0.0,0.0,0.000334313218024507,-0.007243664029044869
1981-10-31,Illiquidity,-0.007243664029044869,0.008937047904779156,0.007588655243627161,0.03798091978019656,0.0,0.0,-0.007243664029044869,0.00841301270133456
1981-11-30,Illiquidity,0.00841301270133456,0.014584575160799786,0.014070278289177689,0.029298626875089856,0.0,0.0,0.00841301270133456,0.0061415550701612795
1981-12-31,Illiquidity,0.0061415550701612795,0.017024731151915863,0.016117799811769654,0.027632124956595512,0.0,0.0,0.0061415550701612795,0.020684463095498196
1982-01-31,Illiquidity,0.020684463095498196,0.0100199114908662,0.010908624124585537,0.018077642204401778,0.0,0.0,0.020684463095498196,0.0385457197491225
1982-02-28,Illiquidity,0.0385457197491225,0.010724239104364599,0.013042695824761094,0.019771091836679276,0.0,0.0,0.0385457197491225,0.021407018089698998
1982-03-31,Illiquidity,0.021407018089698998,0.012708798395566196,0.013433650036743938,0.01989630974116424,0.0,0.0,0.021407018089698998,-0.0157688731382979
1982-04-30,Illiquidity,-0.0157688731382979,0.010240789863563471,0.008073317946741695,0.018163316944134852,0.0,0.0,-0.0157688731382979,0.043597129446567996
1982-05-31,Illiquidity,0.043597129446567996,0.007585347375853871,0.010586329215080051,0.020859515887691384,0.0,0.0,0.043597129446567996,0.014058003228373599
1982-06-30,Illiquidity,0.014058003228373599,0.008828409383993261,0.009264208871024962,0.02000787524434506,0.0,0.0,0.014058003228373599,0.0317511086255205
1982-07-31,Illiquidity,0.0317511086255205,0.012211384638431471,0.013839694970688895,0.018108055284956834,0.0,0.0,0.0317511086255205,-0.0527823047546112
1982-08-31,Illiquidity,-0.0527823047546112,0.01471998055063267,0.009094790108529018,0.026425670169272556,0.0,0.0,-0.0527823047546112,0.0476606200296081
1982-09-30,Illiquidity,0.0476606200296081,0.009891197098574877,0.013038649009494316,0.028453160055576594,0.0,0.0,0.0476606200296081,-0.0171495501635055
1982-10-31,Illiquidity,-0.0171495501635055,0.01488249564936151,0.012213158498289264,0.02922822953730176,0.0,0.0,-0.0171495501635055,0.0375126147756575
1982-11-30,Illiquidity,0.0375126147756575,0.012558626298012415,0.014638125337816178,0.030079046210875596,0.0,0.0,0.0375126147756575,0.00779627445652174
1982-12-31,Illiquidity,0.00779627445652174,0.01541054081669389,0.014776018620012883,0.030040321801020068,0.0,0.0,0.00779627445652174,0.0193961467201939
1983-01-31,Illiquidity,0.0193961467201939,0.014238887304059665,0.014668658922070858,0.03001958122668745,0.0,0.0,0.0193961467201939,0.030955633046757698
1983-02-28,Illiquidity,0.030955633046757698,0.01249801702870252,0.014036151696873791,0.029547001901443427,0.0,0.0,0.030955633046757698,0.0300839014733419
1983-03-31,Illiquidity,0.0300839014733419,0.013366072933889674,0.014759225312177366,0.029848412644062284,0.0,0.0,0.0300839014733419,0.00844688927760617
1983-04-30,Illiquidity,0.00844688927760617,0.017534506989493295,0.016777205513502706,0.02837928017084509,0.0,0.0,0.00844688927760617,0.0466073328964938
1983-05-31,Illiquidity,0.0466073328964938,0.014339030610496765,0.017028055800996523,0.028649912014267198,0.0,0.0,0.0466073328964938,0.0006323721007371221
1983-06-30,Illiquidity,0.0006323721007371221,0.01729806058032587,0.015909253207026818,0.029035978690178186,0.0,0.0,0.0006323721007371221,0.0379390827586207
1983-07-31,Illiquidity,0.0379390827586207,0.014469084532618292,0.0164249177181185,0.029395619234191293,0.0,0.0,0.0379390827586207,-0.027115596563540397
1983-08-31,Illiquidity,-0.027115596563540397,0.022716483397457556,0.0185638100673744,0.024413791086779588,0.0,0.0,-0.027115596563540397,0.0032418137808320003
1983-09-30,Illiquidity,0.0032418137808320003,0.01591864552535315,0.014862242879976393,0.0229229642142204,0.0,0.0,0.0032418137808320003,-0.0187923853480671
1983-10-31,Illiquidity,-0.0187923853480671,0.017772405883929285,0.014725339947929591,0.0231354497183753,0.0,0.0,-0.0187923853480671,0.035605826388979495
1983-11-30,Illiquidity,0.035605826388979495,0.01265376950904523,0.014566440915706422,0.02297067538385994,0.0,0.0,0.035605826388979495,0.0188453740122915
1983-12-31,Illiquidity,0.0188453740122915,0.015181910593814114,0.01548719921202057,0.022895953925956128,0.0,0.0,0.0188453740122915,0.0220312100005258
1984-01-31,Illiquidity,0.0220312100005258,0.015131840347641172,0.015706787818714898,0.022949425314014258,0.0,0.0,0.0220312100005258,-0.006524262689167381
1984-02-29,Illiquidity,-0.006524262689167381,0.014320529161620087,0.012583463174054474,0.02323412026337479,0.0,0.0,-0.006524262689167381,0.00439830083275504
1984-03-31,Illiquidity,0.00439830083275504,0.010992514237755609,0.010442996454005567,0.02265114919234625,0.0,0.0,0.00439830083275504,-0.00734539023903853
1984-04-30,Illiquidity,-0.00734539023903853,0.010624460742769142,0.009126973160951842,0.023229055877696254,0.0,0.0,-0.00734539023903853,-0.0034605872811872
1984-05-31,Illiquidity,-0.0034605872811872,0.00571966773044802,0.004954646479478427,0.020181559988798354,0.0,0.0,-0.0034605872811872,-0.0107298758741259
1984-06-30,Illiquidity,-0.0107298758741259,0.0053475805139094465,0.004007792481573174,0.02066356652118878,0.0,0.0,-0.0107298758741259,-0.0155127239724754
1984-07-31,Illiquidity,-0.0155127239724754,0.0009231297291143011,-0.000446524746018167,0.018311545275964927,0.0,0.0,-0.0155127239724754,-0.0222621074025708
1984-08-31,Illiquidity,-0.0222621074025708,0.0019779363283020284,-4.206731593736721e-05,0.0177127504655791,0.0,0.0,-0.0222621074025708,0.00847630390802738
1984-09-30,Illiquidity,0.00847630390802738,-0.0003406019610982263,0.00039414019466224776,0.017864775572868394,0.0,0.0,0.00847630390802738,-0.015719253085485
1984-10-31,Illiquidity,-0.015719253085485,0.0021383697894558173,0.000650234549877423,0.01758455918162326,0.0,0.0,-0.015719253085485,-0.006330721399507649
1984-11-30,Illiquidity,-0.006330721399507649,-0.0025275465264045912,-0.002844477765829839,0.013756545922323017,0.0,0.0,-0.006330721399507649,-0.0148291728235389
1984-12-31,Illiquidity,-0.0148291728235389,-0.004816282472931786,-0.005650690002149039,0.012285813818195478,0.0,0.0,-0.0148291728235389,0.0249516447356765
1985-01-31,Illiquidity,0.0249516447356765,-0.008167226366028579,-0.00540732044088648,0.012897702373455505,0.0,0.0,0.0249516447356765,0.000648001181144651
1985-02-28,Illiquidity,0.000648001181144651,-0.005305780236497315,-0.004809631785027145,0.013006958175826734,0.0,0.0,0.000648001181144651,-0.00642956182469754
1985-03-31,Illiquidity,-0.00642956182469754,-0.005646716568461895,-0.005711953673148192,0.012681620571904216,0.0,0.0,-0.00642956182469754,0.009832946687426179
1985-04-30,Illiquidity,0.009832946687426179,-0.005563459439885442,-0.0042804255959428,0.01342806776935622,0.0,0.0,0.009832946687426179,-0.0421278547409264
1985-05-31,Illiquidity,-0.0421278547409264,-0.004354956351829681,-0.0075026978842544015,0.017295828025132687,0.0,0.0,-0.0421278547409264,-0.010994041303156099
1985-06-30,Illiquidity,-0.010994041303156099,-0.007209318066993362,-0.007524711670006918,0.01730047640866327,0.0,0.0,-0.010994041303156099,0.0420632407793364
1985-07-31,Illiquidity,0.0420632407793364,-0.00679852873341888,-0.0027267146073559345,0.022179594843109357,0.0,0.0,0.0420632407793364,-0.00161150480905598
1985-08-31,Illiquidity,-0.00161150480905598,-0.0009507698077909538,-0.0010058310578963657,0.021310163047860948,0.0,0.0,-0.00161150480905598,-0.0048772391307682
1985-09-30,Illiquidity,-0.0048772391307682,-0.0018678433275258041,-0.002118626311129331,0.0211177880600431,0.0,0.0,-0.0048772391307682,-0.020353100545439998
1985-10-31,Illiquidity,-0.020353100545439998,-0.0008822056952788225,-0.00250478026612558,0.021429165175825205,0.0,0.0,-0.020353100545439998,-0.0074704591671829
1985-11-30,Illiquidity,-0.0074704591671829,-0.002156967435818127,-0.0025997584134318514,0.02145017951328043,0.0,0.0,-0.0074704591671829,0.019279964315001098
1985-12-31,Illiquidity,0.019279964315001098,-0.0014879934670584906,0.00024266968144648175,0.021936733685835225,0.0,0.0,0.019279964315001098,-0.0146179910557062
1986-01-31,Illiquidity,-0.0146179910557062,-0.0020036007780289823,-0.00305479996783541,0.020831028537201646,0.0,0.0,-0.0146179910557062,-0.00194287884955131
1986-02-28,Illiquidity,-0.00194287884955131,-0.0033914182541063317,-0.0032707066370600735,0.02080256866359933,0.0,0.0,-0.00194287884955131,0.0123999728253218
1986-03-31,Illiquidity,0.0123999728253218,-0.002983537983638493,-0.0017015787495584618,0.021248018889105536,0.0,0.0,0.0123999728253218,0.018306913505779402
1986-04-30,Illiquidity,0.018306913505779402,-0.0027501719711025274,-0.0009954148480290266,0.021799857901194996,0.0,0.0,0.018306913505779402,-0.0211291603058891
1986-05-31,Illiquidity,-0.0211291603058891,0.0027438978695070912,0.0007544763548907486,0.01883979471416252,0.0,0.0,-0.0211291603058891,-0.015396902887364202
1986-06-30,Illiquidity,-0.015396902887364202,0.001822523414713182,0.0003875712228734068,0.019130034608495387,0.0,0.0,-0.015396902887364202,-0.022509193271400097
1986-07-31,Illiquidity,-0.022509193271400097,-0.0034011260095323276,-0.004993464948021301,0.014971106272968071,0.0,0.0,-0.022509193271400097,-0.052423144609769795
1986-08-31,Illiquidity,-0.052423144609769795,-0.005300915869745429,-0.009227768264747452,0.02020004324230208,0.0,0.0,-0.052423144609769795,0.044704383833337295
1986-09-30,Illiquidity,0.044704383833337295,-0.009623270913291028,-0.005095966351071995,0.025536689645290458,0.0,0.0,0.044704383833337295,-0.0436242985709942
1986-10-31,Illiquidity,-0.0436242985709942,-0.0037089541515840023,-0.007035232853201512,0.027600841363109824,0.0,0.0,-0.0436242985709942,-0.00896881973668913
1986-11-30,Illiquidity,-0.00896881973668913,-0.006995666824657757,-0.007160096233993697,0.02760637793467358,0.0,0.0,-0.00896881973668913,0.0229712653439154
1986-12-31,Illiquidity,0.0229712653439154,-0.00956373810208414,-0.006852487814917506,0.027946246784631354,0.0,0.0,0.0229712653439154,-0.0451876773276474
1987-01-31,Illiquidity,-0.0451876773276474,-0.006146532974845815,-0.009399961670912605,0.030033811311213254,0.0,0.0,-0.0451876773276474,0.0233638179375161
1987-02-28,Illiquidity,0.0233638179375161,-0.010077878291036367,-0.00729107027199032,0.03145966556992799,0.0,0.0,0.0233638179375161,0.0214354727922333
1987-03-31,Illiquidity,0.0214354727922333,-0.009081165099018703,-0.006538111941414362,0.03207588995247808,0.0,0.0,0.0214354727922333,-0.00931292846215488
1987-04-30,Illiquidity,-0.00931292846215488,-0.008796750618431985,-0.008839765438742219,0.03110735500586383,0.0,0.0,-0.00931292846215488,-0.0101852179095538
1987-05-31,Illiquidity,-0.0101852179095538,-0.007722547723547055,-0.00792777023904761,0.030873853432208796,0.0,0.0,-0.0101852179095538,-0.0198923544335894
1987-06-30,Illiquidity,-0.0198923544335894,-0.007248758180109747,-0.008302391201233045,0.03099973947886871,0.0,0.0,-0.0198923544335894,0.00741167615658363
1987-07-31,Illiquidity,0.00741167615658363,-0.007010863740308775,-0.005808985415567735,0.030956444687005983,0.0,0.0,0.00741167615658363,-0.00877474718309858
1987-08-31,Illiquidity,-0.00877474718309858,-0.0015713345797311908,-0.0021716189633451326,0.027333740111382412,0.0,0.0,-0.00877474718309858,0.0142441857142857
1987-09-30,Illiquidity,0.0142441857142857,-0.0064330737630435425,-0.004709968806599432,0.023766414804281943,0.0,0.0,0.0142441857142857,-0.058474654796663306
1987-10-31,Illiquidity,-0.058474654796663306,-0.0011723024643817343,-0.005947498492071858,0.02623530903376751,0.0,0.0,-0.058474654796663306,0.0327566522486773
1987-11-30,Illiquidity,0.0327566522486773,-0.0056728329243793865,-0.002470375826624655,0.028468490012009566,0.0,0.0,0.0327566522486773,-0.020693972332924502
1987-12-31,Illiquidity,-0.020693972332924502,-0.004783252296673759,-0.006109145633027981,0.02770122868119878,0.0,0.0,-0.020693972332924502,0.000619466515751776
1988-01-31,Illiquidity,0.000619466515751776,-0.0025565518426080413,-0.002291883646078049,0.024834403351446932,0.0,0.0,0.000619466515751776,0.022157068368641
1988-02-29,Illiquidity,0.022157068368641,-0.0046242201536775265,-0.002392446110150974,0.024723265386726104,0.0,0.0,0.022157068368641,0.0596337927303319
1988-03-31,Illiquidity,0.0596337927303319,-0.00455862055582228,0.0007907472180239093,0.029972002562256423,0.0,0.0,0.0596337927303319,0.0216554596714038
1988-04-30,Illiquidity,0.0216554596714038,0.0017092631889492457,0.003371446229153799,0.03035376596133485,0.0,0.0,0.0216554596714038,-0.0246002276497294
1988-05-31,Illiquidity,-0.0246002276497294,0.004603870241763572,0.002170195417472499,0.03121214440691095,0.0,0.0,-0.0246002276497294,0.00870354115702481
1988-06-30,Illiquidity,0.00870354115702481,0.004175881767569028,0.00455318671669035,0.030457067060928194,0.0,0.0,0.00870354115702481,0.010321838182671602
1988-07-31,Illiquidity,0.010321838182671602,0.004293324040336408,0.004795700218864348,0.030493461143729864,0.0,0.0,0.010321838182671602,0.00891348029155205
1988-08-31,Illiquidity,0.00891348029155205,0.006029377255406423,0.006269719175085234,0.030203987071552765,0.0,0.0,0.00891348029155205,-0.0116113741815631
1988-09-30,Illiquidity,-0.0116113741815631,0.005544767671521547,0.0041150891837645,0.03050412997888252,0.0,0.0,-0.0116113741815631,-0.0323381167654052
1988-10-31,Illiquidity,-0.0323381167654052,0.009805065909257928,0.006293134019702676,0.02626777324576976,0.0,0.0,-0.0323381167654052,-0.0140179393133462
1988-11-30,Illiquidity,-0.0140179393133462,0.003887359635250429,0.002395251389534051,0.02544129617035572,0.0,0.0,-0.0140179393133462,0.021956153949617502
1988-12-31,Illiquidity,0.021956153949617502,0.004494271727939366,0.0059494285797458855,0.02489575650217522,0.0,0.0,0.021956153949617502,-0.0222764055279301
1989-01-31,Illiquidity,-0.0222764055279301,0.006433970585563523,0.004041439242772395,0.02618533549652617,0.0,0.0,-0.0222764055279301,0.0337937607197386
1989-02-28,Illiquidity,0.0337937607197386,0.0023945638676934225,0.005011163605363861,0.02711613068450695,0.0,0.0,0.0337937607197386,-0.002662864921781
1989-03-31,Illiquidity,-0.002662864921781,4.547004854857688e-05,-0.0001802245323122131,0.020976140012472683,0.0,0.0,-0.002662864921781,-0.023874428267363797
1989-04-30,Illiquidity,-0.023874428267363797,-0.002165286732650041,-0.003974381860542846,0.02078428946905627,0.0,0.0,-0.023874428267363797,0.00071641050976202
1989-05-31,Illiquidity,0.00071641050976202,-0.0020993049706168046,-0.001864662013918561,0.01975997005112719,0.0,0.0,0.00071641050976202,-0.00142038835480309
1989-06-30,Illiquidity,-0.00142038835480309,-0.0028254077567316034,-0.002708322806570886,0.019481902742291182,0.0,0.0,-0.00142038835480309,-0.0478902551724138
1989-07-31,Illiquidity,-0.0478902551724138,-0.00389288289650203,-0.007559330586161335,0.022891492024599405,0.0,0.0,-0.0478902551724138,-0.0157122539612676
1989-08-31,Illiquidity,-0.0157122539612676,-0.009056858847771652,-0.00961147510722964,0.022378572490744382,0.0,0.0,-0.0157122539612676,0.0182652531492897
1989-09-30,Illiquidity,0.0182652531492897,-0.009429666100472061,-0.007121756162991907,0.023755446362854947,0.0,0.0,0.0182652531492897,-0.0189850801601226
1989-10-31,Illiquidity,-0.0189850801601226,-0.004829359744590708,-0.00600900311255169,0.022758711684455833,0.0,0.0,-0.0189850801601226,-0.0095515589191958
1989-11-30,Illiquidity,-0.0095515589191958,-0.005280918003388562,-0.00563680474637249,0.022652097627106103,0.0,0.0,-0.0095515589191958,-0.013251266861598401
1989-12-31,Illiquidity,-0.013251266861598401,-0.008145255536917044,-0.008570756480640483,0.0209709855543858,0.0,0.0,-0.013251266861598401,0.0243536345583077
1990-01-31,Illiquidity,0.0243536345583077,-0.007324788385432344,-0.0046849198067873314,0.02246730670421234,0.0,0.0,0.0243536345583077,-0.00402516171777043
1990-02-28,Illiquidity,-0.00402516171777043,-0.008182981672835153,-0.00783649667657975,0.018957406229448453,0.0,0.0,-0.00402516171777043,0.00193471355202358
1990-03-31,Illiquidity,0.00193471355202358,-0.00830682683610692,-0.007453365137096037,0.01911725628590419,0.0,0.0,0.00193471355202358,-0.00213793385956911
1990-04-30,Illiquidity,-0.00213793385956911,-0.005960541216162613,-0.005641990603113146,0.018437594819034845,0.0,0.0,-0.00213793385956911,-0.0391758051883843
1990-05-31,Illiquidity,-0.0391758051883843,-0.006220027067919989,-0.008966341911292006,0.020650480175585514,0.0,0.0,-0.0391758051883843,0.0218134407979977
1990-06-30,Illiquidity,0.0218134407979977,-0.009652337689154645,-0.007030189481891941,0.022434419619092393,0.0,0.0,0.0218134407979977,-0.014634149305555599
1990-07-31,Illiquidity,-0.014634149305555599,-0.0033156380554808713,-0.004258847326320424,0.01866558868065133,0.0,0.0,-0.014634149305555599,-0.0114725263444049
1990-08-31,Illiquidity,-0.0114725263444049,-0.003217628541325235,-0.0039055366915818654,0.01846816649196153,0.0,0.0,-0.0114725263444049,-0.012740407916511001
1990-09-30,Illiquidity,-0.012740407916511001,-0.005921063040752017,-0.006489341780398591,0.017210470787158406,0.0,0.0,-0.012740407916511001,-0.0398237471578947
1990-10-31,Illiquidity,-0.0398237471578947,-0.0053533655640600536,-0.008225897363546265,0.0194867203093621,0.0,0.0,-0.0398237471578947,-0.0435549096724111
1990-11-30,Illiquidity,-0.0435549096724111,-0.008105382676669043,-0.011059509926314206,0.022006371727829686,0.0,0.0,-0.0435549096724111,-0.005114554633279231
1990-12-31,Illiquidity,-0.005114554633279231,-0.010860259295833835,-0.010381450573954275,0.02205799357068169,0.0,0.0,-0.005114554633279231,0.000507053801169643
1991-01-31,Illiquidity,0.000507053801169643,-0.013539185585978102,-0.012368665637049116,0.019579095967393146,0.0,0.0,0.000507053801169643,0.014796116019647301
1991-02-28,Illiquidity,0.014796116019647301,-0.013127165993347185,-0.010800225825597635,0.02100982941258149,0.0,0.0,0.014796116019647301,0.020177421599912
1991-03-31,Illiquidity,0.020177421599912,-0.011957947587199575,-0.009280000154940269,0.022613843663067637,0.0,0.0,0.020177421599912,0.000335116526542392
1991-04-30,Illiquidity,0.000335116526542392,-0.009929278909064929,-0.00907391262276431,0.02269596854544544,0.0,0.0,0.000335116526542392,-0.00594971184092016
1991-05-31,Illiquidity,-0.00594971184092016,-0.0063373769349806845,-0.006305071510475632,0.02062173564603903,0.0,0.0,-0.00594971184092016,0.0211225148232533
1991-06-30,Illiquidity,0.0211225148232533,-0.008861299902155034,-0.006362648675037664,0.020536879836705577,0.0,0.0,0.0211225148232533,-0.0310028699003322
1991-07-31,Illiquidity,-0.0310028699003322,-0.005610694072263317,-0.007726708724602381,0.02164967484371637,0.0,0.0,-0.0310028699003322,-0.0036942548066002303
1991-08-31,Illiquidity,-0.0036942548066002303,-0.0073861798500748895,-0.007078519429785325,0.02164376956716539,0.0,0.0,-0.0036942548066002303,0.0225621459420978
1991-09-30,Illiquidity,0.0225621459420978,-0.006563802294628455,-0.0041366399415679244,0.023150960269138664,0.0,0.0,0.0225621459420978,-0.00838798175737308
1991-10-31,Illiquidity,-0.00838798175737308,-0.0008923574673564101,-0.0015169928248577906,0.020355455486714493,0.0,0.0,-0.00838798175737308,0.0101935962682627
1991-11-30,Illiquidity,0.0101935962682627,0.0023046359794652283,0.0029620493368650263,0.015629226318826205,0.0,0.0,0.0101935962682627,-0.045115670548766806
1991-12-31,Illiquidity,-0.045115670548766806,0.0036962860614235854,-0.00037137698942560533,0.02088908961289911,0.0,0.0,-0.045115670548766806,0.07909858674134519
1992-01-31,Illiquidity,0.07909858674134519,-0.000451234334025183,0.00617791742225569,0.031042315870493806,0.0,0.0,0.07909858674134519,0.0183390892622735
1992-02-29,Illiquidity,0.0183390892622735,0.005394444822492807,0.00647316519247454,0.031148404043673306,0.0,0.0,0.0183390892622735,0.00989581904060319
1992-03-31,Illiquidity,0.00989581904060319,0.005227323700889307,0.005616364979198807,0.030877400466956476,0.0,0.0,0.00989581904060319,-0.044408048169513596
1992-04-30,Illiquidity,-0.044408048169513596,0.006096478474894834,0.001887767921194141,0.034105816018236396,0.0,0.0,-0.044408048169513596,-0.0035142351309707096
1992-05-31,Illiquidity,-0.0035142351309707096,0.0026002660813863403,0.002090724313689928,0.034062155487972125,0.0,0.0,-0.0035142351309707096,-0.025813758112195398
1992-06-30,Illiquidity,-0.025813758112195398,0.00036056154009324814,-0.0018206317642641301,0.03437150169225655,0.0,0.0,-0.025813758112195398,-0.0226366739811913
1992-07-31,Illiquidity,-0.0226366739811913,0.0008322989753784121,-0.0011234487710023887,0.03380596132989555,0.0,0.0,-0.0226366739811913,0.00597025705329152
1992-08-31,Illiquidity,0.00597025705329152,-0.0008897391314025943,-0.00031807278267807613,0.03385423471387086,0.0,0.0,0.00597025705329152,-0.0077413353420377196
1992-09-30,Illiquidity,-0.0077413353420377196,-0.00239809266674862,-0.0028433628896893694,0.03311450742954764,0.0,0.0,-0.0077413353420377196,0.00214959625068252
1992-10-31,Illiquidity,0.00214959625068252,-0.00233930662899086,-0.0019652313890180695,0.03309381992390878,0.0,0.0,0.00214959625068252,0.0123169429250405
1992-11-30,Illiquidity,0.0123169429250405,-0.0030705793578617857,-0.001788285834286586,0.03317032872518169,0.0,0.0,0.0123169429250405,0.0111705025527963
1992-12-31,Illiquidity,0.0111705025527963,0.002150567321575242,0.002902228590843673,0.030345936688458294,0.0,0.0,0.0111705025527963,0.040521938370657706
1993-01-31,Illiquidity,0.040521938370657706,-0.00402471305920193,-0.00031249210671361753,0.022593198950644433,0.0,0.0,0.040521938370657706,-0.000738317103802808
1993-02-28,Illiquidity,-0.000738317103802808,-0.0020080904129851844,-0.00190227597055331,0.021819403194939933,0.0,0.0,-0.000738317103802808,0.0048002131841813
1993-03-31,Illiquidity,0.0048002131841813,-0.0029748300624766384,-0.002326909791921801,0.021617573789537242,0.0,0.0,0.0048002131841813,0.0048764774068698604
1993-04-30,Illiquidity,0.0048764774068698604,0.0014986482424047159,0.0017801340061101539,0.017107062169762252,0.0,0.0,0.0048764774068698604,0.000533214154923978
1993-05-31,Illiquidity,0.000533214154923978,0.002261440291299313,0.002117421446601378,0.01703292706288902,0.0,0.0,0.000533214154923978,0.000318069200910646
1993-06-30,Illiquidity,0.000318069200910646,0.004656619588310166,0.004295073722693548,0.01463963328948994,0.0,0.0,0.000318069200910646,0.0167461945809276
1993-07-31,Illiquidity,0.0167461945809276,0.006743414423046706,0.007576979436203457,0.012276985143127769,0.0,0.0,0.0167461945809276,-0.010188851979319999
1993-08-31,Illiquidity,-0.010188851979319999,0.0077230451073772586,0.006230387016819164,0.013311824823995292,0.0,0.0,-0.010188851979319999,0.013785311937176
1993-09-30,Illiquidity,0.013785311937176,0.007500543594897052,0.008024274290086973,0.012693960510562964,0.0,0.0,0.013785311937176,0.0153323500479644
1993-10-31,Illiquidity,0.0153323500479644,0.008558335930032822,0.009122837106527129,0.012709756502771933,0.0,0.0,0.0153323500479644,-0.0093421855627497
1993-11-30,Illiquidity,-0.0093421855627497,0.008832463850298632,0.007317909732544613,0.013713227225267901,0.0,0.0,-0.0093421855627497,0.0114622230632797
1993-12-31,Illiquidity,0.0114622230632797,0.00696767402161263,0.007342219775084897,0.013720934171936459,0.0,0.0,0.0114622230632797,0.0261215404634686
1994-01-31,Illiquidity,0.0261215404634686,0.004325881720941904,0.006142186616152471,0.010893670324392542,0.0,0.0,0.0261215404634686,0.0164764554975411
1994-02-28,Illiquidity,0.0164764554975411,0.006767686954330213,0.007576750999597796,0.01103775614026518,0.0,0.0,0.0164764554975411,-0.00460199173553717
1994-03-31,Illiquidity,-0.00460199173553717,0.007829163528272011,0.006793233922954591,0.011573474731577316,0.0,0.0,-0.00460199173553717,0.000867079723602135
1994-04-30,Illiquidity,0.000867079723602135,0.0069674845153259194,0.006459117449348947,0.011691116414628588,0.0,0.0,0.000867079723602135,-0.0135038011596894
1994-05-31,Illiquidity,-0.0135038011596894,0.006997835930660298,0.005289366173131166,0.012970197328638498,0.0,0.0,-0.0135038011596894,0.00270059795944213
1994-06-30,Illiquidity,0.00270059795944213,0.005741302261514839,0.0054879102363421224,0.01290525297036336,0.0,0.0,0.00270059795944213,-0.0190393470873787
1994-07-31,Illiquidity,-0.0190393470873787,0.004464429841379796,0.0025057817639832646,0.014142525810323827,0.0,0.0,-0.0190393470873787,-0.0190927996118614
1994-08-31,Illiquidity,-0.0190927996118614,0.0036598393770108234,0.001763786127938148,0.015072128704508265,0.0,0.0,-0.0190927996118614,0.0254009896951481
1994-09-30,Illiquidity,0.0254009896951481,0.000670920145280151,0.0027317592744358233,0.016241966814636667,0.0,0.0,0.0254009896951481,-0.0218954289591516
1994-10-31,Illiquidity,-0.0218954289591516,0.0015862510222968509,-0.0003705556428238435,0.017146554290441766,0.0,0.0,-0.0218954289591516,0.00407651820817764
1994-11-30,Illiquidity,0.00407651820817764,0.00044504707716940553,0.0007476696714201016,0.016944639143025568,0.0,0.0,0.00407651820817764,0.00793659953024076
1994-12-31,Illiquidity,0.00793659953024076,-0.0002263806369307817,0.0004538677103335232,0.016771653508716507,0.0,0.0,0.00793659953024076,-0.00646732379772374
1995-01-31,Illiquidity,-0.00646732379772374,-0.0018795570854060397,-0.0022618709780991716,0.014754791528128443,0.0,0.0,-0.00646732379772374,-0.0130996027613868
1995-02-28,Illiquidity,-0.0130996027613868,-0.003965355203157389,-0.0047265424996764975,0.013778042102666473,0.0,0.0,-0.0130996027613868,-0.0207038190929381
1995-03-31,Illiquidity,-0.0207038190929381,-0.004737865296416446,-0.0060683614461265745,0.01452843920615218,0.0,0.0,-0.0207038190929381,0.0084011996283585
1995-04-30,Illiquidity,0.0084011996283585,-0.006698856097920105,-0.00544051812073021,0.015010204438102664,0.0,0.0,0.0084011996283585,-0.0238777094590476
1995-05-31,Illiquidity,-0.0238777094590476,-0.00470749238991575,-0.0063050104790100606,0.015795033559603686,0.0,0.0,-0.0238777094590476,0.0031461173844902603
1995-06-30,Illiquidity,0.0031461173844902603,-0.0071237021552329974,-0.00626788386025605,0.015818631795089393,0.0,0.0,0.0031461173844902603,-0.0116336389496717
1995-07-31,Illiquidity,-0.0116336389496717,-0.005106841748699456,-0.005650741515447134,0.015414370240984143,0.0,0.0,-0.0116336389496717,0.00716431610129002
1995-08-31,Illiquidity,0.00716431610129002,-0.004428736233954938,-0.003462648539351182,0.015194839658060786,0.0,0.0,0.00716431610129002,-0.00968405161720379
1995-09-30,Illiquidity,-0.00968405161720379,-0.0060866156515784,-0.006386401982047173,0.012220440805830539,0.0,0.0,-0.00968405161720379,-0.0108590923076923
1995-10-31,Illiquidity,-0.0108590923076923,-0.004976490438674054,-0.0054667072610922315,0.011329991931283446,0.0,0.0,-0.0108590923076923,-0.0342905312826013
1995-11-30,Illiquidity,-0.0342905312826013,-0.0063342732128440484,-0.00866396138532381,0.013581827298533336,0.0,0.0,-0.0342905312826013,0.0262499705540329
1995-12-31,Illiquidity,0.0262499705540329,-0.010173103286738781,-0.007137847133341132,0.01636121268197342,0.0,0.0,0.0262499705540329,-0.0191731044146826
1996-01-31,Illiquidity,-0.0191731044146826,-0.00719880380021545,-0.00819666218475437,0.016721045066294942,0.0,0.0,-0.0191731044146826,0.00861731778063803
1996-02-29,Illiquidity,0.00861731778063803,-0.007750940314151433,-0.006386918806252299,0.01730710803011288,0.0,0.0,0.00861731778063803,-0.0009118035082961811
1996-03-31,Illiquidity,-0.0009118035082961811,-0.005085382416553603,-0.004737584174198807,0.016752897901261717,0.0,0.0,-0.0009118035082961811,0.007581618510158
1996-04-30,Illiquidity,0.007581618510158,-0.005932019065340391,-0.0048058826007155156,0.016696038201425994,0.0,0.0,0.007581618510158,0.018511802193384802
1996-05-31,Illiquidity,0.018511802193384802,-0.003072080159048973,-0.0012734232963461489,0.0167781655391674,0.0,0.0,0.018511802193384802,-0.000475971224540721
1996-06-30,Illiquidity,-0.000475971224540721,-0.0016751997218767418,-0.0015752640137653973,0.016723922777130595,0.0,0.0,-0.000475971224540721,0.00922324986787175
1996-07-31,Illiquidity,0.00922324986787175,-0.0006608662923193796,0.00016281005436322363,0.016667256145767122,0.0,0.0,0.00922324986787175,-0.00834245525578653
1996-08-31,Illiquidity,-0.00834245525578653,-0.00047369049535740416,-0.0011294208920598222,0.01667619921531853,0.0,0.0,-0.00834245525578653,-0.0303732333301095
1996-09-30,Illiquidity,-0.0303732333301095,-0.0003517271897740168,-0.0028535193681352984,0.01859961019964147,0.0,0.0,-0.0303732333301095,-0.0073766512456991395
1996-10-31,Illiquidity,-0.0073766512456991395,-0.0021257400099937624,-0.002563315946302535,0.018490192493573504,0.0,0.0,-0.0073766512456991395,-0.0395913312859153
1996-11-30,Illiquidity,-0.0395913312859153,0.00032097635699734325,-0.003005049279912035,0.019359929540353298,0.0,0.0,-0.0395913312859153,0.0352126331421836
1996-12-31,Illiquidity,0.0352126331421836,-0.005664596537543402,-0.0022581607308994767,0.02071652073293148,0.0,0.0,0.0352126331421836,-0.00377608410231894
1997-01-31,Illiquidity,-0.00377608410231894,-0.0007204385778282935,-0.0009750757048691718,0.02003939218227541,0.0,0.0,-0.00377608410231894,-0.00777450877239201
1997-02-28,Illiquidity,-0.00777450877239201,-0.0018471114762789267,-0.0023410612509550083,0.019884157486663927,0.0,0.0,-0.00777450877239201,0.0167779325342978
1997-03-31,Illiquidity,0.0167779325342978,-0.002470993773014911,-0.0008669165807388433,0.020641072963786304,0.0,0.0,0.0167779325342978,-0.0373231110728823
1997-04-30,Illiquidity,-0.0373231110728823,-0.0016349652253658386,-0.004608977379325536,0.022915324303901752,0.0,0.0,-0.0373231110728823,-0.0021489952409936798
1997-05-31,Illiquidity,-0.0021489952409936798,-0.00671086643139012,-0.006330710498857076,0.021767660859706627,0.0,0.0,-0.0021489952409936798,0.0233870867127968
1997-06-30,Illiquidity,0.0233870867127968,-0.006862959523794936,-0.004342122337412282,0.02338133940670703,0.0,0.0,0.0233870867127968,-0.039602716206984995
1997-07-31,Illiquidity,-0.039602716206984995,-0.005575337992438111,-0.008410952843650345,0.024998514380718845,0.0,0.0,-0.039602716206984995,0.0371064213596179
1997-08-31,Illiquidity,0.0371064213596179,-0.008417179897092519,-0.004623546459033309,0.028242257556310945,0.0,0.0,0.0371064213596179,0.00257713672151484
1997-09-30,Illiquidity,0.00257713672151484,-0.0022826658343900273,-0.0018776822880646135,0.027089418354120674,0.0,0.0,0.00257713672151484,0.0102742014331285
1997-10-31,Illiquidity,0.0102742014331285,-0.0013777760191887565,-0.0004067778981623101,0.027242462437251813,0.0,0.0,0.0102742014331285,-0.0347146215859138
1997-11-30,Illiquidity,-0.0347146215859138,0.003155454227997044,-3.8542316218500666e-07,0.026634370160439687,0.0,0.0,-0.0347146215859138,-0.00826606426791975
1997-12-31,Illiquidity,-0.00826606426791975,-0.00320156892910272,-0.0036236102073374642,0.024260177036972756,0.0,0.0,-0.00826606426791975,0.00343473765243902
1998-01-31,Illiquidity,0.00343473765243902,-0.003609748944157339,-0.003022708394440968,0.024345210689866545,0.0,0.0,0.00343473765243902,-0.0347462908435167
1998-02-28,Illiquidity,-0.0347462908435167,-0.0025907265418999726,-0.005270356900368024,0.026011824426194697,0.0,0.0,-0.0347462908435167,-0.0149306932320818
1998-03-31,Illiquidity,-0.0149306932320818,-0.007274746848974017,-0.007912742380899658,0.025165224433161566,0.0,0.0,-0.0149306932320818,-9.4222645376143e-05
1998-04-30,Illiquidity,-9.4222645376143e-05,-0.0052390724998103355,-0.004810335011940812,0.02344594172083768,0.0,0.0,-9.4222645376143e-05,0.00374125508483325
1998-05-31,Illiquidity,0.00374125508483325,-0.005052274991117833,-0.0043194808181219015,0.023568063376831542,0.0,0.0,0.00374125508483325,-0.0209631677213194
1998-06-30,Illiquidity,-0.0209631677213194,-0.006838259684569064,-0.00801533535429825,0.02226990644759963,0.0,0.0,-0.0209631677213194,0.0143576793975918
1998-07-31,Illiquidity,0.0143576793975918,-0.005143755276781282,-0.0035186357205835178,0.02070481176801585,0.0,0.0,0.0143576793975918,0.0142279492560397
1998-08-31,Illiquidity,0.0142279492560397,-0.007211822727874562,-0.005425175062548367,0.017416055398949377,0.0,0.0,0.0142279492560397,-0.0508028725758501
1998-09-30,Illiquidity,-0.0508028725758501,-0.006152657952008667,-0.009873509170662112,0.021519874881189303,0.0,0.0,-0.0508028725758501,-0.0718621169960475
1998-10-31,Illiquidity,-0.0718621169960475,-0.011705119225552176,-0.016718202373093446,0.02691504229820006,0.0,0.0,-0.0718621169960475,-0.00563393828513188
1998-11-30,Illiquidity,-0.00563393828513188,-0.01508216426283706,-0.014294812098028284,0.026452582760715656,0.0,0.0,-0.00563393828513188,-0.025626668486305203
1998-12-31,Illiquidity,-0.025626668486305203,-0.014842880082583615,-0.015741529116227074,0.02656737536062222,0.0,0.0,-0.025626668486305203,-0.00393881142434801
1999-01-31,Illiquidity,-0.00393881142434801,-0.017484826095196727,-0.01635599153929266,0.02616577212170162,0.0,0.0,-0.00393881142434801,-0.00544975756132833
1999-02-28,Illiquidity,-0.00544975756132833,-0.014684146147999573,-0.013914613765776964,0.025655661901881087,0.0,0.0,-0.00544975756132833,-0.053369131623402205
1999-03-31,Illiquidity,-0.053369131623402205,-0.013822242905203806,-0.01711781696505366,0.028079179114078465,0.0,0.0,-0.053369131623402205,-0.00931470477527732
1999-04-30,Illiquidity,-0.00931470477527732,-0.01866541644866072,-0.01788619047587876,0.02769450933272634,0.0,0.0,-0.00931470477527732,0.00079285748740946
1999-05-31,Illiquidity,0.00079285748740946,-0.019852321890488953,-0.018131890275664076,0.027497570685457443,0.0,0.0,0.00079285748740946,0.00685401966078109
1999-06-30,Illiquidity,0.00685401966078109,-0.017874501416968145,-0.015813791327155702,0.028395065032463238,0.0,0.0,0.00685401966078109,0.034182268976361396
1999-07-31,Illiquidity,0.034182268976361396,-0.018556652302132756,-0.014161742195591569,0.03078608614936503,0.0,0.0,0.034182268976361396,-0.0030757570957096196
1999-08-31,Illiquidity,-0.0030757570957096196,-0.016742623236648966,-0.015603717724904013,0.029722331775875997,0.0,0.0,-0.0030757570957096196,0.029995245875021198
1999-09-30,Illiquidity,0.029995245875021198,-0.012403794556636195,-0.008870541187331403,0.030171997932882815,0.0,0.0,0.029995245875021198,-0.0649559659447809
1999-10-31,Illiquidity,-0.0649559659447809,-0.0031440342956299498,-0.008295028599725853,0.028900307834751088,0.0,0.0,-0.0649559659447809,0.00844292387107301
1999-11-30,Illiquidity,0.00844292387107301,-0.008536945901052587,-0.007121956753375445,0.02930105521362207,0.0,0.0,0.00844292387107301,0.00624827655524486
1999-12-31,Illiquidity,0.00624827655524486,-0.0054397102322000235,-0.004465711333246273,0.02891325790355705,0.0,0.0,0.00624827655524486,0.0487617065015701
2000-01-31,Illiquidity,0.0487617065015701,-0.004513611324964307,-7.400150608643091e-05,0.03274859651670047,0.0,0.0,0.0487617065015701,0.0670180879715286
2000-02-29,Illiquidity,0.0670180879715286,0.0004147035898446408,0.005964985621651647,0.037937740435552744,0.0,0.0,0.0670180879715286,-0.1121794314814
2000-03-31,Illiquidity,-0.1121794314814,0.011358996280292894,0.001064127300151831,0.04859979285293507,0.0,0.0,-0.1121794314814,-0.0290366888173302
2000-04-30,Illiquidity,-0.0290366888173302,0.0020076574888271983,-0.0005793713700192425,0.04931094700513213,0.0,0.0,-0.0290366888173302,-0.0337693565656522
2000-05-31,Illiquidity,-0.0337693565656522,-0.0007041194479673166,-0.0034595558744410474,0.05022441546052666,0.0,0.0,-0.0337693565656522,0.0765954679173208
2000-06-30,Illiquidity,0.0765954679173208,-0.004397153650370343,0.002352231480270595,0.0553045498036017,0.0,0.0,0.0765954679173208,0.00102098270390176
2000-07-31,Illiquidity,0.00102098270390176,-0.0005414082921013061,-0.00041120904243437464,0.05439042965014523,0.0,0.0,0.00102098270390176,-0.042832018588938904
2000-08-31,Illiquidity,-0.042832018588938904,-0.00016897740122754428,-0.003724230833536815,0.05576103161820752,0.0,0.0,-0.042832018588938904,-0.000987350114483435
2000-09-30,Illiquidity,-0.000987350114483435,-0.0067896378070421,-0.006306113832662202,0.05476620813397404,0.0,0.0,-0.000987350114483435,-0.0553206274043594
2000-10-31,Illiquidity,-0.0553206274043594,-0.0009743090951968753,-0.005503168954293744,0.053891805608574095,0.0,0.0,-0.0553206274043594,0.0351112520893915
2000-11-30,Illiquidity,0.0351112520893915,-0.00677099557478164,-0.0032808082694338694,0.05505647090754958,0.0,0.0,0.0351112520893915,-0.025345375924996798
2000-12-31,Illiquidity,-0.025345375924996798,-0.0041470887080410366,-0.00591361264278734,0.05531416607848726,0.0,0.0,-0.025345375924996798,0.030136837254610298
2001-01-31,Illiquidity,0.030136837254610298,-0.0108840962013653,-0.007465685080033992,0.05388334531577123,0.0,0.0,0.030136837254610298,0.0390638394638368
2001-02-28,Illiquidity,0.0390638394638368,-0.0142369371756306,-0.00979520578900831,0.05089169259952016,0.0,0.0,0.0390638394638368,0.019060355829817698
2001-03-31,Illiquidity,0.019060355829817698,-0.00048754890788179993,0.0011414431535931675,0.03977710444311972,0.0,0.0,0.019060355829817698,-0.023060169320021598
2001-04-30,Illiquidity,-0.023060169320021598,0.003884909696404373,0.0016394864450355515,0.03940053097045792,0.0,0.0,-0.023060169320021598,0.030691825518294
2001-05-31,Illiquidity,0.030691825518294,0.004858472173279882,0.007011251618697734,0.03851847509206052,0.0,0.0,0.030691825518294,0.0315850059056533
2001-06-30,Illiquidity,0.0315850059056533,0.0006854137733683538,0.003260379784392109,0.032909628219838664,0.0,0.0,0.0315850059056533,-0.00444178986640775
2001-07-31,Illiquidity,-0.00444178986640775,0.0034639613371639484,0.002805148736866316,0.03298112631024273,0.0,0.0,-0.00444178986640775,0.0397573914059123
2001-08-31,Illiquidity,0.0397573914059123,0.006953982130121325,0.009687599569770583,0.031158832488855922,0.0,0.0,0.0397573914059123,0.00222824156363766
2001-09-30,Illiquidity,0.00222824156363766,0.010658049541066394,0.009955565542947341,0.03107238918265679,0.0,0.0,0.00222824156363766,0.00121065222958955
2001-10-31,Illiquidity,0.00121065222958955,0.015889764901793398,0.014666505512443086,0.023682758867069154,0.0,0.0,0.00121065222958955,-0.0414184766403491
2001-11-30,Illiquidity,-0.0414184766403491,0.012807892187265947,0.008289028118298037,0.02764889392599897,0.0,0.0,-0.0414184766403491,0.00407886640342009
2001-12-31,Illiquidity,0.00407886640342009,0.011346701213143011,0.010741048312332779,0.025625587671446563,0.0,0.0,0.00407886640342009,0.0258006865339225
2002-01-31,Illiquidity,0.0258006865339225,0.00897779477212572,0.010379702418942127,0.025356382382839816,0.0,0.0,0.0258006865339225,0.0137157697531384
2002-02-28,Illiquidity,0.0137157697531384,0.007772053596678965,0.008267363276383928,0.02375483359502856,0.0,0.0,0.0137157697531384,-0.0050896983682026395
2002-03-31,Illiquidity,-0.0050896983682026395,0.0072861821351626645,0.006254858759882232,0.023780308172890376,0.0,0.0,-0.0050896983682026395,0.0674327274530236
2002-04-30,Illiquidity,0.0674327274530236,0.008919861312600752,0.013795933490969331,0.02766928174329073,0.0,0.0,0.0674327274530236,-0.000263162279588098
2002-05-31,Illiquidity,-0.000263162279588098,0.012259943306667081,0.011216351174479158,0.027392462037843592,0.0,0.0,-0.000263162279588098,0.0602208262935402
2002-06-30,Illiquidity,0.0602208262935402,0.009364655289826952,0.013602669540136399,0.030409387072641864,0.0,0.0,0.0602208262935402,0.0192771597505996
2002-07-31,Illiquidity,0.0192771597505996,0.015243074940731311,0.015579248674887011,0.02989641812907661,0.0,0.0,0.0192771597505996,-0.0172406638012575
2002-08-31,Illiquidity,-0.0172406638012575,0.013381235699339246,0.010829410740956195,0.03023181125700519,0.0,0.0,-0.0172406638012575,0.036193798491752395
2002-09-30,Illiquidity,0.036193798491752395,0.011611335211621505,0.01365987381829909,0.030935152600591206,0.0,0.0,0.036193798491752395,-0.0484907467971541
2002-10-31,Illiquidity,-0.0484907467971541,0.014791621235454492,0.009518090566070453,0.035711832051551484,0.0,0.0,-0.0484907467971541,-0.0257101354706391
2002-11-30,Illiquidity,-0.0257101354706391,0.014148687584835855,0.010827118996879617,0.03391783628254907,0.0,0.0,-0.0257101354706391,0.0361794387932589
2002-12-31,Illiquidity,0.0361794387932589,0.011440596505375928,0.013502166696032852,0.034596303589555545,0.0,0.0,0.0361794387932589,0.030344111308488003
2003-01-31,Illiquidity,0.030344111308488003,0.012384119438042877,0.013880785427246646,0.03476757073777773,1.0,0.08487337440109514,0.030344111308488003,0.0105865256517462
2003-02-28,Illiquidity,0.0105865256517462,0.013895786852165566,0.013620015085463962,0.03478065375034087,1.0,0.16153319644079397,0.0105865256517462,-0.00643796420894517
2003-03-31,Illiquidity,-0.00643796420894517,0.015320898126706369,0.013507659598735415,0.03484869933545708,1.0,0.2464065708418891,-0.00643796420894517,-0.00533540404255454
2003-04-30,Illiquidity,-0.00533540404255454,0.008605380702891026,0.007443648640770572,0.030695915713842073,1.0,0.32854209445585214,-0.00533540404255454,-0.0264118968640072
2003-05-31,Illiquidity,-0.0264118968640072,0.008144267815348622,0.005264587425402314,0.032184771935758,1.0,0.4134154688569473,-0.0264118968640072,0.018961609146712098
2003-06-30,Illiquidity,0.018961609146712098,0.0002685657101170412,0.0018263193298333053,0.02766687378216777,1.0,0.49555099247091033,0.018961609146712098,0.00828058114035087
2003-07-31,Illiquidity,0.00828058114035087,0.00023987929158181392,0.0009099377789792445,0.027214741252806242,1.0,0.5804243668720055,0.00828058114035087,-0.0027858414732244902
2003-08-31,Illiquidity,-0.0027858414732244902,0.002559992468091666,0.002114506306315329,0.026652419604539873,1.0,0.6652977412731006,-0.0027858414732244902,0.026647719828574702
2003-09-30,Illiquidity,0.026647719828574702,-0.000983611165088051,0.001318999751050521,0.025667015657269726,1.0,0.7474332648870636,0.026647719828574702,0.0228137998146255
2003-10-31,Illiquidity,0.0228137998146255,0.005847158528160022,0.007261045302032154,0.020898180292406535,1.0,0.8323066392881588,0.0228137998146255,0.00938069056205099
2003-11-30,Illiquidity,0.00938069056205099,0.010258425372274987,0.010185280804756329,0.018137990341852955,1.0,0.9144421629021219,0.00938069056205099,0.0147776535678837
2003-12-31,Illiquidity,0.0147776535678837,0.007822175533074266,0.008401798702641728,0.01630972260846045,1.0,0.999315537303217,0.0147776535678837,0.00972852219335894
2004-01-31,Illiquidity,0.00972852219335894,0.006407043011201149,0.006683832943047641,0.014804654684894556,1.0,1.0841889117043122,0.00972852219335894,0.00320392321214402
2004-02-29,Illiquidity,0.00320392321214402,0.006329042696802307,0.006068616073080793,0.014781107916158262,1.0,1.163586584531143,0.00320392321214402,0.0100005075868672
2004-03-31,Illiquidity,0.0100005075868672,0.007205577916901323,0.007438488722731823,0.014269545673886821,1.0,1.2484599589322383,0.0100005075868672,-0.0275741595992243
2004-04-30,Illiquidity,-0.0275741595992243,0.00859975170139421,0.005585259093009343,0.017218697439234026,1.0,1.3305954825462012,-0.0275741595992243,-0.015963298716408402
2004-05-31,Illiquidity,-0.015963298716408402,0.008494091452738108,0.006455975605309243,0.015645921757132423,1.0,1.4154688569472964,-0.015963298716408402,0.0127883859083342
2004-06-30,Illiquidity,0.0127883859083342,0.0053190998288180635,0.005941540335444417,0.015294908154928948,1.0,1.4976043805612593,0.0127883859083342,0.032185765339966796
2004-07-31,Illiquidity,0.032185765339966796,0.005728900262271094,0.007933639018745746,0.017079874170224395,1.0,1.5824777549623545,0.032185765339966796,0.0124781299364561
2004-08-31,Illiquidity,0.0124781299364561,0.008908137245288484,0.009205636636219127,0.016774635936422828,1.0,1.6673511293634498,0.0124781299364561,0.00719565818537106
2004-09-30,Illiquidity,0.00719565818537106,0.007619992709641338,0.00758463149928549,0.015850306490386424,1.0,1.7494866529774127,0.00719565818537106,-0.0018162511800028
2004-10-31,Illiquidity,-0.0018162511800028,0.006200161652436389,0.005532127249733132,0.015283532782557676,1.0,1.834360027378508,-0.0018162511800028,0.00704041233519342
2004-11-30,Illiquidity,0.00704041233519342,0.005182257857704226,0.005337104064161668,0.015244841730553394,1.0,1.9164955509924708,0.00704041233519342,-0.004031182237180899
2004-12-31,Illiquidity,-0.004031182237180899,0.004478872291096019,0.0037697010804062844,0.015152608479957612,1.0,2.001368925393566,-0.004031182237180899,0.0231525346555108
2005-01-31,Illiquidity,0.0231525346555108,0.0032279900701378513,0.004888368785585607,0.01609852240634754,1.0,2.086242299794661,0.0231525346555108,-0.0007387877326178801
2005-02-28,Illiquidity,-0.0007387877326178801,0.005041500201353013,0.0045598095401887815,0.016176073182894813,1.0,2.16290212183436,-0.0007387877326178801,-0.0222667903852818
2005-03-31,Illiquidity,-0.0222667903852818,0.004065200626854369,0.0018708680425096977,0.017790751355161262,1.0,2.2477754962354553,-0.0222667903852818,0.00592866042088835
2005-04-30,Illiquidity,0.00592866042088835,0.004547688737212779,0.004662769710852418,0.015188328708847778,1.0,2.329911019849418,0.00592866042088835,-0.0150323970582502
2005-05-31,Illiquidity,-0.0150323970582502,0.006537866840603393,0.004740344849032269,0.015075360086518245,1.0,2.414784394250513,-0.0150323970582502,0.00931111026694857
2005-06-30,Illiquidity,0.00931111026694857,0.004008704752732083,0.0044505718789168,0.014939406737164986,1.0,2.4969199178644765,0.00931111026694857,-0.00309535710160214
2005-07-31,Illiquidity,-0.00309535710160214,0.0019291906551849717,0.0015104783421193886,0.012206611092647913,1.0,2.5817932922655715,-0.00309535710160214,0.0063531366391479105
2005-08-31,Illiquidity,0.0063531366391479105,0.0005134191062705865,0.0010000622340103728,0.011828511628052565,1.0,2.6666666666666665,0.0063531366391479105,-0.00268260770286657
2005-09-30,Illiquidity,-0.00268260770286657,0.00043682623843211836,0.00017687340999057025,0.011701186929990125,1.0,2.74880219028063,-0.00268260770286657,-0.0107673624055871
2005-10-31,Illiquidity,-0.0107673624055871,0.00035806655453541193,-0.000569052525474788,0.012117689613339616,1.0,2.833675564681725,-0.0107673624055871,-0.0237850784497966
2005-11-30,Illiquidity,-0.0237850784497966,-0.001260822058262817,-0.0031378434242239563,0.013541579340188117,1.0,2.915811088295688,-0.0237850784497966,0.00877289638353476
2005-12-31,Illiquidity,0.00877289638353476,-0.003056630804864244,-0.0020708368724976513,0.013962689614726086,1.0,3.0006844626967832,0.00877289638353476,0.010358744326651199
2006-01-31,Illiquidity,0.010358744326651199,-0.004363870647771158,-0.003136986066569285,0.012244329456925352,1.0,3.0855578370978782,0.010358744326651199,0.00998589425694326
2006-02-28,Illiquidity,0.00998589425694326,-0.003355004096928514,-0.00224326256743919,0.012813463710163783,1.0,3.162217659137577,0.00998589425694326,0.00113810343929528
2006-03-31,Illiquidity,0.00113810343929528,-0.0004229418567262355,-0.000292854748724433,0.011163561897597776,1.0,3.247091033538672,0.00113810343929528,-0.00148503841991341
2006-04-30,Illiquidity,-0.00148503841991341,-0.0008584470368710599,-0.0009106629854579131,0.010991774045530943,1.0,3.3292265571526354,-0.00148503841991341,-0.0031472658553342
2006-05-31,Illiquidity,-0.0031472658553342,0.00037313102115955725,7.976461478508695e-05,0.0101031845589177,1.0,3.4140999315537304,-0.0031472658553342,0.00295742136431784
2006-06-30,Illiquidity,0.00295742136431784,-0.0007594486263206944,-0.0004497094604341406,0.009735206832604794,1.0,3.4962354551676933,0.00295742136431784,0.0153366089613035
2006-07-31,Illiquidity,0.0153366089613035,-0.00020919603850978733,0.0010862877114746628,0.010687349033215434,1.0,3.5811088295687883,0.0153366089613035,0.011754814810323
2006-08-31,Illiquidity,0.011754814810323,0.0006074832635043571,0.0015364275590725868,0.011037374462083003,1.0,3.6659822039698837,0.011754814810323,-0.00310737505862126
2006-09-30,Illiquidity,-0.00310737505862126,0.0019199762192488633,0.0015010302794263627,0.011052805459497193,1.0,3.7481177275838466,-0.00310737505862126,-0.00307192713674463
2006-10-31,Illiquidity,-0.00307192713674463,0.0026163387053366673,0.002142316551829902,0.01048493766938053,1.0,3.8329911019849416,-0.00307192713674463,-0.000239386476102013
2006-11-30,Illiquidity,-0.000239386476102013,0.004499352461068664,0.004104457549637785,0.0067184672727036805,1.0,3.915126625598905,-0.000239386476102013,0.0266178240989737
2006-12-31,Illiquidity,0.0266178240989737,0.003680054019283503,0.005591534859257696,0.00931780501161756,1.0,4.0,0.0266178240989737,-0.0108510375782881
2007-01-31,Illiquidity,-0.0108510375782881,0.00515815218040373,0.003824053033846087,0.010292010982927875,1.0,4.084873374401095,-0.0108510375782881,0.0106864892776967
2007-02-28,Illiquidity,0.0106864892776967,0.0032638856499281523,0.003882435952242207,0.010332051771770994,1.0,4.161533196440794,0.0106864892776967,0.00665032769976356
2007-03-31,Illiquidity,0.00665032769976356,0.004131920726146463,0.004341787973947898,0.01032147824325723,1.0,4.246406570841889,0.00665032769976356,-0.0143030308946578
2007-04-30,Illiquidity,-0.0143030308946578,0.004871499464298914,0.0032736219343858647,0.01156738229579736,1.0,4.328542094455853,-0.0143030308946578,-0.0241348961480876
2007-05-31,Illiquidity,-0.0241348961480876,0.003857339006178587,0.0015246527433230813,0.013964695777183147,1.0,4.413415468856948,-0.0241348961480876,0.0127770460766508
2007-06-30,Illiquidity,0.0127770460766508,0.0013944010505053653,0.0023429548026841613,0.0143389746061831,1.0,4.4955509924709105,0.0127770460766508,0.0102291415804061
2007-07-31,Illiquidity,0.0102291415804061,0.0011617135155369384,0.0019173325209427116,0.013989772764101424,1.0,4.5804243668720055,0.0102291415804061,-0.012060892541029
2007-08-31,Illiquidity,-0.012060892541029,0.0010230159491808567,-6.730975833662185e-05,0.014155629205603749,1.0,4.6652977412731005,-0.012060892541029,-0.021559276936711603
2007-09-30,Illiquidity,-0.021559276936711603,0.0002090598144165166,-0.0016049682481774838,0.015458125703336729,1.0,4.747433264887063,-0.021559276936711603,-0.00587835730842416
2007-10-31,Illiquidity,-0.00587835730842416,-0.0014716083492168448,-0.001838837429150778,0.015503500194283216,1.0,4.832306639288158,-0.00587835730842416,-0.0166269703886657
2007-11-30,Illiquidity,-0.0166269703886657,-0.0019842420612461303,-0.0032044694218644186,0.01606151505708413,1.0,4.914442162902122,-0.0166269703886657,0.0198039618277127
2007-12-31,Illiquidity,0.0198039618277127,-0.005915587014667894,-0.0037722912778028355,0.014996498327703221,1.0,4.999315537303217,0.0198039618277127,0.0317221041510951
2008-01-31,Illiquidity,0.0317221041510951,-0.0031287688868496394,-0.0002245294670209022,0.01792040146238787,1.0,5.084188911704312,0.0317221041510951,0.0024111285979814003
2008-02-29,Illiquidity,0.0024111285979814003,-0.0012164402619952391,-0.0009141428569971773,0.0176190450627648,1.0,5.163586584531143,0.0024111285979814003,0.0273896859856561
2008-03-31,Illiquidity,0.0273896859856561,-0.0016018219985208901,0.0008141370001605343,0.019359705894026694,1.0,5.248459958932238,0.0273896859856561,-0.0258925237670826
2008-04-30,Illiquidity,-0.0258925237670826,0.0021884249905985555,-0.0001516540725415323,0.02044127791495006,1.0,5.330595482546201,-0.0258925237670826,-0.00646727637225256
2008-05-31,Illiquidity,-0.00646727637225256,0.00202864066159901,0.001320647575444721,0.01915245863548804,1.0,5.415468856947296,-0.00646727637225256,0.0218741779442415
2008-06-30,Illiquidity,0.0218741779442415,0.00027915680260779535,0.002078741897743946,0.01981570875847899,1.0,5.49760438056126,0.0218741779442415,0.027749891244148797
2008-07-31,Illiquidity,0.027749891244148797,0.0013377964720473771,0.003538804369722504,0.02107623166749863,1.0,5.582477754962355,0.027749891244148797,-0.011295086108899599
2008-08-31,Illiquidity,-0.011295086108899599,0.0049569586343362676,0.0036026215723999537,0.02102580199686036,1.0,5.66735112936345,-0.011295086108899599,-0.011819924107142901
2008-09-30,Illiquidity,-0.011819924107142901,0.005890066891410087,0.004414234308197346,0.02013535344427083,1.0,5.749486652977413,-0.011819924107142901,0.0746443072796182
2008-10-31,Illiquidity,0.0746443072796182,0.005349924455162928,0.011124456357200876,0.02819696597089861,1.0,5.834360027378508,0.0746443072796182,-0.0180465846374372
2008-11-30,Illiquidity,-0.0180465846374372,0.013647313334097829,0.011006155169803251,0.028326662342028956,1.0,5.916495550992471,-0.0180465846374372,0.007811571082810041
2008-12-31,Illiquidity,0.007811571082810041,0.010206354564538745,0.010006789274394695,0.028199318130080864,1.0,6.0013689253935665,0.007811571082810041,0.115065584831461
2009-01-31,Illiquidity,0.115065584831461,0.008032669740149195,0.016952079331091854,0.04126870699679878,1.0,6.0862422997946615,0.115065584831461,0.0374509807969408
2009-02-28,Illiquidity,0.0374509807969408,0.018273983943192795,0.01987206701433847,0.041385787772774026,1.0,6.16290212183436,0.0374509807969408,-0.0688645261535587
2009-03-31,Illiquidity,-0.0688645261535587,0.019188647107855037,0.011850882669403902,0.048510742313435454,1.0,6.247775496235455,-0.0688645261535587,-0.06347708194421141
2009-04-30,Illiquidity,-0.06347708194421141,0.015282101436357214,0.008718836154643169,0.05223916525920051,1.0,6.329911019849418,-0.06347708194421141,-0.0256513378100784
2009-05-31,Illiquidity,-0.0256513378100784,0.010099391838906409,0.007120164368157682,0.05303365662368954,1.0,6.414784394250513,-0.0256513378100784,0.028580837679126798
2009-06-30,Illiquidity,0.028580837679126798,0.005778890406695508,0.007679052679398124,0.05323821883529051,1.0,6.496919917864476,0.028580837679126798,-0.00036122597359762305
2009-07-31,Illiquidity,-0.00036122597359762305,0.005854430991693508,0.005336459577919256,0.05289212177386368,1.0,6.581793292265571,-0.00036122597359762305,-0.006509613812293011
2009-08-31,Illiquidity,-0.006509613812293011,0.00684841827672096,0.005735248935969804,0.0527732324974783,1.0,6.666666666666667,-0.006509613812293011,0.019721371197771
2009-09-30,Illiquidity,0.019721371197771,0.00733117375807095,0.008363690211379296,0.052604595222238384,1.0,6.74880219028063,0.019721371197771,-0.0163522800866823
2009-10-31,Illiquidity,-0.0163522800866823,0.0023381795688121134,0.0007806412641875876,0.04858675954718255,1.0,6.833675564681725,-0.0163522800866823,-0.0225579928526688
2009-11-30,Illiquidity,-0.0225579928526688,0.002492207255244377,0.0004046905795849545,0.04876281796665059,1.0,6.915811088295688,-0.0225579928526688,0.014346942094313399
2009-12-31,Illiquidity,0.014346942094313399,-0.0002686621934355173,0.0009493048305435677,0.04888939448002496,1.0,7.000684462696783,0.014346942094313399,0.020879382750982098
2010-01-31,Illiquidity,0.020879382750982098,-0.009424902442267118,-0.0068995453428296735,0.034281363973867614,1.0,7.085557837097878,0.020879382750982098,-0.008935113836702981
2010-02-28,Illiquidity,-0.008935113836702981,-0.01093141135553609,-0.010765053228966657,0.031312500597861746,1.0,7.162217659137577,-0.008935113836702981,-0.00265122467751924
2010-03-31,Illiquidity,-0.00265122467751924,-0.005483282963094661,-0.005247278105963368,0.02542392392029152,1.0,7.2470910335386725,-0.00265122467751924,0.024094648437819298
2010-04-30,Illiquidity,0.024094648437819298,4.634042478644488e-05,0.0020503660925391912,0.01892882902452601,1.0,7.329226557152635,0.024094648437819298,0.0115323756835884
2010-05-31,Illiquidity,0.0115323756835884,0.004568702810958963,0.005149008883678091,0.01691855171012161,1.0,7.41409993155373,0.0115323756835884,0.0285602187229245
2010-06-30,Illiquidity,0.0285602187229245,0.003018842629546381,0.0051472906373279,0.016915956484547662,1.0,7.496235455167693,0.0285602187229245,-0.004940305687203789
2010-07-31,Illiquidity,-0.004940305687203789,0.005648064874684756,0.004765700661194053,0.01710213685503934,1.0,7.581108829568788,-0.004940305687203789,0.00775608883299796
2010-08-31,Illiquidity,0.00775608883299796,0.0057907292496928685,0.0059545092149683,0.016739079074008928,1.0,7.665982203969883,0.00775608883299796,-0.0176668989232719
2010-09-30,Illiquidity,-0.0176668989232719,0.004702976307440773,0.0028388200382147254,0.017409816081038015,1.0,7.748117727583847,-0.0176668989232719,-0.00360852631578947
2010-10-31,Illiquidity,-0.00360852631578947,0.004583465504114445,0.0039007995191224615,0.016497534255764924,1.0,7.832991101984942,-0.00360852631578947,-0.000230111155939944
2010-11-30,Illiquidity,-0.000230111155939944,0.006306144280194385,0.005761456327183199,0.014363170091543483,1.0,7.915126625598905,-0.000230111155939944,-0.0359919147469503
2010-12-31,Illiquidity,-0.0359919147469503,0.004980957621080444,0.0015665515904112245,0.018408925520603237,1.0,8.0,-0.0359919147469503,-0.0223681351939725
2011-01-31,Illiquidity,-0.0223681351939725,-0.00018916033327704684,-0.002037408238334992,0.01851730245845644,1.0,8.084873374401095,-0.0223681351939725,-0.004145983467271189
2011-02-28,Illiquidity,-0.004145983467271189,-0.0014103440930288208,-0.0016383140408823427,0.018406401619966522,1.0,8.161533196440795,-0.004145983467271189,0.00735421549043487
2011-03-31,Illiquidity,0.00735421549043487,-0.0015462312557335434,-0.0008045273602195006,0.01858212489859826,1.0,8.24640657084189,0.00735421549043487,-0.015530864734299502
2011-04-30,Illiquidity,-0.015530864734299502,-0.0030680887964048553,-0.0041066534578960675,0.017226556240748186,1.0,8.328542094455852,-0.015530864734299502,0.006778256539299679
2011-05-31,Illiquidity,0.006778256539299679,-0.00552838337984921,-0.004502830053253461,0.016885483818127246,1.0,8.413415468856947,0.006778256539299679,0.0163878533548041
2011-06-30,Illiquidity,0.0163878533548041,-0.007508561760178739,-0.00551719383393016,0.014976416168641435,1.0,8.49555099247091,0.0163878533548041,0.0064694353741496504
2011-07-31,Illiquidity,0.0064694353741496504,-0.005569638210905294,-0.004566382078817374,0.015373298627916289,1.0,8.580424366872005,0.0064694353741496504,0.0149255762507405
2011-08-31,Illiquidity,0.0149255762507405,-0.005686606707164232,-0.003968924794005495,0.01602138090007058,1.0,8.6652977412731,0.0149255762507405,0.0289803307400846
2011-09-30,Illiquidity,0.0289803307400846,-0.0027236544186176495,-8.165565539245377e-05,0.01793984826663604,1.0,8.747433264887064,0.0289803307400846,-0.051814178805294306
2011-10-31,Illiquidity,-0.051814178805294306,0.00023896895009817507,-0.00409879336285119,0.02337517351340731,1.0,8.83230663928816,-0.051814178805294306,-0.005773708791240289
2011-11-30,Illiquidity,-0.005773708791240289,-0.004450491745297676,-0.004560759832459552,0.02334652745844377,1.0,8.914442162902121,-0.005773708791240289,0.018166157009183902
2011-12-31,Illiquidity,0.018166157009183902,-0.0017033821129604026,-4.758718611503482e-05,0.021908558539127772,1.0,8.999315537303216,0.018166157009183902,0.0114049980576776
2012-01-31,Illiquidity,0.0114049980576776,0.001981553541871998,0.002766840584855807,0.02092787855978761,1.0,9.084188911704311,0.0114049980576776,-0.0199551005954282
2012-02-29,Illiquidity,-0.0199551005954282,0.0033952791350491604,0.0014494141575093888,0.021878609805163096,1.0,9.163586584531142,-0.0199551005954282,-0.00468586934472438
2012-03-31,Illiquidity,-0.00468586934472438,0.0009126140363343361,0.00044607375457945156,0.021859268802488695,1.0,9.248459958932239,-0.00468586934472438,0.00843622958023159
2012-04-30,Illiquidity,0.00843622958023159,0.0018985227081138928,0.002443331614123709,0.02135589234747139,1.0,9.330595482546201,0.00843622958023159,0.0234702466279068
2012-05-31,Illiquidity,0.0234702466279068,0.0020492475300167936,0.0038343307881743027,0.022191186936152848,1.0,9.415468856947296,0.0234702466279068,0.00130962838936767
2012-06-30,Illiquidity,0.00130962838936767,0.002693101463935221,0.0025778120410546,0.021839858630531027,1.0,9.49760438056126,0.00130962838936767,-0.0013776082004555701
2012-07-31,Illiquidity,-0.0013776082004555701,0.0022240281016823135,0.0019238917431708316,0.021830218736808245,1.0,9.582477754962355,-0.0013776082004555701,-0.00394960046926078
2012-08-31,Illiquidity,-0.00394960046926078,0.0007419204243008525,0.0003509603498373915,0.021485529387734733,1.0,9.66735112936345,-0.00394960046926078,0.0104288647306586
2012-09-30,Illiquidity,0.0104288647306586,-0.002251709685639637,-0.0011949951509481083,0.01984290867293183,1.0,9.749486652977414,0.0104288647306586,-0.00284552322370541
2012-10-31,Illiquidity,-0.00284552322370541,0.003406748817628809,0.002885726147517633,0.011953494445037455,1.0,9.834360027378509,-0.00284552322370541,0.00480042218810305
2012-11-30,Illiquidity,0.00480042218810305,0.0036729475055865264,0.003766903729129578,0.011642824103783962,1.0,9.91649555099247,0.00480042218810305,-0.00199060303515723
2012-12-31,Illiquidity,-0.00199060303515723,0.0024578807036700844,0.002087173725434483,0.0108000898932373,1.0,10.001368925393566,-0.00199060303515723,-0.00585689653482087
2013-01-31,Illiquidity,-0.00585689653482087,0.0012400987861396456,0.0006486825093929442,0.01059380898531976,1.0,10.08624229979466,-0.00585689653482087,0.0129122129165832
2013-02-28,Illiquidity,0.0129122129165832,0.002521753700740312,0.0033876253020605606,0.008895214675478637,1.0,10.16290212183436,0.0129122129165832,-0.0115419554941613
2013-03-31,Illiquidity,-0.0115419554941613,0.004121579360859182,0.0028162847896074836,0.009649150657472233,1.0,10.247775496235455,-0.0115419554941613,-0.00345196606007602
2013-04-30,Illiquidity,-0.00345196606007602,0.002305380717732556,0.0018256018195818497,0.00962995774944132,1.0,10.329911019849419,-0.00345196606007602,-0.0169670763918474
2013-05-31,Illiquidity,-0.0169670763918474,-0.000142093162993155,-0.001544175098731,0.008358481248222312,1.0,10.414784394250514,-0.0169670763918474,0.00251492900354869
2013-06-30,Illiquidity,0.00251492900354869,-0.0018036117794672521,-0.0014437333808825815,0.008403015507683005,1.0,10.496919917864476,0.00251492900354869,-0.0197575033557047
2013-07-31,Illiquidity,-0.0197575033557047,-0.00144974476092141,-0.002975391310486676,0.009926802340758403,1.0,10.581793292265571,-0.0197575033557047,0.00242930665979883
2013-08-31,Illiquidity,0.00242930665979883,-0.0028868268415072214,-0.0024438157163983753,0.01004003919385485,1.0,10.666666666666666,0.00242930665979883,0.0295206662844401
2013-09-30,Illiquidity,0.0295206662844401,-0.003614059393403564,-0.0008528322535832503,0.01326126870489611,1.0,10.74880219028063,0.0295206662844401,-0.014585312543749
2013-10-31,Illiquidity,-0.014585312543749,-0.0006716785290266994,-0.0018311480302535493,0.013841960912085812,1.0,10.833675564681725,-0.014585312543749,0.00246951994602601
2013-11-30,Illiquidity,0.00246951994602601,-0.0024340180501041587,-0.002025389883759969,0.01375653221206759,1.0,10.915811088295689,0.00246951994602601,-0.00925121578094949
2013-12-31,Illiquidity,-0.00925121578094949,-0.002028552324542046,-0.0026304409459093243,0.013913637103203813,1.0,11.000684462696784,-0.00925121578094949,0.00717851690448705
2014-01-31,Illiquidity,0.00717851690448705,-0.0023371268014628294,-0.0015441564926336642,0.014145759863643822,1.0,11.085557837097879,0.00717851690448705,-0.0104310558017687
2014-02-28,Illiquidity,-0.0104310558017687,-0.0028583718934715703,-0.003489428885829656,0.013570385838786265,1.0,11.162217659137577,-0.0104310558017687,-0.0060261633565970195
2014-03-31,Illiquidity,-0.0060261633565970195,-0.0027573810123449703,-0.003029779541032632,0.013364694319206246,1.0,11.247091033538672,-0.0060261633565970195,-0.0154682480430264
2014-04-30,Illiquidity,-0.0154682480430264,-0.0029913989483923336,-0.004031136372945165,0.013840882354507459,1.0,11.329226557152635,-0.0154682480430264,-0.00218298415240208
2014-05-31,Illiquidity,-0.00218298415240208,-0.0028551418257722425,-0.0027991286863247207,0.013229214485865726,1.0,11.41409993155373,-0.00218298415240208,0.00383193282199553
2014-06-30,Illiquidity,0.00383193282199553,-0.0032822248399495854,-0.0026893783681208178,0.013282663003298386,1.0,11.496235455167694,0.00383193282199553,-0.00014701575208389
2014-07-31,Illiquidity,-0.00014701575208389,-0.0011377306419768376,-0.0010551710678190832,0.012149880718181528,1.0,11.58110882956879,-0.00014701575208389,-0.00788207678197509
2014-08-31,Illiquidity,-0.00788207678197509,-0.001371941770329812,-0.0019144530213002435,0.012245297008221719,1.0,11.665982203969884,-0.00788207678197509,-0.009067198479030189
2014-09-30,Illiquidity,-0.009067198479030189,-0.00477219114000392,-0.005130108418256101,0.007313313222836655,1.0,11.748117727583846,-0.009067198479030189,0.00143361836675386
2014-10-31,Illiquidity,0.00143361836675386,-0.004270544406847665,-0.0037951975090475287,0.0068796659001577245,1.0,11.832991101984941,0.00143361836675386,-0.022756112128113
2014-11-30,Illiquidity,-0.022756112128113,-0.004364717277690587,-0.00589733351522578,0.008463127086010753,1.0,11.915126625598905,-0.022756112128113,0.012923306782037
2014-12-31,Illiquidity,0.012923306782037,-0.005592435127432725,-0.004049456634976906,0.009953811093726745,1.0,12.0,0.012923306782037,0.0160944806522094
2015-01-31,Illiquidity,0.0160944806522094,-0.005070181502200912,-0.0033064596560000437,0.0111312344887689,1.0,12.084873374401095,0.0160944806522094,-0.0236193486542443
2015-02-28,Illiquidity,-0.0236193486542443,-0.0026587690972938115,-0.00440548406037301,0.012469262306682355,1.0,12.161533196440795,-0.0236193486542443,0.017011659667564502
2015-03-31,Illiquidity,0.017011659667564502,-0.004258149578898109,-0.002485665475026217,0.013889651250532311,1.0,12.24640657084189,0.017011659667564502,0.00309225124719381
2015-04-30,Illiquidity,0.00309225124719381,-0.0013054306961171186,-0.0009389572008411993,0.013334863933843914,1.0,12.328542094455852,0.00309225124719381,-0.014443646555966201
2015-05-31,Illiquidity,-0.014443646555966201,-0.0008258638416084014,-0.001960679067804876,0.0138967183899865,1.0,12.413415468856947,-0.014443646555966201,0.00703671887439306
2015-06-30,Illiquidity,0.00703671887439306,-0.0024872801486958314,-0.0016936135634384151,0.014048130032587706,1.0,12.49555099247091,0.00703671887439306,-0.0410939747096688
2015-07-31,Illiquidity,-0.0410939747096688,-0.0018342133644706543,-0.005105860143237158,0.018043192885519144,1.0,12.580424366872005,-0.0410939747096688,0.011486608407452099
2015-08-31,Illiquidity,0.011486608407452099,-0.00485347681244281,-0.0034918030441182246,0.018629071548851097,1.0,12.6652977412731,0.011486608407452099,0.006188451434911369
2015-09-30,Illiquidity,0.006188451434911369,-0.0029849489136716924,-0.0022204988846230953,0.01873424937435587,1.0,12.747433264887064,0.006188451434911369,-0.007594926092027579
2015-10-31,Illiquidity,-0.007594926092027579,-0.00255269136202101,-0.0029728775895215484,0.01875544068011866,1.0,12.83230663928816,-0.007594926092027579,-0.00730958433158617
2015-11-30,Illiquidity,-0.00730958433158617,-0.001174401722376881,-0.001685666939810979,0.017778894094957757,1.0,12.914442162902121,-0.00730958433158617,0.00917247149122807
2015-12-31,Illiquidity,0.00917247149122807,-0.003013755459978987,-0.00199823654737839,0.01752993410635343,1.0,12.999315537303216,0.00917247149122807,0.011759014502492499
2016-01-31,Illiquidity,0.011759014502492499,-0.003643029020068199,-0.002359525393188132,0.017164004811146497,1.0,13.084188911704311,0.011759014502492499,-0.00126522365615626
2016-02-29,Illiquidity,-0.00126522365615626,-0.00042681418763758095,-0.0004966816433474616,0.015806238244590022,1.0,13.163586584531142,-0.00126522365615626,-0.012178902620450101
2016-03-31,Illiquidity,-0.012178902620450101,-0.0020883490352485595,-0.0029292285006820118,0.01509706083024433,1.0,13.248459958932239,-0.012178902620450101,0.013202956077766498
2016-04-30,Illiquidity,0.013202956077766498,-0.0034766357504889154,-0.0020866697648009545,0.0157324332079573,1.0,13.330595482546201,0.013202956077766498,0.00474908881267674
2016-05-31,Illiquidity,0.00474908881267674,-0.0009633082383313971,-0.0004872751507473759,0.015332496574880113,1.0,13.415468856947296,0.00474908881267674,0.0140873711205875
2016-06-30,Illiquidity,0.0140873711205875,-0.001171274607578335,0.00010027920310216067,0.015775721132703976,1.0,13.49760438056126,0.0140873711205875,-8.8036597975382e-05
2016-07-31,Illiquidity,-8.8036597975382e-05,0.0038452113769904196,0.0035174407124099454,0.0090481145392438,1.0,13.582477754962355,-8.8036597975382e-05,0.0155749521238819
2016-08-31,Illiquidity,0.0155749521238819,0.0027929709219515577,0.0038581360221124294,0.009443782042965719,1.0,13.66735112936345,0.0155749521238819,0.012786072616323401
2016-09-30,Illiquidity,0.012786072616323401,0.003646289166403424,0.004407937787230099,0.00977792276769674,1.0,13.749486652977414,0.012786072616323401,-0.00222255727464646
2016-10-31,Illiquidity,-0.00222255727464646,0.005499107230798967,0.004855635188678525,0.009289167875756645,1.0,13.834360027378509,-0.00222255727464646,-0.010263191027346701
2016-11-30,Illiquidity,-0.010263191027346701,0.005961564235975305,0.0046095012973651475,0.00967205156167448,1.0,13.91649555099247,-0.010263191027346701,0.012536379694506
2016-12-31,Illiquidity,0.012536379694506,0.00419468582519578,0.0048898269809716415,0.00986318273265366,1.0,14.001368925393566,0.012536379694506,0.0139732202227172
2017-01-31,Illiquidity,0.0139732202227172,0.004265355388106099,0.0050743441243236995,0.010022791511255154,1.0,14.08624229979466,0.0139732202227172,-0.0232838137996032
2017-02-28,Illiquidity,-0.0232838137996032,0.0056506684680036855,0.003239461612369788,0.012893315116623096,1.0,14.16290212183436,-0.0232838137996032,0.0182091927855089
2017-03-31,Illiquidity,0.0182091927855089,0.004641131088080677,0.005771802896199704,0.012569903409293457,1.0,14.247775496235455,0.0182091927855089,0.0104242522367957
2017-04-30,Illiquidity,0.0104242522367957,0.005096243516057259,0.005540244242785472,0.01244554320830586,1.0,14.329911019849419,0.0104242522367957,-0.0131018398543292
2017-05-31,Illiquidity,-0.0131018398543292,0.005612167463704437,0.00405266685386831,0.013565175125234145,1.0,14.414784394250514,-0.0131018398543292,-0.000215810294295622
2017-06-30,Illiquidity,-0.000215810294295622,0.0031404210114392827,0.0028607350692947168,0.01322748491470402,1.0,14.496919917864476,-0.000215810294295622,0.0037086004464285697
2017-07-31,Illiquidity,0.0037086004464285697,0.003128805220864715,0.0031771214896617124,0.013195909647945259,1.0,14.581793292265571,0.0037086004464285697,0.00787964649856984
2017-08-31,Illiquidity,0.00787964649856984,0.0020500459774598673,0.0025358460208857077,0.012716935994986562,1.0,14.666666666666666,0.00787964649856984,0.0033954393971916204
2017-09-30,Illiquidity,0.0033954393971916204,0.0016040072394822706,0.001753293252624726,0.012311296223017923,1.0,14.74880219028063,0.0033954393971916204,-0.00639831863360789
2017-10-31,Illiquidity,-0.00639831863360789,0.0021147342096493687,0.0014053131393779404,0.012491584325667321,1.0,14.833675564681725,-0.00639831863360789,-0.0292558352825692
2017-11-30,Illiquidity,-0.0292558352825692,0.0024660862454438065,-0.00017740721522393511,0.015046378171963633,1.0,14.915811088295689,-0.0292558352825692,0.00466327752639518
2017-12-31,Illiquidity,0.00466327752639518,-0.0013332060251993942,-0.0008334990625665034,0.014606831621063516,1.0,15.000684462696784,0.00466327752639518,-0.0197386464947353
2018-01-31,Illiquidity,-0.0197386464947353,-0.0021795644521377597,-0.003642821289020879,0.014741447434302526,1.0,15.085557837097879,-0.0197386464947353,0.00354392213569451
2018-02-28,Illiquidity,0.00354392213569451,-0.0018572765153315872,-0.0014071766277460693,0.013471574135852435,1.0,15.162217659137577,0.00354392213569451,0.00314585760342738
2018-03-31,Illiquidity,0.00314585760342738,-0.0031904829380419862,-0.0026624545595861963,0.012110611073068506,1.0,15.247091033538672,0.00314585760342738,0.00645036428610339
2018-04-30,Illiquidity,0.00645036428610339,-0.0038521551774391063,-0.0029936118888105553,0.011769766725941681,1.0,15.329226557152635,0.00645036428610339,0.0113259623275731
2018-05-31,Illiquidity,0.0113259623275731,-0.0020746820737634164,-0.0009579617069853636,0.011973261763371566,1.0,15.41409993155373,0.0113259623275731,-0.016156554038667902
2018-06-30,Illiquidity,-0.016156554038667902,-0.0010254300172298962,-0.0022863570190163867,0.012742983026967433,1.0,15.496235455167694,-0.016156554038667902,-0.0169442512063482
2018-07-31,Illiquidity,-0.0169442512063482,-0.002831353152238666,-0.004007427990081118,0.0132445155175011,1.0,15.58110882956879,-0.0169442512063482,0.0015617153018128
2018-08-31,Illiquidity,0.0015617153018128,-0.005088071125413033,-0.004533922256477537,0.012848684286313425,1.0,15.665982203969884,0.0015617153018128,-0.016560201289083
2018-09-30,Illiquidity,-0.016560201289083,-0.005254773315902017,-0.00619689231366709,0.013019379069766558,1.0,15.748117727583846,-0.016560201289083,-0.006927830244755379
2018-10-31,Illiquidity,-0.006927830244755379,-0.006178580830036118,-0.006241018281262715,0.013021021037571148,1.0,15.832991101984941,-0.006927830244755379,-0.0258201644633905
2018-11-30,Illiquidity,-0.0258201644633905,-0.004148762190234862,-0.005954712379664488,0.012496160822267111,1.0,15.915126625598905,-0.0258201644633905,0.038828618995548
2018-12-31,Illiquidity,0.038828618995548,-0.0069199841893062865,-0.0031076005905684204,0.01787132518156387,1.0,16.0,0.038828618995548,0.00267337970935367
2019-01-31,Illiquidity,0.00267337970935367,-0.0015956873265532594,-0.0012399317402276722,0.017131036967351423,1.0,16.084873374401095,0.00267337970935367,-0.000574281487679613
2019-02-28,Illiquidity,-0.000574281487679613,-0.0016748275471296994,-0.001583115375508849,0.017067622818995928,1.0,16.161533196440793,-0.000574281487679613,-0.016910055253776902
2019-03-31,Illiquidity,-0.016910055253776902,-0.002013022009957608,-0.003254441446942539,0.017537941120373338,1.0,16.246406570841888,-0.016910055253776902,-0.0127308041723666
2019-04-30,Illiquidity,-0.0127308041723666,-0.004136696513583089,-0.004852872151815038,0.017446884571403875,1.0,16.32854209445585,-0.0127308041723666,0.020617161748195702
2019-05-31,Illiquidity,0.020617161748195702,-0.00632367528630488,-0.004078605533429822,0.01840974462794317,1.0,16.413415468856947,0.020617161748195702,-0.0315281654358249
2019-06-30,Illiquidity,-0.0315281654358249,-0.002980610214771825,-0.005359573149859571,0.01980820911609123,1.0,16.49555099247091,-0.0315281654358249,-0.008836411644192809
2019-07-31,Illiquidity,-0.008836411644192809,-0.004306420599269708,-0.004683919853013289,0.019513217394575295,1.0,16.580424366872005,-0.008836411644192809,-0.0120212191684285
2019-08-31,Illiquidity,-0.0120212191684285,-0.0052517048670884,-0.0058158310588667305,0.01951194392018542,1.0,16.6652977412731,-0.0120212191684285,0.00453300775511831
2019-09-30,Illiquidity,0.00453300775511831,-0.004839070128847081,-0.004058063638516621,0.019405846186826427,1.0,16.747433264887064,0.00453300775511831,0.0018934669487939099
2019-10-31,Illiquidity,0.0018934669487939099,-0.0037971757652221997,-0.0033229555390541805,0.019454272906291373,1.0,16.83230663928816,0.0018934669487939099,-0.015050139311229201
2019-11-30,Illiquidity,-0.015050139311229201,-0.00127775472775089,-0.0024254534430407392,0.018549423875224007,1.0,16.914442162902123,-0.015050139311229201,0.007487917620879901
2019-12-31,Illiquidity,0.007487917620879901,-0.006175823664730636,-0.005037178557596414,0.01381506267325196,1.0,16.999315537303218,0.007487917620879901,-0.010369554886953401
2020-01-31,Illiquidity,-0.010369554886953401,-0.005738138400046434,-0.006124089773955337,0.013665552378642264,1.0,17.084188911704313,-0.010369554886953401,0.022860225952380898
2020-02-29,Illiquidity,0.022860225952380898,-0.006628617799980413,-0.004171214153950295,0.016004959594423947,1.0,17.163586584531142,0.022860225952380898,-0.010389029872759298
2020-03-31,Illiquidity,-0.010389029872759298,-0.003013137690329704,-0.0036277953721988274,0.01563965112343009,1.0,17.248459958932237,-0.010389029872759298,-0.049701545704619
2020-04-30,Illiquidity,-0.049701545704619,-0.0028002491176381318,-0.006708690499886527,0.020486377475850154,1.0,17.3305954825462,-0.049701545704619,-0.0124909011809608
2020-05-31,Illiquidity,-0.0124909011809608,-0.009192858886075832,-0.009467695743982901,0.018615718487699676,1.0,17.415468856947296,-0.0124909011809608,0.012893266852414001
2020-06-30,Illiquidity,0.012893266852414001,-0.007462198499270004,-0.005765909719962994,0.018243066954443398,1.0,17.49760438056126,0.012893266852414001,-0.0272788320987654
2020-07-31,Illiquidity,-0.0272788320987654,-0.0054867731813966585,-0.007302778091177377,0.019273011477361903,1.0,17.582477754962355,-0.0272788320987654,0.0019134909281568599
2020-08-31,Illiquidity,0.0019134909281568599,-0.006873828902336377,-0.006141552249795263,0.019382356711130793,1.0,17.66735112936345,0.0019134909281568599,-0.00165135996136198
2020-09-30,Illiquidity,-0.00165135996136198,-0.007111966795696509,-0.006656916226168621,0.019153593689871577,1.0,17.749486652977414,-0.00165135996136198,0.00266286951756412
2020-10-31,Illiquidity,0.00266286951756412,-0.007434223787528863,-0.006592799345437769,0.01918607848931861,1.0,17.83436002737851,0.00266286951756412,-0.000282520923520817
2020-11-30,Illiquidity,-0.000282520923520817,-0.005823950257638561,-0.005362164479795405,0.019067538226420218,1.0,17.916495550992472,-0.000282520923520817,0.016654385403676798
2020-12-31,Illiquidity,0.016654385403676798,-0.00653035376167499,-0.00459829216456233,0.019798721267214867,1.0,18.001368925393567,0.016654385403676798,0.0386054706068377
2021-01-31,Illiquidity,0.0386054706068377,-0.004073631917072245,-0.0005170400400797385,0.023248189019086582,1.0,18.086242299794662,0.0386054706068377,0.00884893383838381
2021-02-28,Illiquidity,0.00884893383838381,-0.002642246039394353,-0.0016846477162461623,0.022299870420584487,1.0,18.16290212183436,0.00884893383838381,-0.0209953356918914
2021-03-31,Illiquidity,-0.0209953356918914,-0.0008933402474722523,-0.0025685065345071706,0.022878907223113407,1.0,18.247775496235455,-0.0209953356918914,-0.0158759809076514
2021-04-30,Illiquidity,-0.0158759809076514,0.001716315208230257,0.000250290531906796,0.018136117763691242,1.0,18.32991101984942,-0.0158759809076514,0.028662330768995
2021-05-31,Illiquidity,0.028662330768995,0.0014085806876220212,0.003679726527736446,0.01935759219648413,1.0,18.414784394250514,0.028662330768995,0.012042222630064102
2021-06-30,Illiquidity,0.012042222630064102,0.0028421319527657477,0.0036088061758739547,0.019322294686544922,1.0,18.496919917864478,0.012042222630064102,-0.0299880211267606
2021-07-31,Illiquidity,-0.0299880211267606,0.006416773291750249,0.0033830404235410216,0.019727578195394547,1.0,18.581793292265573,-0.0299880211267606,-0.000978363997337539
2021-08-31,Illiquidity,-0.000978363997337539,0.0035166358322122975,0.0031420525130831547,0.01976478992077648,1.0,18.666666666666668,-0.000978363997337539,0.0374908032648673
2021-09-30,Illiquidity,0.0374908032648673,0.0035778172834872463,0.0064038994486022615,0.022004752083100067,1.0,18.748802190280628,0.0374908032648673,-0.0321099285790263
2021-10-31,Illiquidity,-0.0321099285790263,0.006743993078696626,0.003506166273886393,0.024670294265113663,1.0,18.833675564681723,-0.0321099285790263,0.000547420184692626
2021-11-30,Illiquidity,0.000547420184692626,0.0038505923827415827,0.00357532803290418,0.02465986846155639,1.0,18.915811088295687,0.000547420184692626,-0.0352251332831233
2021-12-31,Illiquidity,-0.0352251332831233,0.002386322817379385,-0.0007479651909958283,0.026627606868512583,1.0,19.000684462696782,-0.0352251332831233,0.0090100795544949
2022-01-31,Illiquidity,0.0090100795544949,-0.00432555026352616,-0.0032142477786910617,0.02388011697382081,1.0,19.085557837097877,0.0090100795544949,0.0186175355610248
2022-02-28,Illiquidity,0.0186175355610248,-0.004310900652970608,-0.0024001976351376458,0.024487499844444087,1.0,19.16221765913758,0.0186175355610248,-0.00111289561630693
2022-03-31,Illiquidity,-0.00111289561630693,-0.0007097305390691349,-0.0007433276288389402,0.023777280033053762,1.0,19.247091033538673,-0.00111289561630693,0.0163570409946236
2022-04-30,Illiquidity,0.0163570409946236,0.0006323681237803623,0.0019427575296839764,0.023732973367578958,1.0,19.329226557152634,0.0163570409946236,0.0190539694825857
2022-05-31,Illiquidity,0.0190539694825857,-0.0004862945829806743,0.0011420607558165347,0.022896920932439748,1.0,19.41409993155373,0.0190539694825857,-0.00471877760698806
2022-06-30,Illiquidity,-0.00471877760698806,0.00015113694906674401,-0.00025468926393781214,0.022681758469724856,1.0,19.496235455167692,-0.00471877760698806,-0.0366007343933226
2022-07-31,Illiquidity,-0.0366007343933226,0.002448340905409702,-0.0008057487028179788,0.02353412187149981,1.0,19.581108829568787,-0.0366007343933226,0.0146706115160656
2022-08-31,Illiquidity,0.0146706115160656,-0.0007900564033162127,0.0004983325899656161,0.023953523575030854,1.0,19.665982203969882,0.0146706115160656,0.0184975858768249
2022-09-30,Illiquidity,0.0184975858768249,-0.002864619289570912,-0.0010844355257045833,0.0218194087529479,1.0,19.748117727583846,0.0184975858768249,-0.0318363967282227
2022-10-31,Illiquidity,-0.0318363967282227,0.0017360638427791973,-0.0010616412048042832,0.0217841649019672,1.0,19.83299110198494,-0.0318363967282227,-0.026715465919488902
2022-11-30,Illiquidity,-0.026715465919488902,-0.001207919512940378,-0.0033335483801527435,0.022989402978947596,1.0,19.915126625598905,-0.026715465919488902,0.0278296617930508
2022-12-31,Illiquidity,0.0278296617930508,-0.0004343133889736143,0.001921017876195098,0.022230989886725443,1.0,20.0,0.0278296617930508,-0.00105035323695782
2023-01-31,Illiquidity,-0.00105035323695782,0.0012765577236223766,0.0010826484769073713,0.02212880869446386,1.0,20.084873374401095,-0.00105035323695782,0.0173478904003619
2023-02-28,Illiquidity,0.0173478904003619,-0.0005114321671033161,0.0009768447135187963,0.022040205850254586,1.0,20.161533196440793,0.0173478904003619,-0.013599605624278801
2023-03-31,Illiquidity,-0.013599605624278801,0.0011668211071393048,-6.371445381219299e-05,0.022438988274010814,1.0,20.246406570841888,-0.013599605624278801,-0.00729259574345913
2023-04-30,Illiquidity,-0.00729259574345913,-0.0015565104036700042,-0.002034517515319087,0.021897689544143645,1.0,20.32854209445585,-0.00729259574345913,0.0159350378305924
2023-05-31,Illiquidity,0.0159350378305924,-0.003951652696946807,-0.0022944284863185287,0.021641640989712198,1.0,20.413415468856947,0.0159350378305924,-0.0329578863743619
2023-06-30,Illiquidity,-0.0329578863743619,-0.0020740331117122196,-0.004647687550266348,0.023393633777224303,1.0,20.49555099247091,-0.0329578863743619,-0.00803716785232126
2023-07-31,Illiquidity,-0.00803716785232126,-0.00174286510998852,-0.0022673903385162374,0.02119687951026599,1.0,20.580424366872005,-0.00803716785232126,0.0132237179418554
2023-08-31,Illiquidity,0.0132237179418554,-0.00380720868893278,-0.002387964803033754,0.021095645352473134,1.0,20.6652977412731,0.0132237179418554,0.0271824580567972
2023-09-30,Illiquidity,0.0271824580567972,-0.0042866512284754615,-0.0016642254547027293,0.022006624784341917,1.0,20.747433264887064,0.0271824580567972,-0.012548394377993299
2023-10-31,Illiquidity,-0.012548394377993299,0.001078699206526347,-5.689192551694581e-05,0.020235679199443052,1.0,20.83230663928816,-0.012548394377993299,-0.0026429978287224798
2023-11-30,Illiquidity,-0.0026429978287224798,0.0023666148012077655,0.0019491470820469225,0.01846871533072912,1.0,20.914442162902123,-0.0026429978287224798,-0.0118454988745006
2023-12-31,Illiquidity,-0.0118454988745006,-0.0004036269825898054,-0.0013571163069156943,0.01689901177808999,1.0,20.999315537303218,-0.0118454988745006,0.004465691527477059
2024-01-31,Illiquidity,0.004465691527477059,-0.0013850038587300583,-0.0008974459098794542,0.016982927295708435,1.0,21.084188911704313,0.004465691527477059,-0.029884917694737497
2024-02-29,Illiquidity,-0.029884917694737497,-0.002556112847174135,-0.0048335132511377376,0.017822579460462742,1.0,21.163586584531142,-0.029884917694737497,0.0109564820886826
2024-03-31,Illiquidity,0.0109564820886826,-0.00403659576267038,-0.0027871726083909545,0.01813163278485424,1.0,21.248459958932237,0.0109564820886826,0.00447387948039479
2024-04-30,Illiquidity,0.00447387948039479,-0.0023775886870211313,-0.0018066330064031276,0.01818391828654716,1.0,21.3305954825462,0.00447387948039479,0.00516896554923303
2024-05-31,Illiquidity,0.00516896554923303,-0.0034195121734027323,-0.0027038056965164084,0.01748099433374466,1.0,21.415468856947296,0.00516896554923303,0.00718079192480993
2024-06-30,Illiquidity,0.00718079192480993,4.656527419680651e-05,0.0006410841617479108,0.014800409104810874,1.0,21.49760438056126,0.00718079192480993,0.00291162530413628
2024-07-31,Illiquidity,0.00291162530413628,0.0014300161630269148,0.0015534835914527059,0.014552184568258065,1.0,21.582477754962355,0.00291162530413628,-0.0245469661146011
2024-08-31,Illiquidity,-0.0245469661146011,0.0004925531959615401,-0.0015940734132520024,0.015827423142604755,1.0,21.66735112936345,-0.0245469661146011,-0.00465912305306821
2024-09-30,Illiquidity,-0.00465912305306821,-0.004210121728711032,-0.004247538505740786,0.012976887841532283,1.0,21.749486652977414,-0.00465912305306821,-7.368220474377e-05
2024-10-31,Illiquidity,-7.368220474377e-05,-0.003492915244626933,-0.0032079791579699927,0.012749133528945852,1.0,21.83436002737851,-7.368220474377e-05,0.00135196706931507
2024-11-30,Illiquidity,0.00135196706931507,-0.003259341096992505,-0.0028750654164668627,0.012817205730472254,1.0,21.916495550992472,0.00135196706931507,0.0289511266255859
1928-06-30,Mom12m,0.0204160744234801,-0.0019816047858431675,-0.0001151315183995618,0.05272083522179272,0.0,0.0,0.0204160744234801,0.0294994412337662
1928-07-31,Mom12m,0.0294994412337662,-0.002460740622567795,0.00020260786546003802,0.052901653884097975,0.0,0.0,0.0294994412337662,0.0472119642857143
1928-08-31,Mom12m,0.0472119642857143,0.0022431299091731868,0.005990532773884946,0.05401052267760187,0.0,0.0,0.0472119642857143,0.0457544464285714
1928-09-30,Mom12m,0.0457544464285714,0.001357895447556378,0.005057608029307629,0.05313995761186732,0.0,0.0,0.0457544464285714,0.08363960357142859
1928-10-31,Mom12m,0.08363960357142859,0.0028513121834235866,0.00958366979909067,0.05752684475494063,0.0,0.0,0.08363960357142859,0.0472028114832536
1928-11-30,Mom12m,0.0472028114832536,0.01840693137602344,0.020806588051625954,0.04943924306791587,0.0,0.0,0.0472028114832536,0.0399235068226121
1928-12-31,Mom12m,0.0399235068226121,0.024761140719203503,0.026024671227820886,0.04770466461128527,0.0,0.0,0.0399235068226121,0.00963701754385965
1929-01-31,Mom12m,0.00963701754385965,0.023684667068428956,0.022514029608048183,0.047185509394805904,0.0,0.0,0.00963701754385965,0.0222276964285714
1929-02-28,Mom12m,0.0222276964285714,0.028510652654177206,0.02798707296871006,0.042405755147188855,0.0,0.0,0.0222276964285714,0.0449238136363636
1929-03-31,Mom12m,0.0449238136363636,0.02411784009173964,0.02585167122045831,0.04067764198578323,0.0,0.0,0.0449238136363636,0.0707626140350877
1929-04-30,Mom12m,0.0707626140350877,0.027796892234378145,0.03137736905110394,0.04198930471952282,0.0,0.0,0.0707626140350877,-0.0210773646616542
1929-05-31,Mom12m,-0.0210773646616542,0.04192718089933715,0.03667680210258787,0.027537557635776897,0.0,0.0,-0.0210773646616542,0.0989816052631579
1929-06-30,Mom12m,0.0989816052631579,0.038155050073415846,0.04322392967256102,0.032255495043049816,0.0,0.0,0.0989816052631579,0.010508754088611301
1929-07-31,Mom12m,0.010508754088611301,0.04447161043972418,0.041641372410464776,0.03343440504238738,0.0,0.0,0.010508754088611301,0.0830599167153711
1929-08-31,Mom12m,0.0830599167153711,0.04113495496726027,0.04462870177960284,0.03551418221615251,0.0,0.0,0.0830599167153711,0.0347475485096435
1929-09-30,Mom12m,0.0347475485096435,0.044526361356969336,0.043711460286358854,0.03562443291893095,0.0,0.0,0.0347475485096435,-0.0437990236703682
1929-10-31,Mom12m,-0.0437990236703682,0.04008162907862524,0.03309157468287579,0.04119857341100786,0.0,0.0,-0.0437990236703682,-0.0238495278281911
1929-11-30,Mom12m,-0.0238495278281911,0.03180873497375053,0.02717054640692206,0.04399690712593331,0.0,0.0,-0.0238495278281911,0.158297620689655
1929-12-31,Mom12m,0.158297620689655,0.026011186369132057,0.0370350558958423,0.05811976290715987,0.0,0.0,0.158297620689655,-0.21774439993665598
1930-01-31,Mom12m,-0.21774439993665598,0.03952578665511346,0.018086604439132667,0.0939101931255742,0.0,0.0,-0.21774439993665598,0.021944146994535497
1930-02-28,Mom12m,0.021944146994535497,0.01771014153100187,0.018062975319629675,0.09390909211155773,0.0,0.0,0.021944146994535497,-0.169427959139785
1930-03-31,Mom12m,-0.169427959139785,0.01562108092719932,0.00020032758828395872,0.10770774811965791,0.0,0.0,-0.169427959139785,0.0210019672619048
1930-04-30,Mom12m,0.0210019672619048,-0.006214425725061836,-0.00394639297614795,0.10568300693468394,0.0,0.0,0.0210019672619048,0.0617896003584229
1930-05-31,Mom12m,0.0617896003584229,-0.002389031913829199,0.0029591874421918095,0.1071589234565967,0.0,0.0,0.0617896003584229,0.10548796774193599
1930-06-30,Mom12m,0.10548796774193599,-0.005770123268805108,0.003501384315423317,0.10770401443363245,0.0,0.0,0.10548796774193599,0.00451216581196579
1930-07-31,Mom12m,0.00451216581196579,0.0028643506996789553,0.003001668625702858,0.10768245566359794,0.0,0.0,0.00451216581196579,0.0759561673881674
1930-08-31,Mom12m,0.0759561673881674,-0.004276353927903346,0.0024096895151025505,0.10722086566202622,0.0,0.0,0.0759561673881674,0.103552647073413
1930-09-30,Mom12m,0.103552647073413,-0.0005301158480375368,0.008143447728750008,0.11088450310067416,0.0,0.0,0.103552647073413,0.0399767726423903
1930-10-31,Mom12m,0.0399767726423903,0.0128654905832153,0.01512476408814655,0.10995022766912103,0.0,0.0,0.0399767726423903,0.000613176944971547
1930-11-30,Mom12m,0.000613176944971547,0.018667881535086337,0.017163322819243435,0.10938726046816816,0.0,0.0,0.000613176944971547,0.154134522058824
1930-12-31,Mom12m,0.154134522058824,0.0043329321037514764,0.016816397933340853,0.10890449334718465,0.0,0.0,0.154134522058824,-0.16157748109243697
1931-01-31,Mom12m,-0.16157748109243697,0.03814010683061329,0.021496974503692437,0.0986291446855156,0.0,0.0,-0.16157748109243697,-0.08450097899159671
1931-02-28,Mom12m,-0.08450097899159671,0.02145632245907034,0.01262654733818142,0.10326309841641018,0.0,0.0,-0.08450097899159671,0.10622222529644301
1931-03-31,Mom12m,0.10622222529644301,0.02917695701799655,0.035597396041200415,0.08871831386319706,0.0,0.0,0.10622222529644301,0.13988752287581702
1931-04-30,Mom12m,0.13988752287581702,0.03692425320295457,0.0455045256756931,0.09345194232370765,0.0,0.0,0.13988752287581702,0.103627380488815
1931-05-31,Mom12m,0.103627380488815,0.044024064340899484,0.04899100735322578,0.09488419578391398,0.0,0.0,0.103627380488815,-0.157403800085252
1931-06-30,Mom12m,-0.157403800085252,0.043854920045161214,0.027083360034293444,0.10982659330920287,0.0,0.0,-0.157403800085252,0.0887590281449893
1931-07-31,Mom12m,0.0887590281449893,0.029135286781777778,0.03410393189537874,0.11093964561219524,0.0,0.0,0.0887590281449893,0.024254128741197197
1931-08-31,Mom12m,0.024254128741197197,0.03029918321421613,0.029795428674797887,0.11016776680077338,0.0,0.0,0.024254128741197197,0.10740221875
1931-09-30,Mom12m,0.10740221875,0.023090227002196515,0.03011622631451347,0.11040740955328429,0.0,0.0,0.10740221875,0.0717457337301587
1931-10-31,Mom12m,0.0717457337301587,0.029219813011979213,0.03276363973849417,0.11104439606288048,0.0,0.0,0.0717457337301587,0.0578782638888889
1931-11-30,Mom12m,0.0578782638888889,0.03568640908335986,0.03753573031715395,0.11076726410614088,0.0,0.0,0.0578782638888889,0.17746401984127
1931-12-31,Mom12m,0.17746401984127,0.02693584015882031,0.03947985513235778,0.11317827742553203,0.0,0.0,0.17746401984127,-0.25416129983660096
1932-01-31,Mom12m,-0.25416129983660096,0.0577577947891573,0.03176453690367745,0.13003122321139704,0.0,0.0,-0.25416129983660096,0.07155648424543949
1932-02-29,Mom12m,0.07155648424543949,0.04233412925779328,0.044769325506763796,0.1250547311728667,0.0,0.0,0.07155648424543949,0.133747805555556
1932-03-31,Mom12m,0.133747805555556,0.039182698253156595,0.04706312386168988,0.12652815589080765,0.0,0.0,0.133747805555556,0.14232517212325502
1932-04-30,Mom12m,0.14232517212325502,0.03862454213313287,0.047266261298976375,0.1266925807446899,0.0,0.0,0.14232517212325502,0.0193122152073734
1932-05-31,Mom12m,0.0193122152073734,0.04214252319080924,0.040239997525522916,0.12561613334369767,0.0,0.0,0.0193122152073734,-0.0344774262295082
1932-06-30,Mom12m,-0.0344774262295082,0.058207615490138816,0.05048386201350156,0.1123444071841913,0.0,0.0,-0.0344774262295082,-0.58524972381162
1932-07-31,Mom12m,-0.58524972381162,0.047004301456093585,-0.005683533982882544,0.2139814799566329,0.0,0.0,-0.58524972381162,-0.88698914978355
1932-08-31,Mom12m,-0.88698914978355,-0.008405139685071606,-0.08162047385994481,0.33170018090636144,0.0,0.0,-0.88698914978355,0.058258227518959906
1932-09-30,Mom12m,0.058258227518959906,-0.09880435500630344,-0.0857158064625315,0.3294499992321731,0.0,0.0,0.058258227518959906,-0.0451647127985303
1932-10-31,Mom12m,-0.0451647127985303,-0.10003049193459423,-0.09545834367325556,0.32608163675496016,0.0,0.0,-0.0451647127985303,0.0379755285714286
1932-11-30,Mom12m,0.0379755285714286,-0.10939803526981416,-0.09711690494971059,0.3252804447709394,0.0,0.0,0.0379755285714286,0.151175455675228
1932-12-31,Mom12m,0.151175455675228,-0.1220788072034361,-0.09930761863021409,0.32334584167626534,0.0,0.0,0.151175455675228,-0.0541932831932773
1933-01-31,Mom12m,-0.0541932831932773,-0.08523001124781528,-0.08264361724327045,0.3197728227685051,0.0,0.0,-0.0541932831932773,0.07899367647058819
1933-02-28,Mom12m,0.07899367647058819,-0.09666180828769862,-0.08202385122450806,0.3201058878921887,0.0,0.0,0.07899367647058819,0.128030846795435
1933-03-31,Mom12m,0.128030846795435,-0.10163945638633208,-0.08250026445451814,0.3197596282936689,0.0,0.0,0.128030846795435,-0.0879200747412006
1933-04-30,Mom12m,-0.0879200747412006,-0.10293894050704297,-0.10168736835988944,0.3118527590630217,0.0,0.0,-0.0879200747412006,-0.502188780252101
1933-05-31,Mom12m,-0.502188780252101,-0.11268733050236789,-0.14514578464817898,0.3293064959517443,0.0,0.0,-0.502188780252101,0.0186239743271222
1933-06-30,Mom12m,0.0186239743271222,-0.15520654450442176,-0.14072066793512644,0.33127968402720787,0.0,0.0,0.0186239743271222,-0.0254612305665349
1933-07-31,Mom12m,-0.0254612305665349,-0.10030893558271795,-0.09407162683136937,0.3010245504174204,0.0,0.0,-0.0254612305665349,0.112117113051471
1933-08-31,Mom12m,0.112117113051471,-0.021988215653898385,-0.010812771595117602,0.17251738622288817,0.0,0.0,0.112117113051471,-0.0367111035530621
1933-09-30,Mom12m,-0.0367111035530621,-0.017091953332761013,-0.018726882517786102,0.17123430436371526,0.0,0.0,-0.0367111035530621,-0.018159350170503
1933-10-31,Mom12m,-0.018159350170503,-0.016323443401354814,-0.016476435632117162,0.17103259816584923,0.0,0.0,-0.018159350170503,0.00878482608695653
1933-11-30,Mom12m,0.00878482608695653,-0.021426614196075867,-0.018908994172489837,0.17039412944282406,0.0,0.0,0.00878482608695653,0.0342342173913043
1933-12-31,Mom12m,0.0342342173913043,-0.03437121688591873,-0.02865409736281681,0.16296447723782923,0.0,0.0,0.0342342173913043,-0.151348985507246
1934-01-31,Mom12m,-0.151348985507246,-0.02633235319641131,-0.03675040588898087,0.16671881943131067,0.0,0.0,-0.151348985507246,-0.005912432225063931
1934-02-28,Mom12m,-0.005912432225063931,-0.047272595194396236,-0.04382591494695187,0.1631230284048193,0.0,0.0,-0.005912432225063931,0.0420884222080136
1934-03-31,Mom12m,0.0420884222080136,-0.05944925692353249,-0.05098778366257032,0.1566499759933112,0.0,0.0,0.0420884222080136,-0.064818160059676
1934-04-30,Mom12m,-0.064818160059676,-0.04763030265542212,-0.04906262410577661,0.15629638950081476,0.0,0.0,-0.064818160059676,-0.0755426099935107
1934-05-31,Mom12m,-0.0755426099935107,-0.007869337183383483,-0.013508776584227417,0.06669001456299607,0.0,0.0,-0.0755426099935107,-0.0155811630975557
1934-06-30,Mom12m,-0.0155811630975557,-0.016429935757986472,-0.01635920470295058,0.06591828294166305,0.0,0.0,-0.0155811630975557,0.0577591739130435
1934-07-31,Mom12m,0.0577591739130435,-0.015531747806261091,-0.009424170996319044,0.06917104698397084,0.0,0.0,0.0577591739130435,0.0444100912190963
1934-08-31,Mom12m,0.0444100912190963,-0.020473378637027227,-0.015066422815683602,0.06058412268950036,0.0,0.0,0.0444100912190963,0.00555562510656438
1934-09-30,Mom12m,0.00555562510656438,-0.013098724566831012,-0.011544195427381394,0.060439826401295665,0.0,0.0,0.00555562510656438,0.0705728518755328
1934-10-31,Mom12m,0.0705728518755328,-0.010942817723461248,-0.004149845256878411,0.06482566199343065,0.0,0.0,0.0705728518755328,0.0606551803069053
1934-11-30,Mom12m,0.0606551803069053,-0.005325724469954315,0.0001726842614506533,0.06744304362002561,0.0,0.0,0.0606551803069053,0.037173814838849205
1934-12-31,Mom12m,0.037173814838849205,-0.0029238187503542235,0.0004176507154127288,0.06758320190842626,0.0,0.0,0.037173814838849205,0.00717720289855072
1935-01-31,Mom12m,0.00717720289855072,0.014214617644745341,0.013628166415895787,0.04782615104032276,0.0,0.0,0.00717720289855072,0.153831297425914
1935-02-28,Mom12m,0.153831297425914,0.015404584474164852,0.026940143886810614,0.06201856465181208,0.0,0.0,0.153831297425914,0.038959742920847196
1935-03-31,Mom12m,0.038959742920847196,0.02556302767579216,0.02667942061288008,0.06195563712082182,0.0,0.0,0.038959742920847196,-0.0148702898550724
1935-04-30,Mom12m,-0.0148702898550724,0.03499738249220336,0.03084174312993038,0.05670512459423506,0.0,0.0,-0.0148702898550724,-0.0127907621483376
1935-05-31,Mom12m,-0.0127907621483376,0.040513047959334116,0.03607106378369481,0.0482683767181817,0.0,0.0,-0.0127907621483376,0.0713137352941177
1935-06-30,Mom12m,0.0713137352941177,0.0407667207728994,0.04331230531633426,0.04629261133591847,0.0,0.0,0.0713137352941177,-0.042672144062297204
1935-07-31,Mom12m,-0.042672144062297204,0.041998953625724325,0.0349430288183892,0.05215112703461814,0.0,0.0,-0.042672144062297204,-0.18034066878841098
1935-08-31,Mom12m,-0.18034066878841098,0.03408238678196128,0.016213798817763594,0.0808844164497323,0.0,0.0,-0.18034066878841098,0.123581785650624
1935-09-30,Mom12m,0.123581785650624,0.01718272370059988,0.02604931219643523,0.08645472652159931,0.0,0.0,0.123581785650624,0.0274332717295874
1935-10-31,Mom12m,0.0274332717295874,0.02200171768015363,0.02245434718427311,0.08532456834418636,0.0,0.0,0.0274332717295874,-0.33936813235294105
1935-11-30,Mom12m,-0.33936813235294105,0.01898154417312473,-0.010880928870714087,0.13355435294141046,0.0,0.0,-0.33936813235294105,0.1100735
1935-12-31,Mom12m,0.1100735,-0.01524954193521984,-0.004805955107284852,0.1375375217833366,0.0,0.0,0.1100735,-0.110299671861282
1936-01-31,Mom12m,-0.110299671861282,-0.005895333107815359,-0.014595694670604245,0.14075043325348724,0.0,0.0,-0.110299671861282,-0.0017471470588235499
1936-02-29,Mom12m,-0.0017471470588235499,-0.029907239406651357,-0.027560565044332377,0.13062712659072728,0.0,0.0,-0.0017471470588235499,0.0808696119402985
1936-03-31,Mom12m,0.0808696119402985,-0.03360786576843961,-0.0240680759593781,0.1331040913119853,0.0,0.0,0.0808696119402985,-0.129222641791045
1936-04-30,Mom12m,-0.129222641791045,-0.024904238332496807,-0.03359743862070915,0.13643742114548482,0.0,0.0,-0.129222641791045,0.0641339687782805
1936-05-31,Mom12m,0.0641339687782805,-0.03548895466365202,-0.027187044376824312,0.1392813572107491,0.0,0.0,0.0641339687782805,-0.0335989384191177
1936-06-30,Mom12m,-0.0335989384191177,-0.036141660710546315,-0.0359297671862606,0.13578517374384427,0.0,0.0,-0.0335989384191177,0.056723414322250594
1936-07-31,Mom12m,0.056723414322250594,-0.03531682383389363,-0.02764680398754828,0.13834397517538458,0.0,0.0,0.056723414322250594,-0.000843164322250642
1936-08-31,Mom12m,-0.000843164322250642,-0.013765543551106214,-0.012688678615368251,0.12977171659785233,0.0,0.0,-0.000843164322250642,-0.0138214542215601
1936-09-30,Mom12m,-0.0138214542215601,-0.025076902639549366,-0.024138948604716926,0.12251382937583508,0.0,0.0,-0.0138214542215601,-0.00549765996106422
1936-10-31,Mom12m,-0.00549765996106422,-0.028827332271471863,-0.02688319291227123,0.12161917293595946,0.0,0.0,-0.00549765996106422,-0.027818412502703904
1936-11-30,Mom12m,-0.027818412502703904,0.0015245288550623938,-0.0009207162580848003,0.07196520018359129,0.0,0.0,-0.027818412502703904,0.0251015881462254
1936-12-31,Mom12m,0.0251015881462254,-0.011011099554274326,-0.008001708912566017,0.06376423136139053,0.0,0.0,0.0251015881462254,0.0262446857142857
1937-01-31,Mom12m,0.0262446857142857,0.0012981059009536213,0.0033769875520646246,0.05549684244487915,0.0,0.0,0.0262446857142857,0.0408288115942029
1937-02-28,Mom12m,0.0408288115942029,0.0038428179712362803,0.006924984106483495,0.056491526113407575,0.0,0.0,0.0408288115942029,0.021288299999999996
1937-03-31,Mom12m,0.021288299999999996,0.00020274521250031698,0.0019598747781252868,0.05182741191081384,0.0,0.0,0.021288299999999996,-0.0223145593561368
1937-04-30,Mom12m,-0.0223145593561368,0.013885558102595315,0.010868881647700971,0.032994266082288067,0.0,0.0,-0.0223145593561368,0.0364945142857143
1937-05-31,Mom12m,0.0364945142857143,0.006026600999466472,0.008565593773320454,0.02974234730921253,0.0,0.0,0.0364945142857143,0.0360599
1937-06-30,Mom12m,0.0360599,0.01239873306354211,0.014370496974913596,0.027476280256053115,0.0,0.0,0.0360599,-0.030145736111111102
1937-07-31,Mom12m,-0.030145736111111102,0.010520231761519326,0.007131401105466788,0.026736894896982777,0.0,0.0,-0.030145736111111102,-0.00148559722222224
1937-08-31,Mom12m,-0.00148559722222224,0.00785636159889565,0.007077865030469154,0.026754951299012564,0.0,0.0,-0.00148559722222224,-0.0669913055555555
1937-09-30,Mom12m,-0.0669913055555555,0.00897780314429,0.002647044085969537,0.03396251410055539,0.0,0.0,-0.0669913055555555,-0.040367305555555504
1937-10-31,Mom12m,-0.040367305555555504,0.0033874717266089743,-0.000258759713571403,0.0361443441152619,0.0,0.0,-0.040367305555555504,-0.00132862500000002
1937-11-30,Mom12m,-0.00132862500000002,0.002246663267258829,0.0019487225783205876,0.03510203845387758,0.0,0.0,-0.00132862500000002,0.0492331666666667
1937-12-31,Mom12m,0.0492331666666667,-0.00015608338239802799,0.00395968745502403,0.0371788305499819,0.0,0.0,0.0492331666666667,-0.0877440688998858
1938-01-31,Mom12m,-0.0877440688998858,0.0019337785223638812,-0.005539375429490262,0.044757011929757326,0.0,0.0,-0.0877440688998858,-0.00821607575180813
1938-02-28,Mom12m,-0.00821607575180813,-0.00975466515891691,-0.009626449374991181,0.04231032236099477,0.0,0.0,-0.00821607575180813,0.153004625
1938-03-31,Mom12m,0.153004625,-0.012436881136354012,0.0013499110416754871,0.06305782045702242,0.0,0.0,0.153004625,-0.128589463717142
1938-04-30,Mom12m,-0.128589463717142,0.0035012265323856972,-0.007506330988408281,0.07331266392367894,0.0,0.0,-0.128589463717142,0.122294316734543
1938-05-31,Mom12m,0.122294316734543,-0.011506407831510329,-0.00035634745100588994,0.08169838108827114,0.0,0.0,0.122294316734543,-0.244931262782173
1938-06-30,Mom12m,-0.244931262782173,-0.00366691540109733,-0.02377227768285364,0.10674181120997685,0.0,0.0,-0.244931262782173,-0.16654013157894698
1938-07-31,Mom12m,-0.16654013157894698,-0.023192872371193864,-0.0351384773051733,0.11446464721069448,0.0,0.0,-0.16654013157894698,0.0903183719772404
1938-08-31,Mom12m,0.0903183719772404,-0.03819783003998702,-0.027488146538551413,0.11985911579687072,0.0,0.0,0.0903183719772404,0.0427622144381223
1938-09-30,Mom12m,0.0427622144381223,-0.023896950264278308,-0.018342019872411595,0.12075485237184154,0.0,0.0,0.0427622144381223,-0.0698489999999999
1938-10-31,Mom12m,-0.0698489999999999,-0.01633972117394396,-0.02079882774278196,0.12154105292911392,0.0,0.0,-0.0698489999999999,0.148609896103896
1938-11-30,Mom12m,0.148609896103896,-0.02256884617394395,-0.008303950984123959,0.1310590660026098,0.0,0.0,0.148609896103896,0.0892910128161312
1938-12-31,Mom12m,0.0892910128161312,-0.013534598043286739,-0.004965797138335251,0.1331512483793166,0.0,0.0,0.0892910128161312,-0.056315037368421
1939-01-31,Mom12m,-0.056315037368421,0.0025595002945329863,-0.0023467111773798504,0.13167590766582327,0.0,0.0,-0.056315037368421,0.0659216554054054
1939-02-28,Mom12m,0.0659216554054054,-0.001813132579704547,0.0038314330857212773,0.13310695565895606,0.0,0.0,0.0659216554054054,-0.038289120910384195
1939-03-31,Mom12m,-0.038289120910384195,-0.009729766179213147,-0.01210971240681074,0.12481409322392753,0.0,0.0,-0.038289120910384195,0.0735770378936132
1939-04-30,Mom12m,0.0735770378936132,-0.001520644105871529,0.004737496060752193,0.1212558834765106,0.0,0.0,0.0735770378936132,0.07630056879606881
1939-05-31,Mom12m,0.07630056879606881,-0.005949487636865147,0.000904683732546011,0.11788216919011338,0.0,0.0,0.07630056879606881,-0.056038528318903394
1939-06-30,Mom12m,-0.056038528318903394,0.023253406142975018,0.01664574493781848,0.09179627079381354,0.0,0.0,-0.056038528318903394,0.0258721637047163
1939-07-31,Mom12m,0.0258721637047163,0.03329900643934262,0.03268010287812375,0.07143653412232756,0.0,0.0,0.0258721637047163,-0.007502714285714251
1939-08-31,Mom12m,-0.007502714285714251,0.027440260232749515,0.024528345689544196,0.0698244796021728,0.0,0.0,-0.007502714285714251,-0.782279394736842
1939-09-30,Mom12m,-0.782279394736842,0.022870721257855286,-0.04422512174170282,0.2426205084086918,0.0,0.0,-0.782279394736842,0.125126918070175
1939-10-31,Mom12m,0.125126918070175,-0.04189567826367582,-0.027977128569188252,0.2472333062608257,0.0,0.0,0.125126918070175,0.158442763157895
1939-11-30,Mom12m,0.158442763157895,-0.04403049444855955,-0.027157722981355003,0.24788720430024183,0.0,0.0,0.158442763157895,0.0852405053342817
1939-12-31,Mom12m,0.0852405053342817,-0.03774397169021739,-0.027495265271509126,0.24771692294666026,0.0,0.0,0.0852405053342817,0.008413500000000011
1940-01-31,Mom12m,0.008413500000000011,-0.024875285989971685,-0.022101220490807375,0.2477370535258245,0.0,0.0,0.008413500000000011,0.0451834271929824
1940-02-29,Mom12m,0.0451834271929824,-0.03010330011773581,-0.023829406175175954,0.24713880571820093,0.0,0.0,0.0451834271929824,0.033133859298245597
1940-03-31,Mom12m,0.033133859298245597,-0.022514886653793392,-0.01787749115779014,0.2476184948601169,0.0,0.0,0.033133859298245597,0.138688210526316
1940-04-30,Mom12m,0.138688210526316,-0.026191539253372267,-0.01245156010506491,0.2505012626154067,0.0,0.0,0.138688210526316,-0.042441488596491196
1940-05-31,Mom12m,-0.042441488596491196,-0.020519935459713427,-0.022346731554444912,0.24901755883714638,0.0,0.0,-0.042441488596491196,-0.0169919494736842
1940-06-30,Mom12m,-0.0169919494736842,-0.01928384093949414,-0.01909284998400998,0.24879229640952058,0.0,0.0,-0.0169919494736842,0.0351112894736842
1940-07-31,Mom12m,0.0351112894736842,-0.023180578501166907,-0.01832292283659599,0.24895833844687643,0.0,0.0,0.0351112894736842,0.00390852631578949
1940-08-31,Mom12m,0.00390852631578949,-0.019306578159403412,-0.01737198611980401,0.24902520977807968,0.0,0.0,0.00390852631578949,0.0032973413940255904
1940-09-30,Mom12m,0.0032973413940255904,0.05216505102719946,0.04809274189110163,0.06471294386141827,0.0,0.0,0.0032973413940255904,0.040513973684210496
1940-10-31,Mom12m,0.040513973684210496,0.04108963496573133,0.041041663192271254,0.05999392168716448,0.0,0.0,0.040513973684210496,0.0625304342105263
1940-11-30,Mom12m,0.0625304342105263,0.030368835922669105,0.03304896911332386,0.04815139772966362,0.0,0.0,0.0625304342105263,0.111441193684211
1940-12-31,Mom12m,0.111441193684211,0.028304284002327703,0.035232359809151306,0.051228814882947324,0.0,0.0,0.111441193684211,-0.224439194805195
1941-01-31,Mom12m,-0.224439194805195,0.03767043797361961,0.015827968575385053,0.090984517395172,0.0,0.0,-0.224439194805195,0.013046818181818201
1941-02-28,Mom12m,0.013046818181818201,0.013159290519239848,0.013149917824454705,0.09051365283200669,0.0,0.0,0.013046818181818201,-0.0105446753246753
1941-03-31,Mom12m,-0.0105446753246753,0.011333195872291901,0.009510039939211295,0.09051520521907527,0.0,0.0,-0.0105446753246753,0.0513772467532467
1941-04-30,Mom12m,0.0513772467532467,-0.0022334301141618534,0.002234126291455521,0.08232619286694924,0.0,0.0,0.0513772467532467,0.027949246753246802
1941-05-31,Mom12m,0.027949246753246802,0.006295545826723411,0.00810002090393369,0.0813556024617846,0.0,0.0,0.027949246753246802,-0.00113329870129873
1941-06-30,Mom12m,-0.00113329870129873,0.010381109120080773,0.00942157513496581,0.08103913965575447,0.0,0.0,-0.00113329870129873,-0.132953911754912
1941-07-31,Mom12m,-0.132953911754912,0.00708614655871869,-0.00458385830075054,0.09020066295525928,0.0,0.0,-0.132953911754912,0.040993284049284096
1941-08-31,Mom12m,0.040993284049284096,-0.005355893265890536,-0.0014934618229593226,0.09114838266001007,0.0,0.0,0.040993284049284096,0.023708038961039
1941-09-30,Mom12m,0.023708038961039,-0.001928989388139763,0.00020742964095846138,0.09143589495176364,0.0,0.0,0.023708038961039,0.10375388461538501
1941-10-31,Mom12m,0.10375388461538501,-0.003456801635700808,0.005477422218556338,0.0956935110965185,0.0,0.0,0.10375388461538501,0.0842137634032634
1941-11-30,Mom12m,0.0842137634032634,0.00029078476474089283,0.0072843663179510965,0.0970636686116308,0.0,0.0,0.0842137634032634,0.0714127161172162
1941-12-31,Mom12m,0.0714127161172162,-0.0021844361698907066,0.003948659854034863,0.09379144694356553,0.0,0.0,0.0714127161172162,-0.153193497002997
1942-01-31,Mom12m,-0.153193497002997,0.024711192095783038,0.009885801337551361,0.0791286870376554,0.0,0.0,-0.153193497002997,0.0181297091242091
1942-02-28,Mom12m,0.0181297091242091,0.00959843616989075,0.010309375582750606,0.07916074396829081,0.0,0.0,0.0181297091242091,-0.043585511155511104
1942-03-31,Mom12m,-0.043585511155511104,0.012205198392516603,0.007555972596847621,0.08051507475057268,0.0,0.0,-0.043585511155511104,0.014223164556962
1942-04-30,Mom12m,0.014223164556962,0.0035722204008113473,0.004459799080490563,0.0793831684573542,0.0,0.0,0.014223164556962,-0.0609686835443038
1942-05-31,Mom12m,-0.0609686835443038,0.002324394746603638,-0.00295002844430532,0.08112214552303246,0.0,0.0,-0.0609686835443038,-0.010939659201557901
1942-06-30,Mom12m,-0.010939659201557901,-0.00311518569366955,-0.0037672251526602502,0.0811515682949431,0.0,0.0,-0.010939659201557901,0.037617300389483896
1942-07-31,Mom12m,0.037617300389483896,0.007977019083908094,0.010447042526039408,0.07073656730522714,0.0,0.0,0.037617300389483896,0.0048682971437845005
1942-08-31,Mom12m,0.0048682971437845005,0.007670111478471714,0.007436626950581109,0.0700840922171983,0.0,0.0,0.0048682971437845005,0.009995924050632921
1942-09-30,Mom12m,0.009995924050632921,0.005957407676903123,0.006293950708047269,0.06990623749376768,0.0,0.0,0.009995924050632921,-0.135320025316456
1942-10-31,Mom12m,-0.135320025316456,-0.0025660432835288853,-0.01362887511960615,0.07357664776928723,0.0,0.0,-0.135320025316456,0.0183269746835443
1942-11-30,Mom12m,0.0183269746835443,-0.022523660439867015,-0.01911944084624941,0.06784674759148193,0.0,0.0,0.0183269746835443,0.006063556962025321
1942-12-31,Mom12m,0.006063556962025321,-0.027349636933837185,-0.02456520410918198,0.06231680688964034,0.0,0.0,0.006063556962025321,0.16190417721519001
1943-01-31,Mom12m,0.16190417721519001,-0.012871722937016977,0.0016929354090002707,0.06919599461435551,0.0,0.0,0.16190417721519001,0.256588139240506
1943-02-28,Mom12m,0.256588139240506,0.00019868325307219705,0.021564471252025014,0.10118920376402969,0.0,0.0,0.256588139240506,0.0286679620253165
1943-03-31,Mom12m,0.0286679620253165,0.02748719692543739,0.027585594017093984,0.09908797600829326,0.0,0.0,0.0286679620253165,0.11672346835443
1943-04-30,Mom12m,0.11672346835443,0.02880036033165144,0.036127286000216315,0.10220041673136367,0.0,0.0,0.11672346835443,0.160464493670886
1943-05-31,Mom12m,0.160464493670886,0.044954192322445415,0.05458005076814879,0.10306230973158,0.0,0.0,0.160464493670886,-0.026643316455696203
1943-06-30,Mom12m,-0.026643316455696203,0.060536388038122134,0.053271412663637274,0.10406470414807562,0.0,0.0,-0.026643316455696203,-0.0962864683544304
1943-07-31,Mom12m,-0.0962864683544304,0.054694513779469406,0.042112765268311085,0.11271541507341543,0.0,0.0,-0.0962864683544304,-0.025527544303797497
1943-08-31,Mom12m,-0.025527544303797497,0.0454986260069044,0.03957977848101258,0.11396310469750998,0.0,0.0,-0.025527544303797497,0.0398476663420967
1943-09-30,Mom12m,0.0398476663420967,0.04226921979286528,0.0420674236719679,0.11358380499679403,0.0,0.0,0.0398476663420967,-0.0306004341123012
1943-10-31,Mom12m,-0.0306004341123012,0.05819355539818825,0.05079405627231413,0.10216499553124125,0.0,0.0,-0.0306004341123012,-0.0655062070756248
1943-11-30,Mom12m,-0.0655062070756248,0.05374560914402048,0.04380795779238337,0.10732301389862824,0.0,0.0,-0.0655062070756248,0.060758023143523195
1943-12-31,Mom12m,0.060758023143523195,0.04723926695877956,0.04836582997417486,0.10673412037334779,0.0,0.0,0.060758023143523195,0.042793531645569594
1944-01-31,Mom12m,0.042793531645569594,0.038044162043173485,0.03843994284337316,0.10057638994634688,0.0,0.0,0.042793531645569594,0.0216942357389446
1944-02-29,Mom12m,0.0216942357389446,0.018608288625451993,0.01886545088490971,0.07346339017185101,0.0,0.0,0.0216942357389446,0.0522970198915009
1944-03-31,Mom12m,0.0522970198915009,0.017974313508509095,0.02083453904042508,0.07406423473431212,0.0,0.0,0.0522970198915009,0.023257848101265802
1944-04-30,Mom12m,0.023257848101265802,0.012117363648242813,0.013045737352661395,0.06770512268494268,0.0,0.0,0.023257848101265802,0.0320628227848102
1944-05-31,Mom12m,0.0320628227848102,-0.00035596776717720523,0.002345598112155079,0.05016270262613758,0.0,0.0,0.0320628227848102,-0.0923489164232392
1944-06-30,Mom12m,-0.0923489164232392,0.004980953981959741,-0.0031298685518068373,0.05676601830429198,0.0,0.0,-0.0923489164232392,0.0295531012658228
1944-07-31,Mom12m,0.0295531012658228,0.005338913248431667,0.007356762249880929,0.0490978434055346,0.0,0.0,0.0295531012658228,-0.00233817543005517
1944-08-31,Mom12m,-0.00233817543005517,0.010346244663851695,0.009289209656026124,0.04813275435632515,0.0,0.0,-0.00233817543005517,-0.014867259169100899
1944-09-30,Mom12m,-0.014867259169100899,0.006511168139110616,0.0047296325300929904,0.04756299291890952,0.0,0.0,-0.014867259169100899,-0.0012889624999999798
1944-10-31,Mom12m,-0.0012889624999999798,0.007941456770310645,0.007172255164451426,0.04632006659461013,0.0,0.0,-0.0012889624999999798,0.021488164556961998
1944-11-30,Mom12m,0.021488164556961998,0.013779388095367445,0.014421786133833658,0.04033175182663754,0.0,0.0,0.021488164556961998,-0.0229962658227848
1944-12-31,Mom12m,-0.0229962658227848,0.01020940095113461,0.0074422620533079915,0.038802121468223774,0.0,0.0,-0.0229962658227848,0.0365434125
1945-01-31,Mom12m,0.0365434125,0.004228510272193301,0.006921418791177192,0.03832345626123471,0.0,0.0,0.0365434125,-0.00512041613924046
1945-02-28,Mom12m,-0.00512041613924046,0.005578435432289247,0.004686864467995104,0.03816520448775611,0.0,0.0,-0.00512041613924046,-0.020470746835443
1945-03-31,Mom12m,-0.020470746835443,0.00035866852040366805,-0.0013771160925835542,0.03560812899234492,0.0,0.0,-0.020470746835443,0.054066675
1945-04-30,Mom12m,0.054066675,-0.0036166582920244047,0.0011902861489776293,0.03853612379943165,0.0,0.0,0.054066675,-0.011439025
1945-05-31,Mom12m,-0.011439025,-0.0016163080906435147,-0.0024348678330898877,0.037397187907623135,0.0,0.0,-0.011439025,0.06881407895569619
1945-06-30,Mom12m,0.06881407895569619,0.0057391365841964114,0.010995381781821393,0.03046825967729287,0.0,0.0,0.06881407895569619,-0.0193552716049383
1945-07-31,Mom12m,-0.0193552716049383,0.0093083163741849,0.006919684042591302,0.031026236389121352,0.0,0.0,-0.0193552716049383,-0.0148268919753087
1945-08-31,Mom12m,-0.0148268919753087,0.007761307631013708,0.005878957663820174,0.031569705068094825,0.0,0.0,-0.0148268919753087,-0.021471605246913602
1945-09-30,Mom12m,-0.021471605246913602,0.007764977375903906,0.0053285954906691175,0.03201863385784087,0.0,0.0,-0.021471605246913602,-0.0014799390243902298
1945-10-31,Mom12m,-0.0014799390243902298,0.005930191671639034,0.005312680780303262,0.03202226935983773,0.0,0.0,-0.0014799390243902298,0.0269544390243902
1945-11-30,Mom12m,0.0269544390243902,0.0038421822551524655,0.005768203652588945,0.03231086574335253,0.0,0.0,0.0269544390243902,0.00896132776272206
1945-12-31,Mom12m,0.00896132776272206,0.008383155423077465,0.008431336451381185,0.031015548179566973,0.0,0.0,0.00896132776272206,0.0698631463414633
1946-01-31,Mom12m,0.0698631463414633,0.005875693174234017,0.011207980938169793,0.034996971179342654,0.0,0.0,0.0698631463414633,-0.027549878048780497
1946-02-28,Mom12m,-0.027549878048780497,0.012692380672479813,0.009338859112374791,0.036514380223717,0.0,0.0,-0.027549878048780497,0.035732075730201804
1946-03-31,Mom12m,0.035732075730201804,0.012048823289449133,0.014022427659511857,0.03594321164760084,0.0,0.0,0.035732075730201804,0.0431689104185486
1946-04-30,Mom12m,0.0431689104185486,0.010382041537649296,0.013114280611057573,0.03496379691052362,0.0,0.0,0.0431689104185486,-0.015030032068654
1946-05-31,Mom12m,-0.015030032068654,0.015346399302971896,0.012815030022003076,0.0352075675584442,0.0,0.0,-0.015030032068654,-0.029918400632339602
1946-06-30,Mom12m,-0.029918400632339602,0.007724207391667334,0.004587323389666759,0.03235205723974964,0.0,0.0,-0.029918400632339602,0.018784813253012
1946-07-31,Mom12m,0.018784813253012,0.006763922934630853,0.007765663794495951,0.03165195724909064,0.0,0.0,0.018784813253012,-0.000298947693211895
1946-08-31,Mom12m,-0.000298947693211895,0.009819532500841825,0.008976325818004017,0.030979958809901065,0.0,0.0,-0.000298947693211895,0.0329461626506024
1946-09-30,Mom12m,0.0329461626506024,0.011744319551178344,0.013511139809463684,0.030087808529062194,0.0,0.0,0.0329461626506024,0.00401835714285714
1946-10-31,Mom12m,0.00401835714285714,0.014873965157995855,0.013969331156734299,0.02987991062619076,0.0,0.0,0.00401835714285714,0.00715736259323007
1946-11-30,Mom12m,0.00715736259323007,0.012788866805129216,0.012319574787470955,0.029643379125502474,0.0,0.0,0.00715736259323007,0.00893768674698796
1946-12-31,Mom12m,0.00893768674698796,0.012624869971539032,0.012317604702826446,0.029643623387325277,0.0,0.0,0.00893768674698796,-0.08169328235294121
1947-01-31,Mom12m,-0.08169328235294121,0.007086191826586729,-0.0003120976883739304,0.03474404254423283,0.0,0.0,-0.08169328235294121,-0.00500928235294117
1947-02-28,Mom12m,-0.00500928235294117,0.0021640641625721184,0.001566285286279347,0.033732181032210116,0.0,0.0,-0.00500928235294117,0.0245448235294118
1947-03-31,Mom12m,0.0245448235294118,-0.0015396956631681521,0.0006340142695468466,0.03284501185490474,0.0,0.0,0.0245448235294118,0.0781783139534884
1947-04-30,Mom12m,0.0781783139534884,-0.0032327944712714977,0.0035514645641251627,0.038100949248074355,0.0,0.0,0.0781783139534884,0.0437302094391245
1947-05-31,Mom12m,0.0437302094391245,0.005240691530741448,0.008448151356440038,0.03925422350612808,0.0,0.0,0.0437302094391245,-0.0115300132694939
1947-06-30,Mom12m,-0.0115300132694939,0.011936019719056367,0.009980516970010513,0.03795786145857127,0.0,0.0,-0.0115300132694939,-0.0244861704545455
1947-07-31,Mom12m,-0.0244861704545455,0.009180126398828557,0.0063746016610473875,0.039084055244593956,0.0,0.0,-0.0244861704545455,0.03358575
1947-08-31,Mom12m,0.03358575,0.006981287965980048,0.009198326468815046,0.039775993661604385,0.0,0.0,0.03358575,-0.00221321590909092
1947-09-30,Mom12m,-0.00221321590909092,0.007039432270470739,0.00626837825550727,0.03915780986444659,0.0,0.0,-0.00221321590909092,0.017159629341164398
1947-10-31,Mom12m,0.017159629341164398,0.00647292562938455,0.0073634842720328745,0.03927275307632732,0.0,0.0,0.017159629341164398,0.0611989767620021
1947-11-30,Mom12m,0.0611989767620021,0.00738222260646949,0.011866952119430544,0.042233854978501954,0.0,0.0,0.0611989767620021,0.0750391975229826
1947-12-31,Mom12m,0.0750391975229826,0.012133248971470776,0.01737541135076343,0.04596314540057839,0.0,0.0,0.0750391975229826,-0.0664085444444444
1948-01-31,Mom12m,-0.0664085444444444,0.026381656232918396,0.01864913950980483,0.04309017464649419,0.0,0.0,-0.0664085444444444,0.0213452555555556
1948-02-29,Mom12m,0.0213452555555556,0.02079990513369083,0.02084535100217956,0.042441470541938656,0.0,0.0,0.0213452555555556,-0.011802411111111
1948-03-31,Mom12m,-0.011802411111111,0.02050903531788572,0.017816414782135994,0.043438733718683786,0.0,0.0,-0.011802411111111,0.0703089230769231
1948-04-30,Mom12m,0.0703089230769231,0.012328969402922137,0.017160632209088884,0.04249374649609507,0.0,0.0,0.0703089230769231,-0.054578032967033
1948-05-31,Mom12m,-0.054578032967033,0.014745216097267465,0.00896827867524243,0.04621886782571977,0.0,0.0,-0.054578032967033,0.08182721978021981
1948-06-30,Mom12m,0.08182721978021981,0.010831759761127546,0.016748048096051904,0.050145215264723694,0.0,0.0,0.08182721978021981,-0.00019286956521740202
1948-07-31,Mom12m,-0.00019286956521740202,0.020496613418833482,0.018772489836829245,0.04880156693906282,0.0,0.0,-0.00019286956521740202,0.0185055760869565
1948-08-31,Mom12m,0.0185055760869565,0.017425829821995534,0.017515808677408953,0.048579091919201865,0.0,0.0,0.0185055760869565,0.00578285869565218
1948-09-30,Mom12m,0.00578285869565218,0.01930935636709076,0.01818214822780421,0.048338117362838974,0.0,0.0,0.00578285869565218,0.0280178586956522
1948-10-31,Mom12m,0.0280178586956522,0.01827510449022601,0.01908700067401153,0.0484187980513959,0.0,0.0,0.0280178586956522,0.0117528369565217
1948-11-30,Mom12m,0.0117528369565217,0.015258639211466928,0.01496648902355483,0.04657819240454341,0.0,0.0,0.0117528369565217,0.0707826304347826
1948-12-31,Mom12m,0.0707826304347826,0.009505333705425029,0.014611775099538163,0.04609280120916889,0.0,0.0,0.0707826304347826,-0.064042914893617
1949-01-31,Mom12m,-0.064042914893617,0.021977258694445667,0.014808910895440444,0.045718318672888426,0.0,0.0,-0.064042914893617,0.021755691489361698
1949-02-28,Mom12m,0.021755691489361698,0.014214697744520883,0.014843113889924287,0.04572380641714679,0.0,0.0,0.021755691489361698,-0.0113018085106383
1949-03-31,Mom12m,-0.0113018085106383,0.017265434344563856,0.014884830773297011,0.04569750668270067,0.0,0.0,-0.0113018085106383,0.0430444187828872
1949-04-30,Mom12m,0.0430444187828872,0.009846276927512818,0.01261278874879402,0.04330659153778482,0.0,0.0,0.0430444187828872,0.0730531818805765
1949-05-31,Mom12m,0.0730531818805765,0.018721045268414654,0.023248723319428146,0.040911241982005755,0.0,0.0,0.0730531818805765,-0.0161200939144361
1949-06-30,Mom12m,-0.0161200939144361,0.01792340545935617,0.015086447178206818,0.03781536174953766,0.0,0.0,-0.0161200939144361,-0.0163069263157895
1949-07-31,Mom12m,-0.0163069263157895,0.01647547597306356,0.013743609115659146,0.038683406399283374,0.0,0.0,-0.0163069263157895,0.0010256203807391
1949-08-31,Mom12m,0.0010256203807391,0.013310703027359379,0.012286946140141025,0.03881667137257133,0.0,0.0,0.0010256203807391,-0.0390744303471445
1949-09-30,Mom12m,-0.0390744303471445,0.012878226816912735,0.00854883871990797,0.04156274579374364,0.0,0.0,-0.0390744303471445,-0.0241957263157894
1949-10-31,Mom12m,-0.0241957263157894,0.006778927813022127,0.00419770663562117,0.042069267353919436,0.0,0.0,-0.0241957263157894,0.0621088105263158
1949-11-30,Mom12m,0.0621088105263158,0.0035108766064483902,0.008394037766437346,0.045280300184527986,0.0,0.0,0.0621088105263158,-0.0357970442649264
1949-12-31,Mom12m,-0.0357970442649264,0.002722347523860499,-0.0004876017918717379,0.042283969038193515,0.0,0.0,-0.0357970442649264,-0.0349996736842105
1950-01-31,Mom12m,-0.0349996736842105,0.0052901539446505545,0.0019326683089121374,0.03902072550507217,0.0,0.0,-0.0349996736842105,0.012055042105263201
1950-02-28,Mom12m,0.012055042105263201,0.00013057529250762691,0.0011242808602372628,0.038671642803596355,0.0,0.0,0.012055042105263201,0.04248394407894741
1950-03-31,Mom12m,0.04248394407894741,0.0022539253484986726,0.005606426909369405,0.040187734418331185,0.0,0.0,0.04248394407894741,-0.0307246094286941
1950-04-30,Mom12m,-0.0307246094286941,0.002202973102685964,-0.0005409921082623701,0.03957782415512913,0.0,0.0,-0.0307246094286941,-0.0126762680412371
1950-05-31,Mom12m,-0.0126762680412371,-0.007231371561793182,-0.00768511293508017,0.032120719370424836,0.0,0.0,-0.0126762680412371,-0.00031572197164944497
1950-06-30,Mom12m,-0.00031572197164944497,-0.006918296482411454,-0.00636808193984795,0.03206738772838792,0.0,0.0,-0.00031572197164944497,-0.0376656494845361
1950-07-31,Mom12m,-0.0376656494845361,-0.005464550632944176,-0.0081479755372435,0.03324048977461475,0.0,0.0,-0.0376656494845361,0.034754106314433
1950-08-31,Mom12m,0.034754106314433,-0.008981938802514649,-0.00533726837610234,0.035439916674963844,0.0,0.0,0.034754106314433,0.0184942784579038
1950-09-30,Mom12m,0.0184942784579038,-0.0022702536514621493,-0.0005398759756816493,0.03433714060437382,0.0,0.0,0.0184942784579038,0.0187056703134862
1950-10-31,Mom12m,0.0187056703134862,0.0016106558734190507,0.003035240410091317,0.03388060022051097,0.0,0.0,0.0187056703134862,0.0767316530612245
1950-11-30,Mom12m,0.0767316530612245,-0.0023350841459290946,0.004253810621333709,0.0363699443539153,0.0,0.0,0.0767316530612245,0.062351612244898
1950-12-31,Mom12m,0.062351612244898,0.007894797429175532,0.012432865330485742,0.037560885990764126,0.0,0.0,0.062351612244898,-0.000672989795918344
1951-01-31,Mom12m,-0.000672989795918344,0.01674491433182176,0.015293422321176755,0.0348278179910212,0.0,0.0,-0.000672989795918344,-0.0055229334608843505
1951-02-28,Mom12m,-0.0055229334608843505,0.015587820522623436,0.013828591023997793,0.03534226256975543,0.0,0.0,-0.0055229334608843505,-0.0242640604881128
1951-03-31,Mom12m,-0.0242640604881128,0.011223558928093279,0.008266257310076108,0.03567336276860295,0.0,0.0,-0.0242640604881128,0.0607485034714917
1951-04-30,Mom12m,0.0607485034714917,0.011810881559055214,0.015889016718424926,0.036350938295455146,0.0,0.0,0.0607485034714917,-0.0229388470439722
1951-05-31,Mom12m,-0.0229388470439722,0.0184858607874851,0.015033801801530333,0.037195000476434516,0.0,0.0,-0.0229388470439722,-0.0636950612244898
1951-06-30,Mom12m,-0.0636950612244898,0.016429213053637582,0.00975219019712697,0.043532672791918664,0.0,0.0,-0.0636950612244898,0.0870325825463879
1951-07-31,Mom12m,0.0870325825463879,0.014062902895459972,0.020143709533037304,0.04599805631937806,0.0,0.0,0.0870325825463879,0.0384067083203165
1951-08-31,Mom12m,0.0384067083203165,0.018815491643819512,0.020448093033527598,0.046115462478413236,0.0,0.0,0.0384067083203165,0.013378536394876598
1951-09-30,Mom12m,0.013378536394876598,0.020625712540402484,0.020021781194942,0.04615879214372519,0.0,0.0,0.013378536394876598,-0.00453988999999999
1951-10-31,Mom12m,-0.00453988999999999,0.020141427638710702,0.018084651168818147,0.04670360009972243,0.0,0.0,-0.00453988999999999,0.01985858
1951-11-30,Mom12m,0.01985858,0.012753105542235748,0.013345228413716105,0.04294565206157657,0.0,0.0,0.01985858,0.023937747070707102
1951-12-31,Mom12m,0.023937747070707102,0.008890102610881384,0.010144072982533532,0.040311544007650815,0.0,0.0,0.023937747070707102,0.01391012
1952-01-31,Mom12m,0.01391012,0.011127442326029153,0.011359332132193395,0.040175386391153464,0.0,0.0,0.01391012,8.419999999991e-06
1952-02-29,Mom12m,8.419999999991e-06,0.012894083549745911,0.011820278253933754,0.03999541001757697,0.0,0.0,8.419999999991e-06,0.03688998
1952-03-31,Mom12m,0.03688998,0.015100672685028892,0.016916448294609823,0.03885956077677106,0.0,0.0,0.03688998,-0.0177549
1952-04-30,Mom12m,-0.0177549,0.012931716005802374,0.010374498005318849,0.03738984800217771,0.0,0.0,-0.0177549,0.00980829702970297
1952-05-31,Mom12m,0.00980829702970297,0.013402983918890755,0.013103426678125111,0.03590288045501992,0.0,0.0,0.00980829702970297,0.0204970394059406
1952-06-30,Mom12m,0.0204970394059406,0.020085107396544646,0.02011943506399431,0.02653496896144912,0.0,0.0,0.0204970394059406,0.009180316435643569
1952-07-31,Mom12m,0.009180316435643569,0.014036421656503978,0.013631746221432282,0.016187436452063348,0.0,0.0,0.009180316435643569,-0.0035338285148514997
1952-08-31,Mom12m,-0.0035338285148514997,0.011379476939715532,0.010136701485168284,0.014822091142828411,0.0,0.0,-0.0035338285148514997,0.011897798019802
1952-09-30,Mom12m,0.011897798019802,0.009841989220649341,0.010013306620578734,0.014798794472464323,0.0,0.0,0.011897798019802,0.0318853314890313
1952-10-31,Mom12m,0.0318853314890313,0.011336324495176795,0.013048741744664675,0.015270503472914447,0.0,0.0,0.0318853314890313,0.0077232922733449704
1952-11-30,Mom12m,0.0077232922733449704,0.012429665539634184,0.01203746776744342,0.015180086997603462,0.0,0.0,0.0077232922733449704,0.00349930392156861
1952-12-31,Mom12m,0.00349930392156861,0.010955624194419446,0.010334264171681882,0.014866858255568582,0.0,0.0,0.00349930392156861,-0.0206854058435255
1953-01-31,Mom12m,-0.0206854058435255,0.0100091863691075,0.007451303684721421,0.017270452610844762,0.0,0.0,-0.0206854058435255,0.0062143039215686304
1953-02-28,Mom12m,0.0062143039215686304,0.008127929474241548,0.007968460678185475,0.017119574394180968,0.0,0.0,0.0062143039215686304,0.00246944117647059
1953-03-31,Mom12m,0.00246944117647059,0.0053392316489296035,0.005100082442891357,0.01451936610501645,0.0,0.0,0.00246944117647059,0.0220529117647059
1953-04-30,Mom12m,0.0220529117647059,0.007177808119517839,0.008417400089950183,0.01332095053972007,0.0,0.0,0.0220529117647059,0.0174633794408853
1953-05-31,Mom12m,0.0174633794408853,0.008290954913609015,0.009055323624215376,0.01357449730189952,0.0,0.0,0.0174633794408853,0.00862527722772273
1953-06-30,Mom12m,0.00862527722772273,0.008015167644058534,0.008066010109363888,0.013088731906412665,0.0,0.0,0.00862527722772273,0.0129670854788235
1953-07-31,Mom12m,0.0129670854788235,0.007964709534247548,0.008381574196295549,0.013163475035008454,0.0,0.0,0.0129670854788235,0.0153777332556785
1953-08-31,Mom12m,0.0153777332556785,0.009464792624581638,0.009957537677173047,0.012732254367510383,0.0,0.0,0.0153777332556785,0.0354839614637934
1953-09-30,Mom12m,0.0354839614637934,0.009781150373297685,0.011923051297505665,0.01472378437552119,0.0,0.0,0.0354839614637934,0.0319602745098039
1953-10-31,Mom12m,0.0319602745098039,0.01010829855282151,0.011929296549236716,0.014733034326986283,0.0,0.0,0.0319602745098039,0.00704777450980392
1953-11-30,Mom12m,0.00704777450980392,0.012311660574317778,0.011873003402274963,0.014751844456984254,0.0,0.0,0.00704777450980392,0.07466499019607839
1953-12-31,Mom12m,0.07466499019607839,0.012634248809611897,0.017803477258484107,0.023050250608622785,0.0,0.0,0.07466499019607839,-0.0929970924092409
1954-01-31,Mom12m,-0.0929970924092409,0.021302466631394068,0.011777503378007828,0.03838095925429395,0.0,0.0,-0.0929970924092409,0.015425
1954-02-28,Mom12m,0.015425,0.012283248783138656,0.012545061384543775,0.038351678481666165,0.0,0.0,0.015425,0.0397447615996894
1954-03-31,Mom12m,0.0397447615996894,0.013461026858004967,0.015651338086478676,0.0389660478969725,0.0,0.0,0.0397447615996894,0.0682682302918155
1954-04-30,Mom12m,0.0682682302918155,0.015069376843003466,0.019502614630404477,0.04183457791585748,0.0,0.0,0.0682682302918155,-0.0240393235294118
1954-05-31,Mom12m,-0.0240393235294118,0.019687999647633483,0.016044056049546385,0.04369278427263562,0.0,0.0,-0.0240393235294118,0.0361465
1954-06-30,Mom12m,0.0361465,0.01671849048789398,0.01833749128056949,0.04398926026379314,0.0,0.0,0.0361465,-0.0170733300970873
1954-07-31,Mom12m,-0.0170733300970873,0.01882570998981912,0.015834123315910255,0.04516181814751377,0.0,0.0,-0.0170733300970873,-0.007023067961165041
1954-08-31,Mom12m,-0.007023067961165041,0.015875613321385863,0.013967389881173296,0.04564279747907409,0.0,0.0,-0.007023067961165041,0.0056496783249999905
1954-09-30,Mom12m,0.0056496783249999905,0.012011337919116915,0.011481199619607177,0.04517437160355285,0.0,0.0,0.0056496783249999905,0.026849137730820496
1954-10-31,Mom12m,0.026849137730820496,0.009619465538680195,0.011055271554691893,0.04498743903920567,0.0,0.0,0.026849137730820496,0.0149522045631068
1954-11-30,Mom12m,0.0149522045631068,0.011419589467863521,0.011713974059133799,0.04498129487081138,0.0,0.0,0.0149522045631068,-0.0333524333980582
1954-12-31,Mom12m,-0.0333524333980582,0.00599115441032065,0.002712522092955751,0.04194403497436096,0.0,0.0,-0.0333524333980582,0.0291159126213592
1955-01-31,Mom12m,0.0291159126213592,0.011413396138609984,0.01288860584550576,0.02961341729997019,0.0,0.0,0.0291159126213592,0.0240271814232524
1955-02-28,Mom12m,0.0240271814232524,0.01265802455873355,0.01360545429744346,0.02978402170194553,0.0,0.0,0.0240271814232524,0.0185861683168317
1955-03-31,Mom12m,0.0185861683168317,0.011229153633602914,0.011842238190538652,0.028702556727402725,0.0,0.0,0.0185861683168317,-0.000576213592233015
1955-04-30,Mom12m,-0.000576213592233015,0.006712602544968022,0.006105201200201276,0.02263859662473715,0.0,0.0,-0.000576213592233015,0.00492000634432376
1955-05-31,Mom12m,0.00492000634432376,0.008845612539257001,0.008518478689679239,0.02058329429701019,0.0,0.0,0.00492000634432376,0.0364895198180582
1955-06-30,Mom12m,0.0364895198180582,0.006006840388740981,0.008547063674517422,0.020625345882182494,0.0,0.0,0.0364895198180582,-0.025195168316831704
1955-07-31,Mom12m,-0.025195168316831704,0.010876190381026935,0.007870243822872056,0.021650300106597836,0.0,0.0,-0.025195168316831704,0.0257909384158416
1955-08-31,Mom12m,0.0257909384158416,0.009224181257784512,0.010604744354289276,0.021670468138345136,0.0,0.0,0.0257909384158416,-0.0121821879721668
1955-09-30,Mom12m,-0.0121821879721668,0.011055204902406475,0.009118755496192043,0.022631222868065487,0.0,0.0,-0.0121821879721668,-0.0050930597942147205
1955-10-31,Mom12m,-0.0050930597942147205,0.007506902565771267,0.006456905702439108,0.022231179254112155,0.0,0.0,-0.0050930597942147205,0.0302522782954766
1955-11-30,Mom12m,0.0302522782954766,0.005684605806014765,0.007731911846803258,0.023181145566258162,0.0,0.0,0.0302522782954766,0.00887169306930693
1955-12-31,Mom12m,0.00887169306930693,0.011466852323608839,0.01125058905241702,0.019249139799229483,0.0,0.0,0.00887169306930693,-0.029995480392156902
1956-01-31,Mom12m,-0.029995480392156902,0.009626468727967722,0.00632463963462401,0.021672588341280826,0.0,0.0,-0.029995480392156902,0.0198679503009125
1956-02-29,Mom12m,0.0198679503009125,0.004715317653839603,0.005978037041095685,0.02139522380270933,0.0,0.0,0.0198679503009125,0.060561402941176394
1956-03-31,Mom12m,0.060561402941176394,0.0048318432887560405,0.009475973259791076,0.02647273688925232,0.0,0.0,0.060561402941176394,0.0350013039215686
1956-04-30,Mom12m,0.0350013039215686,0.010389808428156896,0.01244076638594121,0.02722612356475779,0.0,0.0,0.0350013039215686,0.0169555
1956-05-31,Mom12m,0.0169555,0.013124471844270064,0.013443724190580897,0.027145449549528095,0.0,0.0,0.0169555,0.0218035841584158
1956-06-30,Mom12m,0.0218035841584158,0.011348651860810226,0.01221989621894403,0.026330824051314584,0.0,0.0,0.0218035841584158,0.0509848640776699
1956-07-31,Mom12m,0.0509848640776699,0.01562126572219636,0.018568232251819163,0.02566507085456866,0.0,0.0,0.0509848640776699,0.0027251257329616403
1956-08-31,Mom12m,0.0027251257329616403,0.017911622600544387,0.0166460811949125,0.025937258292901524,0.0,0.0,0.0027251257329616403,-0.00383325213592233
1956-09-30,Mom12m,-0.00383325213592233,0.01926683293737425,0.017341825847932875,0.025195021709418865,0.0,0.0,-0.00383325213592233,0.0465551816152203
1956-10-31,Mom12m,0.0465551816152203,0.01938136090630992,0.021645845965385793,0.025424543081031616,0.0,0.0,0.0465551816152203,0.0535563415686275
1956-11-30,Mom12m,0.0535563415686275,0.02086344302628662,0.023587851238148366,0.026983890376078404,0.0,0.0,0.0535563415686275,0.0533607689560784
1956-12-31,Mom12m,0.0533607689560784,0.024925683798952124,0.027295274228712658,0.027821435871590226,0.0,0.0,0.0533607689560784,-0.061371754901960805
1957-01-31,Mom12m,-0.061371754901960805,0.0325035246487917,0.024680584686228996,0.03439334965647126,0.0,0.0,-0.061371754901960805,0.0203304901960784
1957-02-28,Mom12m,0.0203304901960784,0.02511809690307594,0.02471912967749282,0.034387724488233906,0.0,0.0,0.0203304901960784,0.0032928627450980303
1957-03-31,Mom12m,0.0032928627450980303,0.021460741198976126,0.019946751327819624,0.03290313714093372,0.0,0.0,0.0032928627450980303,0.0288544563106796
1957-04-30,Mom12m,0.0288544563106796,0.0185781556374788,0.01943451402691221,0.032694647574878284,0.0,0.0,0.0288544563106796,0.0116465778566094
1957-05-31,Mom12m,0.0116465778566094,0.019659878938449674,0.018992103848296325,0.03276708090107538,0.0,0.0,0.0116465778566094,0.0101810318627451
1957-06-30,Mom12m,0.0101810318627451,0.01873651472919455,0.0180235578236571,0.03284809540588042,0.0,0.0,0.0101810318627451,0.0005535574028664409
1957-07-31,Mom12m,0.0005535574028664409,0.015027075436928659,0.013820948934090147,0.031443717737512075,0.0,0.0,0.0005535574028664409,0.018703423178209798
1957-08-31,Mom12m,0.018703423178209798,0.01482966013419273,0.015152473721194158,0.031268960793048674,0.0,0.0,0.018703423178209798,0.00445252525252525
1957-09-30,Mom12m,0.00445252525252525,0.016878448799113835,0.015842955170231456,0.030900922220987014,0.0,0.0,0.00445252525252525,0.044904515039025296
1957-10-31,Mom12m,0.044904515039025296,0.013050934584323375,0.01570539962221521,0.030755107906339008,0.0,0.0,0.044904515039025296,0.0317468699413631
1957-11-30,Mom12m,0.0317468699413631,0.012264404899814084,0.013887943653276507,0.028903665220580237,0.0,0.0,0.0317468699413631,0.061632397769873996
1957-12-31,Mom12m,0.061632397769873996,0.01029950498938542,0.01457724605442614,0.030008131932589648,0.0,0.0,0.061632397769873996,-0.154054147058823
1958-01-31,Mom12m,-0.154054147058823,0.021481700686824947,0.006853713374687623,0.05381604045711719,0.0,0.0,-0.154054147058823,0.0518514043632972
1958-02-28,Mom12m,0.0518514043632972,0.0056285518454702735,0.009480456221955856,0.05528290847194139,0.0,0.0,0.0518514043632972,0.0125434900990099
1958-03-31,Mom12m,0.0125434900990099,0.010042964719852016,0.010251341834781845,0.055253271682850616,0.0,0.0,0.0125434900990099,0.00846177450980392
1958-04-30,Mom12m,0.00846177450980392,0.008560149609700226,0.008551951684708872,0.05494181708338807,0.0,0.0,0.00846177450980392,-0.0170995
1958-05-31,Mom12m,-0.0170995,0.00827062203271791,0.006156445196658089,0.055419224392596694,0.0,0.0,-0.0170995,-0.0564610878639412
1958-06-30,Mom12m,-0.0564610878639412,0.005790573681559264,0.0006029352194342295,0.05824622908356286,0.0,0.0,-0.0564610878639412,-0.0683045916728902
1958-07-31,Mom12m,-0.0683045916728902,0.0006074241118494782,-0.005135243870212157,0.061549669270268004,0.0,0.0,-0.0683045916728902,0.020779611650485502
1958-08-31,Mom12m,0.020779611650485502,-0.007302395420068703,-0.004962228164189182,0.06162564263863472,0.0,0.0,0.020779611650485502,-0.0475703255866213
1958-09-30,Mom12m,-0.0475703255866213,-0.005818114838435953,-0.009297465734118061,0.0627232007992121,0.0,0.0,-0.0475703255866213,0.0515410062821245
1958-10-31,Mom12m,0.0515410062821245,-0.014224918531676551,-0.008744424797193126,0.06327141664698858,0.0,0.0,0.0515410062821245,0.045566984812073504
1958-11-30,Mom12m,0.045566984812073504,-0.012425451591607335,-0.007592748557967262,0.06419449266657326,0.0,0.0,0.045566984812073504,0.00719758262039796
1958-12-31,Mom12m,0.00719758262039796,-0.013885943678680106,-0.012128983153756932,0.06068545257492952,0.0,0.0,0.00719758262039796,0.0107748846153846
1959-01-31,Mom12m,0.0107748846153846,0.0007733044739763445,0.0016067694857603715,0.04115132815583631,0.0,0.0,0.0107748846153846,0.0325162427184466
1959-02-28,Mom12m,0.0325162427184466,-0.00296092459401571,-4.493984643845136e-06,0.03934401659577527,0.0,0.0,0.0325162427184466,0.026086692307692297
1959-03-31,Mom12m,0.026086692307692297,-0.0011452198104305563,0.0011241061994130212,0.03992661597782449,0.0,0.0,0.026086692307692297,0.047054465739357704
1959-04-30,Mom12m,0.047054465739357704,0.0004570454439229325,0.004340163801875837,0.04206825787936718,0.0,0.0,0.047054465739357704,0.012503184466019399
1959-05-31,Mom12m,0.012503184466019399,0.006289224147500905,0.00680705417404412,0.04156164170808172,0.0,0.0,0.012503184466019399,0.027297990291262102
1959-06-30,Mom12m,0.027297990291262102,0.012558703450224596,0.013786977353644396,0.03672187781280491,0.0,0.0,0.027297990291262102,-0.00539208737864078
1959-07-31,Mom12m,-0.00539208737864078,0.021249847265147535,0.019029686044831847,0.027190302911822624,0.0,0.0,-0.00539208737864078,-0.0051104174757281694
1959-08-31,Mom12m,-0.0051104174757281694,0.018870601898863328,0.016872183617647377,0.028052325870969508,0.0,0.0,-0.0051104174757281694,-0.00111985436893204
1959-09-30,Mom12m,-0.00111985436893204,0.022730593545308157,0.020743056219121477,0.020554440874923238,0.0,0.0,-0.00111985436893204,0.06930519230895191
1959-10-31,Mom12m,0.06930519230895191,0.01794324257703029,0.02222340505469043,0.023414846839931995,0.0,0.0,0.06930519230895191,0.0269469305978675
1959-11-30,Mom12m,0.0269469305978675,0.02010126144038287,0.020671733870173264,0.022318566168513798,0.0,0.0,0.0269469305978675,0.0293630654036557
1959-12-31,Mom12m,0.0293630654036557,0.02189665671106192,0.02251885743544474,0.02201723799939106,0.0,0.0,0.0293630654036557,-0.045795346153846096
1960-01-31,Mom12m,-0.045795346153846096,0.023586491328177472,0.01780467153800885,0.02953360703684393,0.0,0.0,-0.045795346153846096,0.0506779423076923
1960-02-29,Mom12m,0.0506779423076923,0.016467255976150865,0.019318146503779325,0.03079449141635202,0.0,0.0,0.0506779423076923,0.0158182516803585
1960-03-31,Mom12m,0.0158182516803585,0.018702824157969047,0.018462443118168175,0.030731915642411324,0.0,0.0,0.0158182516803585,0.0510916634615385
1960-04-30,Mom12m,0.0510916634615385,0.015863168334423666,0.01879887626168324,0.031093350714348263,0.0,0.0,0.0510916634615385,0.0635407780059746
1960-05-31,Mom12m,0.0635407780059746,0.019371211879470853,0.023052009056679507,0.03354765053248539,0.0,0.0,0.0635407780059746,0.00716120164301718
1960-06-30,Mom12m,0.00716120164301718,0.022666010762626535,0.02137394333599243,0.033818488713620136,0.0,0.0,0.00716120164301718,-0.0158889198717949
1960-07-31,Mom12m,-0.0158889198717949,0.023807218855504533,0.02049920729489625,0.03469806201574356,0.0,0.0,-0.0158889198717949,-0.00828829042904291
1960-08-31,Mom12m,-0.00828829042904291,0.02282735500131665,0.020234384548786694,0.034922688841865834,0.0,0.0,-0.00828829042904291,0.00917400905233377
1960-09-30,Mom12m,0.00917400905233377,0.022175678995852027,0.021092206500558843,0.03447401424493501,0.0,0.0,0.00917400905233377,0.020547047619047597
1960-10-31,Mom12m,0.020547047619047597,0.016709207790704922,0.01702902777640015,0.030970259019775893,0.0,0.0,0.020547047619047597,0.0628885392156863
1960-11-30,Mom12m,0.0628885392156863,0.01612740024717584,0.02002416182788505,0.033639541720083585,0.0,0.0,0.0628885392156863,0.00874434182364784
1960-12-31,Mom12m,0.00874434182364784,0.019175170593724075,0.018305934862884395,0.03364574538954783,0.0,0.0,0.00874434182364784,-0.09274277884615391
1961-01-31,Mom12m,-0.09274277884615391,0.024133324046223526,0.014393648805192076,0.04316097649611553,0.0,0.0,-0.09274277884615391,0.0011262980769231
1961-02-28,Mom12m,0.0011262980769231,0.01109507666860114,0.010264345119294643,0.04172031080060246,0.0,0.0,0.0011262980769231,0.029698112660362
1961-03-31,Mom12m,0.029698112660362,0.009759444522834287,0.011421000200961602,0.04207914501519012,0.0,0.0,0.029698112660362,0.0398996603773585
1961-04-30,Mom12m,0.0398996603773585,0.007814576268181878,0.010488333277279936,0.04123550218851099,0.0,0.0,0.0398996603773585,-0.027761094339622597
1961-05-31,Mom12m,-0.027761094339622597,0.005665383756489505,0.0028798439151468355,0.03891461579239955,0.0,0.0,-0.027761094339622597,0.016982941868823
1961-06-30,Mom12m,0.016982941868823,0.002490629576249525,0.00369832226729732,0.039115620003816326,0.0,0.0,0.016982941868823,0.0235255338564627
1961-07-31,Mom12m,0.0235255338564627,0.0054789806435784245,0.0069828600779854545,0.03897592381824328,0.0,0.0,0.0235255338564627,0.0108348971962617
1961-08-31,Mom12m,0.0108348971962617,0.008371146487715298,0.008576459046760838,0.03868462752286803,0.0,0.0,0.0108348971962617,0.00889902054311411
1961-09-30,Mom12m,0.00889902054311411,0.008522136318981475,0.0085535433376592,0.03868432281800813,0.0,0.0,0.00889902054311411,0.06297857407407409
1961-10-31,Mom12m,0.06297857407407409,0.007463224766623885,0.012089503875578075,0.04170180808525071,0.0,0.0,0.06297857407407409,0.0247154166666667
1961-11-30,Mom12m,0.0247154166666667,0.007471409753750048,0.00890841032982644,0.03883167425736441,0.0,0.0,0.0247154166666667,-0.0236275462962963
1961-12-31,Mom12m,-0.0236275462962963,0.008923325648569944,0.006210752986497763,0.03995238242450024,0.0,0.0,-0.0236275462962963,-0.0413696111111111
1962-01-31,Mom12m,-0.0413696111111111,0.015206528607647912,0.01049185029775133,0.02986374745189014,0.0,0.0,-0.0413696111111111,0.000376555555555562
1962-02-28,Mom12m,0.000376555555555562,0.011343264136008438,0.010429371754304036,0.029885898631404992,0.0,0.0,0.000376555555555562,0.018604115610938
1962-03-31,Mom12m,0.018604115610938,0.008677668035571488,0.009504872000185368,0.029403342374240936,0.0,0.0,0.018604115610938,0.026347807718933903
1962-04-30,Mom12m,0.026347807718933903,0.006741709420442351,0.008375550945316652,0.028371975451359933,0.0,0.0,0.026347807718933903,0.012700643184623599
1962-05-31,Mom12m,0.012700643184623599,0.01166070051667476,0.011747362405670503,0.025991395151747615,0.0,0.0,0.012700643184623599,0.0535491035972492
1962-06-30,Mom12m,0.0535491035972492,0.011271400636292997,0.01479454254970602,0.028666783809279204,0.0,0.0,0.0535491035972492,-0.0322705185185185
1962-07-31,Mom12m,-0.0322705185185185,0.014000816067273587,0.010144871518457587,0.03150625610229665,0.0,0.0,-0.0322705185185185,-0.00854519712703359
1962-08-31,Mom12m,-0.00854519712703359,0.010082141911384478,0.008529863658182979,0.03196109771025723,0.0,0.0,-0.00854519712703359,0.0575778052959501
1962-09-30,Mom12m,0.0575778052959501,0.00849630394137105,0.012586429054252645,0.034960659791511306,0.0,0.0,0.0575778052959501,0.01725053352794
1962-10-31,Mom12m,0.01725053352794,0.008005324961541598,0.00877575900874147,0.03126551422912738,0.0,0.0,0.01725053352794,-0.105042763636364
1962-11-30,Mom12m,-0.105042763636364,0.007326699221657352,-0.0020374226831777545,0.04477249643918227,0.0,0.0,-0.105042763636364,0.0677172
1962-12-31,Mom12m,0.0677172,-7.468417289425736e-05,0.005574639508180271,0.04838725684022791,0.0,0.0,0.0677172,-0.0329419099099098
1963-01-31,Mom12m,-0.0329419099099098,0.00984229865538857,0.006276947941613711,0.04770023435904433,0.0,0.0,-0.0329419099099098,0.053059
1963-02-28,Mom12m,0.053059,0.006813347249437176,0.010667151645317416,0.0494982966086614,0.0,0.0,0.053059,0.0350436281736282
1963-03-31,Mom12m,0.0350436281736282,0.009945609466624629,0.0120371110255416,0.04996325084522477,0.0,0.0,0.0350436281736282,0.0112339459459459
1963-04-30,Mom12m,0.0112339459459459,0.010736138598869566,0.010777622544459265,0.04975979034296892,0.0,0.0,0.0112339459459459,0.00630964602784603
1963-05-31,Mom12m,0.00630964602784603,0.010602802486262502,0.010245039448061136,0.04977153727826061,0.0,0.0,0.00630964602784603,0.010304307254502201
1963-06-30,Mom12m,0.010304307254502201,0.006308306343589487,0.006641306419498884,0.047880707818680354,0.0,0.0,0.010304307254502201,0.0201610638587682
1963-07-31,Mom12m,0.0201610638587682,0.010178745050227731,0.011010604950939444,0.04637568767314086,0.0,0.0,0.0201610638587682,0.05868848899981009
1963-08-31,Mom12m,0.05868848899981009,0.012788405139846077,0.01661341212817642,0.04783665609703402,0.0,0.0,0.05868848899981009,0.0104485111111111
1963-09-30,Mom12m,0.0104485111111111,0.012889376385651529,0.012685970946106498,0.04606973893219611,0.0,0.0,0.0104485111111111,0.024336518855830297
1963-10-31,Mom12m,0.024336518855830297,0.012271010711394359,0.013276469723430691,0.04617884705384727,0.0,0.0,0.024336518855830297,0.047816373583754006
1963-11-30,Mom12m,0.047816373583754006,0.024032763665230203,0.026014731158440524,0.02812916537339157,0.0,0.0,0.047816373583754006,0.0682049265245504
1963-12-31,Mom12m,0.0682049265245504,0.022223597627389655,0.026055375035486394,0.028195174063355574,0.0,0.0,0.0682049265245504,-0.0308020814860317
1964-01-31,Mom12m,-0.0308020814860317,0.03141876457597695,0.02623369407080957,0.027792012266640166,0.0,0.0,-0.0308020814860317,-0.00539361411171093
1964-02-29,Mom12m,-0.00539361411171093,0.023795029895428612,0.021362642894833656,0.027785410354241674,0.0,0.0,-0.00539361411171093,0.0167317846864261
1964-03-31,Mom12m,0.0167317846864261,0.02011891696039778,0.019836655937566814,0.027466758701635237,0.0,0.0,0.0167317846864261,-0.00467027289642915
1964-04-30,Mom12m,-0.00467027289642915,0.020618720482259618,0.018511304367368895,0.02829094848754071,0.0,0.0,-0.00467027289642915,0.056392724662965896
1964-05-31,Mom12m,0.056392724662965896,0.019620546034598237,0.022684894253628882,0.029971578562007432,0.0,0.0,0.056392724662965896,0.01973478125
1964-06-30,Mom12m,0.01973478125,0.02381040216264039,0.023470767086587033,0.029740183736457364,0.0,0.0,0.01973478125,-0.008145602040816319
1964-07-31,Mom12m,-0.008145602040816319,0.023771649198206915,0.021111878261621655,0.031117274066961152,0.0,0.0,-0.008145602040816319,-0.00302633482469911
1964-08-31,Mom12m,-0.00302633482469911,0.017695822739968156,0.015968976276245887,0.029394480875589258,0.0,0.0,-0.00302633482469911,0.0031709558173785204
1964-09-30,Mom12m,0.0031709558173785204,0.016470836745803588,0.015362513335101505,0.029593136166466884,0.0,0.0,0.0031709558173785204,0.0153375969387755
1964-10-31,Mom12m,0.0153375969387755,0.014546694651398883,0.01461260317534694,0.029458769727761194,0.0,0.0,0.0153375969387755,0.0382269142519893
1964-11-30,Mom12m,0.0382269142519893,0.011594078592764474,0.013813481564366547,0.028593534594549115,0.0,0.0,0.0382269142519893,0.0336523325483798
1964-12-31,Mom12m,0.0336523325483798,0.008868804749804372,0.010934098733018996,0.023987028699888672,0.0,0.0,0.0336523325483798,-0.0584050467795104
1965-01-31,Mom12m,-0.0584050467795104,0.014728296934750872,0.008633851625229104,0.029126164002319307,0.0,0.0,-0.0584050467795104,0.00108170295260297
1965-02-28,Mom12m,0.00108170295260297,0.00990907578313274,0.009173461380588596,0.028901775243848828,0.0,0.0,0.00108170295260297,-0.0006579239267676811
1965-03-31,Mom12m,-0.0006579239267676811,0.008486341080057908,0.00772431899615578,0.028924300033594436,0.0,0.0,-0.0006579239267676811,0.0181060404040403
1965-04-30,Mom12m,0.0181060404040403,0.00885110007729986,0.009622345104528236,0.028783976999014475,0.0,0.0,0.0181060404040403,0.0296707808029534
1965-05-31,Mom12m,0.0296707808029534,0.005370492417397534,0.007395516449527194,0.025705777260598438,0.0,0.0,0.0296707808029534,-0.00894724571131068
1965-06-30,Mom12m,-0.00894724571131068,0.0062737651040296605,0.005005347536084638,0.025787471165627168,0.0,0.0,-0.00894724571131068,0.046046592039801
1965-07-31,Mom12m,0.046046592039801,0.006200888406711993,0.009521363709469413,0.02793113904359489,0.0,0.0,0.046046592039801,0.027291760646766198
1965-08-31,Mom12m,0.027291760646766198,0.010662063576212001,0.012047871665424856,0.02806385117481785,0.0,0.0,0.027291760646766198,0.0288610767375245
1965-09-30,Mom12m,0.0288610767375245,0.012854864015247247,0.01418871507543702,0.02830397157183944,0.0,0.0,0.0288610767375245,0.02952442
1965-10-31,Mom12m,0.02952442,0.014084271269678972,0.015370950330539063,0.028650487268188477,0.0,0.0,0.02952442,0.0688919459014838
1965-11-30,Mom12m,0.0688919459014838,0.013293135428589037,0.017926369634663604,0.03204130075392564,0.0,0.0,0.0688919459014838,-0.00601777619651453
1965-12-31,Mom12m,-0.00601777619651453,0.016496736642507583,0.014620527239255743,0.03231656987977826,0.0,0.0,-0.00601777619651453,0.0070531641623961
1966-01-31,Mom12m,0.0070531641623961,0.021259215786416295,0.020075378151081288,0.023071890252907536,0.0,0.0,0.0070531641623961,0.0782075865086508
1966-02-28,Mom12m,0.0782075865086508,0.02180207589639749,0.026502535114085273,0.027598298876630064,0.0,0.0,0.0782075865086508,0.0245850570167919
1966-03-31,Mom12m,0.0245850570167919,0.028971667754162808,0.0286061168593819,0.026269949342020937,0.0,0.0,0.0245850570167919,0.092617920113585
1966-04-30,Mom12m,0.092617920113585,0.02956066926441295,0.034815440168510625,0.031788796799494576,0.0,0.0,0.092617920113585,-0.07323736875627959
1966-05-31,Mom12m,-0.07323736875627959,0.03528313647447037,0.026239761038574547,0.04460150664763495,0.0,0.0,-0.07323736875627959,0.029731555920398
1966-06-30,Mom12m,0.029731555920398,0.029438579834018652,0.029462994507883603,0.04320315090270137,0.0,0.0,0.029731555920398,-0.0031823379926227704
1966-07-31,Mom12m,-0.0031823379926227704,0.027955394732254744,0.025360583671848288,0.04381819823076211,0.0,0.0,-0.0031823379926227704,-0.0173122291498175
1966-08-31,Mom12m,-0.0173122291498175,0.025185022128673927,0.021643584522132983,0.04549907688928791,0.0,0.0,-0.0173122291498175,-0.0195032123152709
1966-09-30,Mom12m,-0.0195032123152709,0.02098744886618829,0.0176132271010667,0.04692146949992033,0.0,0.0,-0.0195032123152709,-0.0565344977893836
1966-10-31,Mom12m,-0.0565344977893836,0.016530391382981846,0.010441650618618065,0.0513071834236799,0.0,0.0,-0.0565344977893836,0.0553503151329839
1966-11-30,Mom12m,0.0553503151329839,0.005127987411084809,0.009313181387909738,0.050037956134896665,0.0,0.0,0.0553503151329839,0.0443873738670401
1966-12-31,Mom12m,0.0443873738670401,0.010706904804675576,0.013513610559872625,0.050744641500000964,0.0,0.0,0.0443873738670401,-0.18968463866571
1967-01-31,Mom12m,-0.18968463866571,0.014100923868734122,-0.00288120634246955,0.07766332696977223,0.0,0.0,-0.18968463866571,0.00205308765998549
1967-02-28,Mom12m,0.00205308765998549,-0.010252914783480496,-0.009227414579858326,0.07343096853476765,0.0,0.0,0.00205308765998549,0.0145033806438397
1967-03-31,Mom12m,0.0145033806438397,-0.012301275634099261,-0.010067554277604343,0.07306570886377703,0.0,0.0,0.0145033806438397,0.0353397531707317
1967-04-30,Mom12m,0.0353397531707317,-0.019402597404076107,-0.014840734856175451,0.06739887631526535,0.0,0.0,0.0353397531707317,-0.022520879479378003
1967-05-31,Mom12m,-0.022520879479378003,-0.00953194995616599,-0.010614360749766986,0.06494974611727794,0.0,0.0,-0.022520879479378003,0.0253934280084725
1967-06-30,Mom12m,0.0253934280084725,-0.014282171356145625,-0.010975871409094111,0.06471641937751324,0.0,0.0,0.0253934280084725,-0.016037776699029
1967-07-31,Mom12m,-0.016037776699029,-0.011684374446955147,-0.012047157967961297,0.06468207294906089,0.0,0.0,-0.016037776699029,-0.0280452046695859
1967-08-31,Mom12m,-0.0280452046695859,-0.011568515133247102,-0.012941572594608661,0.06483552124364672,0.0,0.0,-0.0280452046695859,0.0139021769891386
1967-09-30,Mom12m,0.0139021769891386,-0.012345059892730282,-0.010157790152574538,0.06524403936826527,0.0,0.0,0.0139021769891386,0.052826647058823506
1967-10-31,Mom12m,0.052826647058823506,-0.005941725821955537,-0.001044361415223945,0.0658125552565511,0.0,0.0,0.052826647058823506,0.007966674876847279
1967-11-30,Mom12m,0.007966674876847279,-0.006171150192333754,-0.004992998103235329,0.06350229428576551,0.0,0.0,0.007966674876847279,0.0927899945129981
1967-12-31,Mom12m,0.0927899945129981,-0.009482122827805828,-0.0009594463827388294,0.06828137854122868,0.0,0.0,0.0927899945129981,0.0161218557213931
1968-01-31,Mom12m,0.0161218557213931,0.016197389279349453,0.01619109481618643,0.03361640985743283,0.0,0.0,0.0161218557213931,-0.0610119253731344
1968-02-29,Mom12m,-0.0610119253731344,0.017476368194022873,0.010935677063426437,0.04029401401478837,0.0,0.0,-0.0610119253731344,0.021669263883627502
1968-03-31,Mom12m,0.021669263883627502,0.010611340374297956,0.011532834000075423,0.040404641317516546,0.0,0.0,0.021669263883627502,0.0839133952238807
1968-04-30,Mom12m,0.0839133952238807,0.009368568620924845,0.015580637504504502,0.04515976198113261,0.0,0.0,0.0839133952238807,0.07448416268844231
1968-05-31,Mom12m,0.07448416268844231,0.019044411775766545,0.023664391018489533,0.046384930895752796,0.0,0.0,0.07448416268844231,-0.00290793540048729
1968-06-30,Mom12m,-0.00290793540048729,0.023507205837581983,0.021305944067742878,0.047004382440181694,0.0,0.0,-0.00290793540048729,0.0282115689447236
1968-07-31,Mom12m,0.0282115689447236,0.02470082777381305,0.024993389538055594,0.045520723332134486,0.0,0.0,0.0282115689447236,0.0581957402525253
1968-08-31,Mom12m,0.0581957402525253,0.029815079920568456,0.03218013494823153,0.04313089030323187,0.0,0.0,0.0581957402525253,0.0409759895454546
1968-09-30,Mom12m,0.0409759895454546,0.03384176748996725,0.0344362859945912,0.04279465916364381,0.0,0.0,0.0409759895454546,-0.021322544117646797
1968-10-31,Mom12m,-0.021322544117646797,0.032764434988751895,0.028257186729885336,0.04518434757643846,0.0,0.0,-0.021322544117646797,0.0230369515829145
1968-11-30,Mom12m,0.0230369515829145,0.03010177871652516,0.029513043122057606,0.04477671656055864,0.0,0.0,0.0230369515829145,0.018580155778894502
1968-12-31,Mom12m,0.018580155778894502,0.023760592995608464,0.023328889894215638,0.04012608337814963,0.0,0.0,0.018580155778894502,0.000258515820301508
1969-01-31,Mom12m,0.000258515820301508,0.023984074819017685,0.022006944902458008,0.0406430790212236,0.0,0.0,0.000258515820301508,-8.480014284444e-06
1969-02-28,Mom12m,-8.480014284444e-06,0.029554114927511855,0.027090565349028834,0.03226718900041178,0.0,0.0,-8.480014284444e-06,0.072099556122449
1969-03-31,Mom12m,0.072099556122449,0.027583410936792587,0.03129308970226396,0.034690017630777115,0.0,0.0,0.072099556122449,0.01923093
1969-04-30,Mom12m,0.01923093,0.026509425563935166,0.02590288426694057,0.03054849784037097,0.0,0.0,0.01923093,0.043868997786069695
1969-05-31,Mom12m,0.043868997786069695,0.02148640441044041,0.02335162052507619,0.0272193968022852,0.0,0.0,0.043868997786069695,-0.0291761650000001
1969-06-30,Mom12m,-0.0291761650000001,0.025738852881945593,0.021162601391783456,0.03039430793399608,0.0,0.0,-0.0291761650000001,0.0285705495049505
1969-07-31,Mom12m,0.0285705495049505,0.02052178615969798,0.02119251643846903,0.030402052136802006,0.0,0.0,0.0285705495049505,0.0287547709718733
1969-08-31,Mom12m,0.0287547709718733,0.017828587000827543,0.01873910233174803,0.028256697914047765,0.0,0.0,0.0287547709718733,-0.0003816453627861
1969-09-30,Mom12m,-0.0003816453627861,0.016717567130501973,0.015292632756061304,0.02781666726667269,0.0,0.0,-0.0003816453627861,-0.10848701928098499
1969-10-31,Mom12m,-0.10848701928098499,0.018621285199125672,0.008028926492449788,0.04457784885382951,0.0,0.0,-0.10848701928098499,0.0650355423065778
1969-11-30,Mom12m,0.0650355423065778,0.006664560575134809,0.011528809052755063,0.0474212782955423,0.0,0.0,0.0650355423065778,0.08141832155399459
1969-12-31,Mom12m,0.08141832155399459,0.010887777532196927,0.016765322867346735,0.05155960675043961,0.0,0.0,0.08141832155399459,-0.055213776699029105
1970-01-31,Mom12m,-0.055213776699029105,0.018265941689805387,0.012142631824069184,0.05550954738239215,0.0,0.0,-0.055213776699029105,0.012265794721338501
1970-02-28,Mom12m,0.012265794721338501,0.0132472783548286,0.013165488052037764,0.055378219535721626,0.0,0.0,0.012265794721338501,-0.000655488039960623
1970-03-31,Mom12m,-0.000655488039960623,0.0078078455001821916,0.007102567705170294,0.05223278851069298,0.0,0.0,-0.000655488039960623,0.039477370517750104
1970-04-30,Mom12m,0.039477370517750104,0.005999989314731224,0.008789771081649468,0.05298179530746742,0.0,0.0,0.039477370517750104,-0.0276115754716982
1970-05-31,Mom12m,-0.0276115754716982,0.005600750472156717,0.0028330566435021457,0.052696811613030387,0.0,0.0,-0.0276115754716982,0.059555095306675805
1970-06-30,Mom12m,0.059555095306675805,0.005742985883820525,0.010227328335725138,0.05400605172280918,0.0,0.0,0.059555095306675805,0.019422696149532702
1970-07-31,Mom12m,0.019422696149532702,0.008559762774886464,0.009465007222773655,0.05378771173805003,0.0,0.0,0.019422696149532702,-0.0745777064085448
1970-08-31,Mom12m,-0.0745777064085448,0.007711392336491863,0.0008539674410721459,0.05848510294373058,0.0,0.0,-0.0745777064085448,-0.164940870030855
1970-09-30,Mom12m,-0.164940870030855,0.0009662958777865274,-0.01285930128126693,0.07559180839125064,0.0,0.0,-0.164940870030855,0.142587912442396
1970-10-31,Mom12m,0.142587912442396,-0.004165872372201656,0.008063609695681486,0.08125229720617129,0.0,0.0,0.142587912442396,0.107388328186561
1970-11-30,Mom12m,0.107388328186561,0.0028843430946909067,0.011593008519013417,0.08479462490431712,0.0,0.0,0.107388328186561,-0.0041616311006323
1970-12-31,Mom12m,-0.0041616311006323,0.00524525278856058,0.00446134579779451,0.08193884610454275,0.0,0.0,-0.0041616311006323,-0.148121238169365
1971-01-31,Mom12m,-0.148121238169365,0.009886356933869382,-0.003280942658066816,0.09187675926778839,0.0,0.0,-0.148121238169365,-0.04612612477529279
1971-02-28,Mom12m,-0.04612612477529279,-0.004694282419830938,-0.008146935949452755,0.0925225288181871,0.0,0.0,-0.04612612477529279,-0.012265829557091601
1971-03-31,Mom12m,-0.012265829557091601,-0.0088279766684975,-0.00911446440921367,0.09249776994115731,0.0,0.0,-0.012265829557091601,0.0143832228557515
1971-04-30,Mom12m,0.0143832228557515,-0.013531903948028563,-0.011205643381046888,0.09157843653308442,0.0,0.0,0.0143832228557515,0.0488895192307692
1971-05-31,Mom12m,0.0488895192307692,-0.009714195009169499,-0.004830552155841271,0.09298449671380078,0.0,0.0,0.0488895192307692,0.0557855806376933
1971-06-30,Mom12m,0.0557855806376933,-0.010683792834251917,-0.005144678378256481,0.09275329093528395,0.0,0.0,0.0557855806376933,-0.008106835034508389
1971-07-31,Mom12m,-0.008106835034508389,-0.007378076062600956,-0.007438805976926571,0.09243030051989516,0.0,0.0,-0.008106835034508389,0.0751324278875288
1971-08-31,Mom12m,0.0751324278875288,-0.0013352695740521904,0.00503703854774623,0.09264771073444414,0.0,0.0,0.0751324278875288,0.050217478507655594
1971-09-30,Mom12m,0.050217478507655594,0.020489575691255427,0.022966900925955446,0.07610435689299684,0.0,0.0,0.050217478507655594,0.0247898992723698
1971-10-31,Mom12m,0.0247898992723698,0.012092263515369938,0.013150399828453264,0.06622851426569187,0.0,0.0,0.0247898992723698,0.0519498577187807
1971-11-30,Mom12m,0.0519498577187807,0.004583315432261648,0.008530527289471573,0.0607654725857678,0.0,0.0,0.0519498577187807,-0.0188513066666667
1971-12-31,Mom12m,-0.0188513066666667,0.009684359870390102,0.007306387658968706,0.06119087942768707,0.0,0.0,-0.0188513066666667,-0.07601373029214
1972-01-31,Mom12m,-0.07601373029214,0.02143617182518086,0.013315346648737458,0.04625892061738086,0.0,0.0,-0.07601373029214,0.0233923377192983
1972-02-29,Mom12m,0.0233923377192983,0.01871911677819475,0.01910855185662005,0.04232373888853232,0.0,0.0,0.0233923377192983,0.035078798019570395
1972-03-31,Mom12m,0.035078798019570395,0.02196076834877565,0.023053937488008547,0.04132816753366672,0.0,0.0,0.035078798019570395,0.051698590290381104
1972-04-30,Mom12m,0.051698590290381104,0.023842184272759182,0.026163551440894352,0.042014597250459716,0.0,0.0,0.051698590290381104,0.0563337092205433
1972-05-31,Mom12m,0.0563337092205433,0.02409755436908754,0.02678390060670886,0.04243352128459706,0.0,0.0,0.0563337092205433,0.010668426048136599
1972-06-30,Mom12m,0.010668426048136599,0.024147384240255722,0.0230241377242458,0.04162126017832942,0.0,0.0,0.010668426048136599,0.025206746318632497
1972-07-31,Mom12m,0.025206746318632497,0.025854226156859814,0.02580026950367421,0.04045060479449322,0.0,0.0,0.025206746318632497,-0.0167130062597222
1972-08-31,Mom12m,-0.0167130062597222,0.021315527832414694,0.01814648332473662,0.03892827572658253,0.0,0.0,-0.0167130062597222,0.0225306627207601
1972-09-30,Mom12m,0.0225306627207601,0.01523093830810762,0.015839248675828668,0.03765430010183001,0.0,0.0,0.0225306627207601,0.0250173666565946
1972-10-31,Mom12m,0.0250173666565946,0.015025553167052196,0.015858204291180733,0.03765927251449222,0.0,0.0,0.0250173666565946,-0.00526164593131763
1972-11-30,Mom12m,-0.00526164593131763,0.012577144888671638,0.011090578987005871,0.03627058222371423,0.0,0.0,-0.00526164593131763,0.0786127048081629
1972-12-31,Mom12m,0.0786127048081629,0.013812568591885193,0.01921257994324167,0.03970599296171432,0.0,0.0,0.0786127048081629,0.0171139376095833
1973-01-31,Mom12m,0.0171139376095833,0.02786951723736727,0.026973218935051946,0.026208687969134087,0.0,0.0,0.0171139376095833,0.00484911864406786
1973-02-28,Mom12m,0.00484911864406786,0.027298753591029547,0.025427950678782743,0.026974478563156285,0.0,0.0,0.00484911864406786,0.060237958901618496
1973-03-31,Mom12m,0.060237958901618496,0.02455060092052931,0.02752454741895342,0.028714419302509973,0.0,0.0,0.060237958901618496,0.07171949380854
1973-04-30,Mom12m,0.07171949380854,0.025326907157914528,0.02919295604546666,0.030755786630948082,0.0,0.0,0.07171949380854,0.09265206558123239
1973-05-31,Mom12m,0.09265206558123239,0.026725614847732414,0.03221948574219075,0.03514337133963789,0.0,0.0,0.09265206558123239,0.05569046654062151
1973-06-30,Mom12m,0.05569046654062151,0.03417867298710475,0.03597132244989782,0.03503653348071843,0.0,0.0,0.05569046654062151,-0.140027322530864
1973-07-31,Mom12m,-0.140027322530864,0.03694992028001285,0.022201816712439787,0.06185584483188773,0.0,0.0,-0.140027322530864,0.09296911143193061
1973-08-31,Mom12m,0.09296911143193061,0.02573952789172723,0.03134199318674418,0.06366012993854427,0.0,0.0,0.09296911143193061,-0.011792483350622501
1973-09-30,Mom12m,-0.011792483350622501,0.032143023229106366,0.02848173101412897,0.0648519319870163,0.0,0.0,-0.011792483350622501,0.0939686703318673
1973-10-31,Mom12m,0.0939686703318673,0.028796673228450264,0.03422767298706836,0.0675169009937924,0.0,0.0,0.0939686703318673,0.127885537951624
1973-11-30,Mom12m,0.127885537951624,0.037817611070557984,0.045323271643980166,0.07127341258987943,0.0,0.0,0.127885537951624,0.162172163595719
1973-12-31,Mom12m,0.162172163595719,0.042296959538145364,0.052286559876276506,0.07853344473312751,0.0,0.0,0.162172163595719,-0.21225132534501
1974-01-31,Mom12m,-0.21225132534501,0.05548407099143042,0.03317278796339373,0.10962815887334196,0.0,0.0,-0.21225132534501,0.0333969395309168
1974-02-28,Mom12m,0.0333969395309168,0.03574766699242335,0.035551773037297806,0.10926680047978399,0.0,0.0,0.0333969395309168,-0.0394912061715652
1974-03-31,Mom12m,-0.0394912061715652,0.033307574322359555,0.027241009281199168,0.11099745532852053,0.0,0.0,-0.0394912061715652,0.023243142404500497
1974-04-30,Mom12m,0.023243142404500497,0.023197510687804533,0.023201313330862536,0.11011011167204686,0.0,0.0,0.023243142404500497,-0.0007812889735544811
1974-05-31,Mom12m,-0.0007812889735544811,0.01688760858082891,0.015415200451296969,0.10803655913061284,0.0,0.0,-0.0007812889735544811,0.0255896042888162
1974-06-30,Mom12m,0.0255896042888162,0.01175381262499473,0.012906795263646525,0.10736378070181612,0.0,0.0,0.0255896042888162,0.0350064885228524
1974-07-31,Mom12m,0.0350064885228524,0.02680989688132929,0.02749294618478956,0.09598450535216502,0.0,0.0,0.0350064885228524,0.050383445826117104
1974-08-31,Mom12m,0.050383445826117104,0.021540567525958548,0.023944140717638434,0.0941126000935882,0.0,0.0,0.050383445826117104,0.00693841631289974
1974-09-30,Mom12m,0.00693841631289974,0.027192924723843968,0.02550504902293195,0.09362004816666505,0.0,0.0,0.00693841631289974,0.04381646764609019
1974-10-31,Mom12m,0.04381646764609019,0.019281083449392368,0.021325698799117193,0.09137847597952913,0.0,0.0,0.04381646764609019,0.04537859627487759
1974-11-30,Mom12m,0.04537859627487759,0.011638440694343843,0.014450120326054994,0.08554984947675813,0.0,0.0,0.04537859627487759,0.058777387602774706
1974-12-31,Mom12m,0.058777387602774706,0.0010208436651764395,0.005833888993309636,0.07370628161731496,0.0,0.0,0.058777387602774706,-0.304046693813773
1975-01-31,Mom12m,-0.304046693813773,0.025659817569520505,-0.0018157250457539419,0.0988669405159678,0.0,0.0,-0.304046693813773,0.0152398040072022
1975-02-28,Mom12m,0.0152398040072022,-0.005016876370905837,-0.0033288196727301604,0.09841695948516559,0.0,0.0,0.0152398040072022,-0.0874359223067272
1975-03-31,Mom12m,-0.0874359223067272,-4.132999101789179e-05,-0.00732421268399366,0.10095886002353681,0.0,0.0,-0.0874359223067272,0.0367294527420801
1975-04-30,Mom12m,0.0367294527420801,-0.010103063146584046,-0.00620035348919536,0.10140414691012066,0.0,0.0,0.0367294527420801,-0.0253797564878312
1975-05-31,Mom12m,-0.0253797564878312,-0.006692995717889993,-0.008250225782051753,0.10153318787399598,0.0,0.0,-0.0253797564878312,-0.0321372532860794
1975-06-30,Mom12m,-0.0321372532860794,-0.011326573970312483,-0.013060797246626385,0.10115093467791829,0.0,0.0,-0.0321372532860794,-0.0383850061209007
1975-07-31,Mom12m,-0.0383850061209007,-0.01743055049839719,-0.01917675513360581,0.10019463774063184,0.0,0.0,-0.0383850061209007,-0.0097932896683918
1975-08-31,Mom12m,-0.0097932896683918,-0.025500409766307904,-0.024191483091481555,0.09787574574680376,0.0,0.0,-0.0097932896683918,0.017805735641415
1975-09-30,Mom12m,0.017805735641415,-0.027021473946425314,-0.023285873147438615,0.09823956426296317,0.0,0.0,0.017805735641415,0.0425733947139849
1975-10-31,Mom12m,0.0425733947139849,-0.029386085946850337,-0.02338946255844739,0.09816300085545311,0.0,0.0,0.0425733947139849,0.016466306345095202
1975-11-30,Mom12m,0.016466306345095202,-0.02964110427056785,-0.025798820052595917,0.09666507240946498,0.0,0.0,0.016466306345095202,-0.0219949701357202
1975-12-31,Mom12m,-0.0219949701357202,-0.03348756620308417,-0.032529849864137164,0.09298247718015458,0.0,0.0,-0.0219949701357202,0.0603582920411218
1976-01-31,Mom12m,0.0603582920411218,-0.00784650041417028,-0.002162767709562601,0.0414992288026768,0.0,0.0,0.0603582920411218,-0.0198196719870329
1976-02-29,Mom12m,-0.0198196719870329,-0.0037448196838139533,-0.0050843907090821925,0.04139667542456746,0.0,0.0,-0.0198196719870329,0.00613940184888545
1976-03-31,Mom12m,0.00613940184888545,0.002402112163430983,0.0027135529705521948,0.03228429924284083,0.0,0.0,0.00613940184888545,-0.025669204143023802
1976-04-30,Mom12m,-0.025669204143023802,-0.00037880155413216724,-0.002486335103206464,0.03131811730374207,0.0,0.0,-0.025669204143023802,-0.0291676632329485
1976-05-31,Mom12m,-0.0291676632329485,-0.00040511497733149474,-0.002801993998632906,0.03158776809804456,0.0,0.0,-0.0291676632329485,0.020068536233090503
1976-06-30,Mom12m,0.020068536233090503,-0.00013515224522868565,0.0015484884612979198,0.03076456251123232,0.0,0.0,0.020068536233090503,-0.0108512399554286
1976-07-31,Mom12m,-0.0108512399554286,0.005178806150588696,0.003842968975087262,0.028455603309696494,0.0,0.0,-0.0108512399554286,0.0186774292029888
1976-08-31,Mom12m,0.0186774292029888,0.00508262885176717,0.006215528881035645,0.0284021448154256,0.0,0.0,0.0186774292029888,0.010255567513886501
1976-09-30,Mom12m,0.010255567513886501,0.005161873721001151,0.005586348203741602,0.028204994288231526,0.0,0.0,0.010255567513886501,0.0038164400370942603
1976-10-31,Mom12m,0.0038164400370942603,0.0022238894300831147,0.0023566019806673826,0.025691623269025434,0.0,0.0,0.0038164400370942603,0.0191281164394718
1976-11-30,Mom12m,0.0191281164394718,0.001073901583901211,0.002578419488532099,0.025835606282946393,0.0,0.0,0.0191281164394718,-0.0177711480554237
1976-12-31,Mom12m,-0.0177711480554237,0.004812363999827756,0.002930404661890141,0.02549693523638969,0.0,0.0,-0.0177711480554237,0.0114366364017584
1977-01-31,Mom12m,0.0114366364017584,-0.002290312372585471,-0.001146399974723476,0.018404496654015653,0.0,0.0,0.0114366364017584,0.0030761535923245296
1977-02-28,Mom12m,0.0030761535923245296,0.0005511702082137382,0.0007615854902229766,0.01745496656732804,0.0,0.0,0.0030761535923245296,-0.0155186971272798
1977-03-31,Mom12m,-0.0155186971272798,0.0002726930939809273,-0.0010432560911241276,0.017960744295786972,0.0,0.0,-0.0155186971272798,0.017201425177645
1977-04-30,Mom12m,0.017201425177645,0.0011954664590485638,0.0025292963522649393,0.016846216726234837,0.0,0.0,0.017201425177645,0.0166543607866528
1977-05-31,Mom12m,0.0166543607866528,0.005410838132738882,0.00634779835389838,0.013953148571856236,0.0,0.0,0.0166543607866528,0.0277524120999842
1977-06-30,Mom12m,0.0277524120999842,0.005100458546699091,0.006988121342806189,0.014791190821380423,0.0,0.0,0.0277524120999842,-0.019284451118124598
1977-07-31,Mom12m,-0.019284451118124598,0.008609881460827527,0.0062853537459148555,0.01587637252392369,0.0,0.0,-0.019284451118124598,0.0173680885647743
1977-08-31,Mom12m,0.0173680885647743,0.0051588014316353995,0.006176242026063647,0.015787716347685766,0.0,0.0,0.0173680885647743,0.00287554942195596
1977-09-30,Mom12m,0.00287554942195596,0.005805394254443382,0.00556124051840277,0.01575807676083179,0.0,0.0,0.00287554942195596,-0.00989919631236443
1977-10-31,Mom12m,-0.00989919631236443,0.005719858743976263,0.004418270822614544,0.016381228272228997,0.0,0.0,-0.00989919631236443,0.0345719903278468
1977-11-30,Mom12m,0.0345719903278468,0.0030810121301729694,0.00570526031331246,0.01815284143877423,0.0,0.0,0.0345719903278468,0.018735978983653402
1977-12-31,Mom12m,0.018735978983653402,0.007839479255924833,0.008747520899902219,0.01687487605547308,0.0,0.0,0.018735978983653402,-0.0265720176748684
1978-01-31,Mom12m,-0.0265720176748684,0.008503055854278924,0.00558013306018332,0.019661282153209742,0.0,0.0,-0.0265720176748684,0.0252525810197647
1978-02-28,Mom12m,0.0252525810197647,0.005807767557261385,0.007428168679136667,0.020431656905065234,0.0,0.0,0.0252525810197647,0.0036067271786238498
1978-03-31,Mom12m,0.0036067271786238498,0.009514247388810886,0.00902195403796197,0.019186978506536865,0.0,0.0,0.0036067271786238498,-0.00718159267890591
1978-04-30,Mom12m,-0.00718159267890591,0.008278365752536236,0.006990035883249396,0.019530043214924,0.0,0.0,-0.00718159267890591,0.0194179898814315
1978-05-31,Mom12m,0.0194179898814315,0.006111460892030899,0.007220338307814287,0.019670159360647727,0.0,0.0,0.0194179898814315,0.0193002275796658
1978-06-30,Mom12m,0.0193002275796658,0.005353786144889744,0.006515989597787754,0.019008302605477288,0.0,0.0,0.0193002275796658,0.037388314524789704
1978-07-31,Mom12m,0.037388314524789704,0.008861484208325235,0.011238720068030611,0.01905556171611584,0.0,0.0,0.037388314524789704,0.0437678516955157
1978-08-31,Mom12m,0.0437678516955157,0.010681504750144817,0.01343870032892573,0.021227672856595672,0.0,0.0,0.0437678516955157,-0.0152933046124394
1978-09-30,Mom12m,-0.0152933046124394,0.014398986775013884,0.011924629159392781,0.022649892748619078,0.0,0.0,-0.0152933046124394,-0.12349910362357899
1978-10-31,Mom12m,-0.12349910362357899,0.013908613293188887,0.002457970216791569,0.04515739194597759,0.0,0.0,-0.12349910362357899,0.0910568716059197
1978-11-30,Mom12m,0.0910568716059197,-0.0004614861569407302,0.007165043656630977,0.05133107075751201,0.0,0.0,0.0910568716059197,0.022494827212820197
1978-12-31,Mom12m,0.022494827212820197,0.006113140445083478,0.007478281009061544,0.05141949169165481,0.0,0.0,0.022494827212820197,-0.013335017560889199
1979-01-31,Mom12m,-0.013335017560889199,0.010573762707600624,0.008581364351893142,0.05076037684030905,0.0,0.0,-0.013335017560889199,-0.00629208719724251
1979-02-28,Mom12m,-0.00629208719724251,0.007065799200268451,0.0059526420004758765,0.05063518570758632,0.0,0.0,-0.00629208719724251,0.00676447417825766
1979-03-31,Mom12m,0.00676447417825766,0.006165906984280599,0.006215787583778693,0.05063009090543313,0.0,0.0,0.00676447417825766,-0.00353877737183957
1979-04-30,Mom12m,-0.00353877737183957,0.007433731244022743,0.0065193555260342215,0.05055332293155261,0.0,0.0,-0.00353877737183957,0.010999648040669201
1979-05-31,Mom12m,0.010999648040669201,0.005346752402816282,0.00581782703930403,0.050416281280600043,0.0,0.0,0.010999648040669201,-0.0132288816914489
1979-06-30,Mom12m,-0.0132288816914489,0.0045921542629075,0.003107067933377805,0.05049990009872157,0.0,0.0,-0.0132288816914489,-0.0054134599413289694
1979-07-31,Mom12m,-0.0054134599413289694,-9.409029477827845e-06,-0.0004597466054654178,0.04935711107073527,0.0,0.0,-0.0054134599413289694,0.00421672473648275
1979-08-31,Mom12m,0.00421672473648275,-0.004480437360100071,-0.003755673852051497,0.04741767971155094,0.0,0.0,0.00421672473648275,0.0395762053107026
1979-09-30,Mom12m,0.0395762053107026,-0.0027067983283798752,0.0008167853082103362,0.04882849957336284,0.0,0.0,0.0395762053107026,0.0239306028903624
1979-10-31,Mom12m,0.0239306028903624,0.012118229756554815,0.013102594184372117,0.029379896035873303,0.0,0.0,0.0239306028903624,0.10523830574682799
1979-11-30,Mom12m,0.10523830574682799,0.006015841691504151,0.014284380362781143,0.03287762676102879,0.0,0.0,0.10523830574682799,0.038525493190767396
1979-12-31,Mom12m,0.038525493190767396,0.013537976103686677,0.015620269194276745,0.03356015857833532,0.0,0.0,0.038525493190767396,0.014202024294313
1980-01-31,Mom12m,0.014202024294313,0.018252567990200915,0.01791502268221026,0.03231877971721836,0.0,0.0,0.014202024294313,0.031477397334509695
1980-02-29,Mom12m,0.031477397334509695,0.020115669034887776,0.021062479726522945,0.03157763125703045,0.0,0.0,0.031477397334509695,-0.0356808556203577
1980-03-31,Mom12m,-0.0356808556203577,0.02236229841272887,0.017525368909971663,0.035462982059840685,0.0,0.0,-0.0356808556203577,0.0388276053149472
1980-04-30,Mom12m,0.0388276053149472,0.019440291299227225,0.021055900800537226,0.035283739770931216,0.0,0.0,0.0388276053149472,-0.0009316966320284339
1980-05-31,Mom12m,-0.0009316966320284339,0.021970105596888858,0.020061622077812424,0.035757806971593795,0.0,0.0,-0.0009316966320284339,0.0123657415579778
1980-06-30,Mom12m,0.0123657415579778,0.023088031511381633,0.022194507348597986,0.03432625140990988,0.0,0.0,0.0123657415579778,0.0216187876272039
1980-07-31,Mom12m,0.0216187876272039,0.024704322556773153,0.024447194645975723,0.03321889288426428,0.0,0.0,0.0216187876272039,0.0330391891509435
1980-08-31,Mom12m,0.0330391891509435,0.02628632827411144,0.02684906668051412,0.03266046522324866,0.0,0.0,0.0330391891509435,0.0317528769681762
1980-09-30,Mom12m,0.0317528769681762,0.025692054077769703,0.02619712265197025,0.032460791453996655,0.0,0.0,0.0317528769681762,0.0742428326693656
1980-10-31,Mom12m,0.0742428326693656,0.026403169903025506,0.030389808466887186,0.0352691502683334,0.0,0.0,0.0742428326693656,0.144611277851768
1980-11-30,Mom12m,0.144611277851768,0.023585399623256197,0.03367088947563218,0.043691171543727536,0.0,0.0,0.144611277851768,-0.00106802886856828
1980-12-31,Mom12m,-0.00106802886856828,0.03322956186516534,0.03037142930402088,0.04477285216502511,0.0,0.0,-0.00106802886856828,-0.0927155311643113
1981-01-31,Mom12m,-0.0927155311643113,0.03184137521399432,0.021461633015802183,0.05719744728974701,0.0,0.0,-0.0927155311643113,-0.0331108793792503
1981-02-28,Mom12m,-0.0331108793792503,0.02055110898682877,0.016079276622988855,0.05917403775862152,0.0,0.0,-0.0331108793792503,0.0036783852546784903
1981-03-31,Mom12m,0.0036783852546784903,0.020784743190565808,0.019359213362575203,0.057098646049811394,0.0,0.0,0.0036783852546784903,-0.00231224331503737
1981-04-30,Mom12m,-0.00231224331503737,0.017589359548723198,0.01593089264340982,0.057058504538455984,0.0,0.0,-0.00231224331503737,0.0413713436033463
1981-05-31,Mom12m,0.0413713436033463,0.017463855304813293,0.019456145996357716,0.05722852359012322,0.0,0.0,0.0413713436033463,-0.033060613940938996
1981-06-30,Mom12m,-0.033060613940938996,0.02010072821802861,0.015670616371447982,0.059208350501410933,0.0,0.0,-0.033060613940938996,-0.0055920287433155105
1981-07-31,Mom12m,-0.0055920287433155105,0.01512987353001562,0.013403048340571365,0.05948027436108541,0.0,0.0,-0.0055920287433155105,-0.0310549300009859
1981-08-31,Mom12m,-0.0310549300009859,0.011617944630537532,0.00806187174457725,0.060426912443432186,0.0,0.0,-0.0310549300009859,0.010209903443683398
1981-09-30,Mom12m,0.010209903443683398,0.005908143996977339,0.006266623950869515,0.05997742344786869,0.0,0.0,0.010209903443683398,0.0307490856535121
1981-10-31,Mom12m,0.0307490856535121,8.696861282441125e-05,0.0026421450328817236,0.056721960127731834,0.0,0.0,0.0307490856535121,0.0689709181322444
1981-11-30,Mom12m,0.0689709181322444,-0.010264139768835216,-0.003661218277078576,0.04173364804149363,0.0,0.0,0.0689709181322444,0.0329095353844824
1981-12-31,Mom12m,0.0329095353844824,-0.003896962768761336,-0.0008297545893243529,0.04305721386085056,0.0,0.0,0.0329095353844824,-0.0119251648837888
1982-01-31,Mom12m,-0.0119251648837888,0.007523497826583547,0.005902775934052523,0.032374722049891315,0.0,0.0,-0.0119251648837888,0.0680004216980019
1982-02-28,Mom12m,0.0680004216980019,0.009449471871625502,0.014328717690490206,0.03439270969341413,0.0,0.0,0.0680004216980019,0.0338684995435915
1982-03-31,Mom12m,0.0338684995435915,0.015296929730109448,0.016844560547899623,0.03464608490420793,0.0,0.0,0.0338684995435915,0.00763246558144732
1982-04-30,Mom12m,0.00763246558144732,0.018586088171802982,0.017673286289273348,0.034263021830141585,0.0,0.0,0.00763246558144732,0.0269890742620549
1982-05-31,Mom12m,0.0269890742620549,0.015518917442539436,0.01647476384416573,0.033603909170235695,0.0,0.0,0.0269890742620549,0.067847236389917
1982-06-30,Mom12m,0.067847236389917,0.020977980006447974,0.024883751371737067,0.03269458428188859,0.0,0.0,0.067847236389917,0.0263075842171701
1982-07-31,Mom12m,0.0263075842171701,0.027654276836741834,0.02754205245177753,0.03125663508584384,0.0,0.0,0.0263075842171701,0.00969715047081491
1982-08-31,Mom12m,0.00969715047081491,0.032869050856574204,0.030938059157760933,0.026099790039840504,0.0,0.0,0.00969715047081491,0.0626484285823528
1982-09-30,Mom12m,0.0626484285823528,0.032822436949949796,0.03530793625265005,0.026696834373462777,0.0,0.0,0.0626484285823528,0.049715451152186396
1982-10-31,Mom12m,0.049715451152186396,0.03572237721620804,0.03688846671087291,0.02696251112807593,0.0,0.0,0.049715451152186396,0.120302710144849
1982-11-30,Mom12m,0.120302710144849,0.03397188021802095,0.04116611604525663,0.03529849337780235,0.0,0.0,0.120302710144849,0.012660933108836502
1982-12-31,Mom12m,0.012660933108836502,0.04191671428714518,0.039478732522286133,0.036201490620186697,0.0,0.0,0.012660933108836502,-0.151348421371475
1983-01-31,Mom12m,-0.151348421371475,0.04415181410465657,0.027860127814978947,0.06506553720175395,0.0,0.0,-0.151348421371475,0.11685308318029101
1983-02-28,Mom12m,0.11685308318029101,0.02421101018924959,0.03193118293850304,0.06920219812502859,0.0,0.0,0.11685308318029101,0.0267313488398416
1983-03-31,Mom12m,0.0267313488398416,0.03175506324713136,0.03133642037985722,0.06921470327749212,0.0,0.0,0.0267313488398416,0.0314938790297508
1983-04-30,Mom12m,0.0314938790297508,0.03349132536153084,0.03332487150054917,0.06881340165029487,0.0,0.0,0.0314938790297508,-0.0765778716728968
1983-05-31,Mom12m,-0.0765778716728968,0.033900853067685005,0.024694292672636533,0.07581841624030897,0.0,0.0,-0.0765778716728968,0.00971109329140462
1983-06-30,Mom12m,0.00971109329140462,0.020771297789247398,0.01984961408109383,0.07465887479209747,0.0,0.0,0.00971109329140462,-0.0516677701005246
1983-07-31,Mom12m,-0.0516677701005246,0.019262525886905076,0.013351667887952607,0.07738908464411749,0.0,0.0,-0.0516677701005246,-0.010674521091756
1983-08-31,Mom12m,-0.010674521091756,0.01368389674405603,0.011654028591071697,0.07769935834048083,0.0,0.0,-0.010674521091756,-0.0557882293576716
1983-09-30,Mom12m,-0.0557882293576716,0.007018174046409776,0.0017843070960696656,0.07815380270503572,0.0,0.0,-0.0557882293576716,-0.0193341981204449
1983-10-31,Mom12m,-0.0193341981204449,-0.002573069636304588,-0.003969830343316276,0.07683480577886191,0.0,0.0,-0.0193341981204449,0.057727431145914505
1983-11-30,Mom12m,0.057727431145914505,-0.01526733402405858,-0.009184436926560818,0.06939743475996618,0.0,0.0,0.057727431145914505,-0.0112082692252534
1983-12-31,Mom12m,-0.0112082692252534,-0.011170379657051489,-0.01117353712106831,0.06905560403438121,0.0,0.0,-0.0112082692252534,-0.0354744374150531
1984-01-31,Mom12m,-0.0354744374150531,0.001569634174423202,-0.0015173717913664851,0.054169832402844224,0.0,0.0,-0.0354744374150531,-0.00514497716836735
1984-02-29,Mom12m,-0.00514497716836735,-0.012278322243335355,-0.01168387682042135,0.03935777523343217,0.0,0.0,-0.00514497716836735,0.0288708645452626
1984-03-31,Mom12m,0.0288708645452626,-0.01517617006226344,-0.011505583844969601,0.03955198559395249,0.0,0.0,0.0288708645452626,0.036942136481701804
1984-04-30,Mom12m,0.036942136481701804,-0.01541462592448964,-0.011051562390640349,0.04011767846567882,0.0,0.0,0.036942136481701804,0.0308578953493684
1984-05-31,Mom12m,0.0308578953493684,-0.005094625183162494,-0.002098581805451582,0.035934972183140554,0.0,0.0,0.0308578953493684,0.033220534098241
1984-06-30,Mom12m,0.033220534098241,-0.003172188632438515,-0.00013946173821521683,0.037253990864805256,0.0,0.0,0.033220534098241,0.061786380467126104
1984-07-31,Mom12m,0.061786380467126104,0.004544929931085631,0.009315050809089008,0.037384303790590705,0.0,0.0,0.061786380467126104,-0.0233871379748511
1984-08-31,Mom12m,-0.0233871379748511,0.011132284618256732,0.008255666068831083,0.03817403982614081,0.0,0.0,-0.0233871379748511,0.0582568665093103
1984-09-30,Mom12m,0.0582568665093103,0.014077838380331324,0.01775942405774624,0.034830071902767344,0.0,0.0,0.0582568665093103,0.07163079870887809
1984-10-31,Mom12m,0.07163079870887809,0.021131571528490888,0.025339840460189823,0.035905315689972406,0.0,0.0,0.07163079870887809,0.0663684764299971
1984-11-30,Mom12m,0.0663684764299971,0.022395514034214848,0.026059927567196706,0.03669193529990822,0.0,0.0,0.0663684764299971,0.0287389505833261
1984-12-31,Mom12m,0.0287389505833261,0.029447945457419435,0.029388862551245,0.0347648676516486,0.0,0.0,0.0287389505833261,-0.117372352920029
1985-01-31,Mom12m,-0.117372352920029,0.03528552618454482,0.022564036259163672,0.0522817749301242,0.0,0.0,-0.117372352920029,-0.0490710165800866
1985-02-28,Mom12m,-0.0490710165800866,0.025083037479848302,0.018903532974853737,0.05581643929142573,0.0,0.0,-0.0490710165800866,0.020978252665688403
1985-03-31,Mom12m,0.020978252665688403,0.017997411922998377,0.018245815318222555,0.05573475290881925,0.0,0.0,0.020978252665688403,0.0359456356424148
1985-04-30,Mom12m,0.0359456356424148,0.01654614975790625,0.018162773581615305,0.055705098479875564,0.0,0.0,0.0359456356424148,0.048242036480436
1985-05-31,Mom12m,0.048242036480436,0.01700867160272865,0.01961145200920427,0.056288259612929895,0.0,0.0,0.048242036480436,0.0617348465894466
1985-06-30,Mom12m,0.0617348465894466,0.018374262728382742,0.021987644716804738,0.057503729228500194,0.0,0.0,0.0617348465894466,0.00989086805824733
1985-07-31,Mom12m,0.00989086805824733,0.01836957783041188,0.017663018682731506,0.056174591135154404,0.0,0.0,0.00989086805824733,0.0076231855653846005
1985-08-31,Mom12m,0.0076231855653846005,0.0213948511061481,0.02024721231108448,0.054811227937452994,0.0,0.0,0.0076231855653846005,0.0263778790912707
1985-09-30,Mom12m,0.0263778790912707,0.016791789202154853,0.017590630026247844,0.05355977111244578,0.0,0.0,0.0263778790912707,0.0993714388310686
1985-10-31,Mom12m,0.0993714388310686,0.012677887418736001,0.01990235003643039,0.056615748019956405,0.0,0.0,0.0993714388310686,0.0488576420230149
1985-11-30,Mom12m,0.0488576420230149,0.01567815672792432,0.01844311383584854,0.05552438264646979,0.0,0.0,0.0488576420230149,0.0547375511275143
1985-12-31,Mom12m,0.0547375511275143,0.01750712867698694,0.020609663881197556,0.0564619601677154,0.0,0.0,0.0547375511275143,0.0035250107726374504
1986-01-31,Mom12m,0.0035250107726374504,0.03315348359039996,0.03068444418891976,0.0370531760853199,0.0,0.0,0.0035250107726374504,0.020973396344861103
1986-02-28,Mom12m,0.020973396344861103,0.03793494062246579,0.03652147859933207,0.027678077503783625,0.0,0.0,0.020973396344861103,0.0247587015465343
1986-03-31,Mom12m,0.0247587015465343,0.03793449913875421,0.03683651600606923,0.027506058483240302,0.0,0.0,0.0247587015465343,0.024294522053407798
1986-04-30,Mom12m,0.024294522053407798,0.0369175051300378,0.03586558987365198,0.027744960820019707,0.0,0.0,0.024294522053407798,0.038366069237006
1986-05-31,Mom12m,0.038366069237006,0.03474045836394433,0.035042592603366146,0.02748976575233694,0.0,0.0,0.038366069237006,0.054950927940099197
1986-06-30,Mom12m,0.054950927940099197,0.03261602405917701,0.034477266049253864,0.026955501539946938,0.0,0.0,0.054950927940099197,0.00780601585691857
1986-07-31,Mom12m,0.00780601585691857,0.03671239313934536,0.03430352836580979,0.02713450017836919,0.0,0.0,0.00780601585691857,0.00645073137583267
1986-08-31,Mom12m,0.00645073137583267,0.03672901407493936,0.0342058238500138,0.0272412040071935,0.0,0.0,0.00645073137583267,-0.0385314570460878
1986-09-30,Mom12m,-0.0385314570460878,0.03491745519171771,0.02879671250523393,0.03443207891158083,0.0,0.0,-0.0385314570460878,0.0546632133115619
1986-10-31,Mom12m,0.0546632133115619,0.022380828293794407,0.025071027045275033,0.02790073919213894,0.0,0.0,0.0546632133115619,0.020924047410583603
1986-11-30,Mom12m,0.020924047410583603,0.022908607501844137,0.022743227494239095,0.026882461841300935,0.0,0.0,0.020924047410583603,0.027945190414305602
1986-12-31,Mom12m,0.027945190414305602,0.0198346526184868,0.02051053076813837,0.025032594676397974,0.0,0.0,0.027945190414305602,-0.0405958168853932
1987-01-31,Mom12m,-0.0405958168853932,0.02205466894954754,0.01683379512996915,0.030415600024213067,0.0,0.0,-0.0405958168853932,-0.0211001107991288
1987-02-28,Mom12m,-0.0211001107991288,0.01645746774679715,0.013327669534636656,0.03226386367791566,0.0,0.0,-0.0211001107991288,-0.000922819658944674
1987-03-31,Mom12m,-0.000922819658944674,0.012288484806282323,0.011187542767513409,0.03228843324015786,0.0,0.0,-0.000922819658944674,0.029959170593900502
1987-04-30,Mom12m,0.029959170593900502,0.00999599919606846,0.011659596812554468,0.03253792083811202,0.0,0.0,0.029959170593900502,-0.0167081456129734
1987-05-31,Mom12m,-0.0167081456129734,0.00923173568305887,0.007070078908389518,0.03231184452542974,0.0,0.0,-0.0167081456129734,0.0154095314514088
1987-06-30,Mom12m,0.0154095314514088,0.0027172744509613607,0.003774962534331985,0.02881174874735509,0.0,0.0,0.0154095314514088,0.035974641877470404
1987-07-31,Mom12m,0.035974641877470404,0.0034085031413695634,0.006122348036044638,0.030280105769113167,0.0,0.0,0.035974641877470404,0.0135552872693789
1987-08-31,Mom12m,0.0135552872693789,0.006092495005154811,0.006714394360506824,0.03035646910702046,0.0,0.0,0.0135552872693789,0.0215959936692587
1987-09-30,Mom12m,0.0215959936692587,0.010827653579288148,0.011725015253452363,0.02698428237930218,0.0,0.0,0.0215959936692587,-0.025276673760152
1987-10-31,Mom12m,-0.025276673760152,0.00782154270271513,0.005063357997476206,0.025230880176723463,0.0,0.0,-0.025276673760152,0.0634236613282322
1987-11-30,Mom12m,0.0634236613282322,0.0036214771417391657,0.00860499249061359,0.030160805235538532,0.0,0.0,0.0634236613282322,0.168368666917258
1987-12-31,Mom12m,0.168368666917258,0.006846792679368856,0.020306948865859622,0.055196817193726516,0.0,0.0,0.168368666917258,-0.133581727885473
1988-01-31,Mom12m,-0.133581727885473,0.025843563934155326,0.012558122949186304,0.06925947341212646,0.0,0.0,-0.133581727885473,-0.00010190596370804
1988-02-29,Mom12m,-0.00010190596370804,0.01561796238085131,0.014307973352138036,0.06859384888033604,0.0,0.0,-0.00010190596370804,-0.004348480804296961
1988-03-31,Mom12m,-0.004348480804296961,0.015692590898600093,0.014022501590025346,0.06867008442402062,0.0,0.0,-0.004348480804296961,0.0299197874185603
1988-04-30,Mom12m,0.0299197874185603,0.012573713498763961,0.014019219658746994,0.06866925446154294,0.0,0.0,0.0299197874185603,0.022042085409252697
1988-05-31,Mom12m,0.022042085409252697,0.01681261650163066,0.017248405577265837,0.06800079898547855,0.0,0.0,0.022042085409252697,0.000618000810822261
1988-06-30,Mom12m,0.000618000810822261,0.01741557595234374,0.016015778023883626,0.06817100939796969,0.0,0.0,0.000618000810822261,-0.00328876597263215
1988-07-31,Mom12m,-0.00328876597263215,0.01420133585537573,0.012743827369708414,0.06806814298607876,0.0,0.0,-0.00328876597263215,0.011005982813092402
1988-08-31,Mom12m,0.011005982813092402,0.012670058287920179,0.012531385331684538,0.06806935837298322,0.0,0.0,0.011005982813092402,0.011606659378962401
1988-09-30,Mom12m,0.011606659378962401,0.011707330028268698,0.01169894080749318,0.0680094816047062,0.0,0.0,0.011606659378962401,0.0523542847278845
1988-10-31,Mom12m,0.0523542847278845,0.015060360313642733,0.018168187348162886,0.06786459284120792,0.0,0.0,0.0523542847278845,0.045885880587348
1988-11-30,Mom12m,0.045885880587348,0.014054053349974761,0.01670670561975587,0.0669845396163537,0.0,0.0,0.045885880587348,0.0340101272227079
1988-12-31,Mom12m,0.0340101272227079,0.002919254592710217,0.005510160645210029,0.047815859375433534,0.0,0.0,0.0340101272227079,-0.0640056609589041
1989-01-31,Mom12m,-0.0640056609589041,0.01815487778436303,0.011308166222424107,0.030499499340310765,0.0,0.0,-0.0640056609589041,0.0138946795395962
1989-02-28,Mom12m,0.0138946795395962,0.012345445512072476,0.01247454834769946,0.030290396012908425,0.0,0.0,0.0138946795395962,0.0381446523684683
1989-03-31,Mom12m,0.0381446523684683,0.01400391463424458,0.01601564277876323,0.030626869857808676,0.0,0.0,0.0381446523684683,0.035494890893982195
1989-04-30,Mom12m,0.035494890893982195,0.014751629629690762,0.01648023473504839,0.030898047085827832,0.0,0.0,0.035494890893982195,0.0248922918169019
1989-05-31,Mom12m,0.0248922918169019,0.015974611946484356,0.016717751935685823,0.030955589889208296,0.0,0.0,0.0248922918169019,0.00559641745802179
1989-06-30,Mom12m,0.00559641745802179,0.018181365674309776,0.017132619989619114,0.030752901869776073,0.0,0.0,0.00559641745802179,0.0785390039880996
1989-07-31,Mom12m,0.0785390039880996,0.01898910962255104,0.023951600819680095,0.0346395461128588,0.0,0.0,0.0785390039880996,0.0464792090948822
1989-08-31,Mom12m,0.0464792090948822,0.02512847518391533,0.026907703009829243,0.03494661035855434,0.0,0.0,0.0464792090948822,0.020337663319873397
1989-09-30,Mom12m,0.020337663319873397,0.02829870697627168,0.02763528667157183,0.03468902404428483,0.0,0.0,0.020337663319873397,0.00172595724749699
1989-10-31,Mom12m,0.00172595724749699,0.02538810503008885,0.023416259381539534,0.03448751351326431,0.0,0.0,0.00172595724749699,0.0411928804813589
1989-11-30,Mom12m,0.0411928804813589,0.02137356654464785,0.02302517603937378,0.034235233708764884,0.0,0.0,0.0411928804813589,0.0559984218881093
1989-12-31,Mom12m,0.0559984218881093,0.022026544113616122,0.02485753392815723,0.03544373115765984,0.0,0.0,0.0559984218881093,-0.07674500124830791
1990-01-31,Mom12m,-0.07674500124830791,0.03293600619061734,0.023795922237373576,0.03841368408914391,0.0,0.0,-0.07674500124830791,-0.006467935887985789
1990-02-28,Mom12m,-0.006467935887985789,0.024696035209898784,0.02209903761840841,0.03932965093696271,0.0,0.0,-0.006467935887985789,0.0342243879078208
1990-03-31,Mom12m,0.0342243879078208,0.02064034536840296,0.021772348913354455,0.03920032181207207,0.0,0.0,0.0342243879078208,-0.006039755393488701
1990-04-30,Mom12m,-0.006039755393488701,0.02052484509693374,0.018311128389398544,0.03970889750220785,0.0,0.0,-0.006039755393488701,0.0570284189528023
1990-05-31,Mom12m,0.0570284189528023,0.017712840805080052,0.02098913898405691,0.04124694802684264,0.0,0.0,0.0570284189528023,0.00755520182479968
1990-06-30,Mom12m,0.00755520182479968,0.02238847730460555,0.021152371014621734,0.04118432291329357,0.0,0.0,0.00755520182479968,-0.0074376390659917305
1990-07-31,Mom12m,-0.0074376390659917305,0.01593540438066919,0.013987650760114123,0.037617449322166624,0.0,0.0,-0.0074376390659917305,-0.00313657822719758
1990-08-31,Mom12m,-0.00313657822719758,0.011033872729680656,0.009853001816607476,0.036429497814669705,0.0,0.0,-0.00313657822719758,0.0212567398368024
1990-09-30,Mom12m,0.0212567398368024,0.00889985077085602,0.00992959152635156,0.03645450233262226,0.0,0.0,0.0212567398368024,0.0549258267504489
1990-10-31,Mom12m,0.0549258267504489,0.010675376460792876,0.014362913984930885,0.03854129725633267,0.0,0.0,0.0549258267504489,0.021636994247272598
1990-11-30,Mom12m,0.021636994247272598,0.011923826121619241,0.012733256798757026,0.03770814149748894,0.0,0.0,0.021636994247272598,0.136745551818244
1990-12-31,Mom12m,0.136745551818244,0.008800059972452267,0.01946218429293492,0.05099445291604109,0.0,0.0,0.136745551818244,-0.132783703559096
1991-01-31,Mom12m,-0.132783703559096,0.02820829206941153,0.01479229243370258,0.061986853187248586,0.0,0.0,-0.132783703559096,-0.17227542894248601
1991-02-28,Mom12m,-0.17227542894248601,0.016725040462946966,0.0009750013458275595,0.08230618795092161,0.0,0.0,-0.17227542894248601,-0.0701686555782301
1991-03-31,Mom12m,-0.0701686555782301,-0.0020476701598081985,-0.007724418944676681,0.08397247036879835,0.0,0.0,-0.0701686555782301,-0.0556961250743543
1991-04-30,Mom12m,-0.0556961250743543,-0.007877570176602872,-0.011862449751415483,0.08509785836876116,0.0,0.0,-0.0556961250743543,0.067261009093904
1991-05-31,Mom12m,0.067261009093904,-0.018125255997253474,-0.011009733906323671,0.08589843100774872,0.0,0.0,0.067261009093904,-0.0165741488299644
1991-06-30,Mom12m,-0.0165741488299644,-0.012697455336425805,-0.013020513127554012,0.08570654585340819,0.0,0.0,-0.0165741488299644,0.0272545520231793
1991-07-31,Mom12m,0.0272545520231793,-0.013528047133150594,-0.010129497203456427,0.08649348306326787,0.0,0.0,0.0272545520231793,0.0421620309151782
1991-08-31,Mom12m,0.0421620309151782,-0.010765217110389058,-0.006354613108258443,0.08780497746015477,0.0,0.0,0.0421620309151782,0.032967188939434997
1991-09-30,Mom12m,0.032967188939434997,-0.008864736103263986,-0.0053787423497057285,0.08820391877221662,0.0,0.0,0.032967188939434997,0.0317534836291551
1991-10-31,Mom12m,0.0317534836291551,-0.010860975904265251,-0.007309770943146878,0.08700922565984247,0.0,0.0,0.0317534836291551,-0.0225302011590787
1991-11-30,Mom12m,-0.0225302011590787,-0.009941295051366839,-0.010990370560342818,0.08660665698098545,0.0,0.0,-0.0225302011590787,0.162299687546828
1991-12-31,Mom12m,0.162299687546828,-0.024420908958396173,-0.008860859249627484,0.09078294144141441,0.0,0.0,0.162299687546828,-0.253700487928831
1992-01-31,Mom12m,-0.253700487928831,0.002404853869415098,-0.0189372579471054,0.11038286005197921,0.0,0.0,-0.253700487928831,-0.0318158837538087
1992-02-29,Mom12m,-0.0318158837538087,-0.004997424220252627,-0.007232295848048957,0.09956145858503655,0.0,0.0,-0.0318158837538087,-0.0320907117237414
1992-03-31,Mom12m,-0.0320907117237414,-0.0015108085998506817,-0.004059133860174899,0.09796727300069795,0.0,0.0,-0.0320907117237414,-0.0226063271687998
1992-04-30,Mom12m,-0.0226063271687998,0.0006351380683868546,-0.0013016507013786907,0.09684093205244446,0.0,0.0,-0.0226063271687998,-0.00835946957588755
1992-05-31,Mom12m,-0.00835946957588755,-0.007534619773677128,-0.007603357257194653,0.09440351676400145,0.0,0.0,-0.00835946957588755,-0.0055677954088256
1992-06-30,Mom12m,-0.0055677954088256,-0.006787830750579232,-0.006686161138766421,0.09436189387742698,0.0,0.0,-0.0055677954088256,0.06234869963369959
1992-07-31,Mom12m,0.06234869963369959,-0.009771680517125132,-0.0037616488378897296,0.09603836539398732,0.0,0.0,0.06234869963369959,-0.0143428457479324
1992-08-31,Mom12m,-0.0143428457479324,-0.007936528815441369,-0.008470388559815613,0.09496121433693572,0.0,0.0,-0.0143428457479324,0.0125988973632205
1992-09-30,Mom12m,0.0125988973632205,-0.012237441059747495,-0.010167746191166819,0.09433317367759275,0.0,0.0,0.0125988973632205,0.0272309263921478
1992-10-31,Mom12m,0.0272309263921478,-0.01397876708392337,-0.01054462596091743,0.09415933833762427,0.0,0.0,0.0272309263921478,0.0258671000771786
1992-11-30,Mom12m,0.0258671000771786,-0.009455028215630053,-0.006511517524562654,0.09463458870562028,0.0,0.0,0.0258671000771786,0.0442502719209362
1992-12-31,Mom12m,0.0442502719209362,-0.021857990712870905,-0.016348968826720305,0.08058366070955937,0.0,0.0,0.0442502719209362,-0.025004130509586
1993-01-31,Mom12m,-0.025004130509586,0.005228442000744294,0.002709060958216778,0.0313508827179795,0.0,0.0,-0.025004130509586,0.0103841775534029
1993-02-28,Mom12m,0.0103841775534029,0.0058476922956736295,0.006225732733817745,0.029434346298183298,0.0,0.0,0.0103841775534029,0.0526738886648098
1993-03-31,Mom12m,0.0526738886648098,0.009709045866323112,0.013289449432863677,0.029573815679481065,0.0,0.0,0.0526738886648098,-0.0007649403430023261
1993-04-30,Mom12m,-0.0007649403430023261,0.016552701851196713,0.015109565001680135,0.027781585723137447,0.0,0.0,-0.0007649403430023261,-0.0204698374791406
1993-05-31,Mom12m,-0.0204698374791406,0.017243113599640824,0.014100367676409048,0.0289087248613562,0.0,0.0,-0.0204698374791406,0.0366395473889198
1993-06-30,Mom12m,0.0366395473889198,0.015888382502339458,0.017617646242887832,0.028865804092544068,0.0,0.0,0.0366395473889198,0.007313488641721259
1993-07-31,Mom12m,0.007313488641721259,0.013551186843723114,0.013031378660222968,0.025259531823453862,0.0,0.0,0.007313488641721259,0.0276670672927808
1993-08-31,Mom12m,0.0276670672927808,0.015519944515509811,0.01653220474694907,0.024000509933347767,0.0,0.0,0.0276670672927808,0.0246865665009042
1993-09-30,Mom12m,0.0246865665009042,0.01688977814546984,0.01753951050842271,0.024073969302098652,0.0,0.0,0.0246865665009042,-0.022453173431209898
1993-10-31,Mom12m,-0.022453173431209898,0.01665847270081133,0.013399168856476235,0.026414352256556875,0.0,0.0,-0.022453173431209898,-0.024287808948441302
1993-11-30,Mom12m,-0.024287808948441302,0.012265720563685101,0.009219593104341244,0.02817176342948951,0.0,0.0,-0.024287808948441302,0.051535562338807794
1993-12-31,Mom12m,0.051535562338807794,0.006034985939196238,0.009826700639163875,0.02905981392856836,0.0,0.0,0.051535562338807794,-0.045050871177258006
1994-01-31,Mom12m,-0.045050871177258006,0.012993139834504765,0.008156138916857875,0.031700404949421786,1.0,0.08487337440109514,-0.045050871177258006,-0.0232914254445086
1994-02-28,Mom12m,-0.0232914254445086,0.007953589949899227,0.0053498386670319175,0.03295113973545576,1.0,0.16153319644079397,-0.0232914254445086,-0.0144186065196346
1994-03-31,Mom12m,-0.0144186065196346,0.001047652303597555,-0.00024120259833844936,0.02972550560202163,1.0,0.2464065708418891,-0.0144186065196346,0.0718525473890271
1994-04-30,Mom12m,0.0718525473890271,-0.00019359007609628815,0.005810254712664002,0.03627853782663817,1.0,0.32854209445585214,0.0718525473890271,-0.0331555137730052
1994-05-31,Mom12m,-0.0331555137730052,0.008199354002828048,0.00475311502150862,0.03728481620198838,1.0,0.4134154688569473,-0.0331555137730052,0.007443290323803769
1994-06-30,Mom12m,0.007443290323803769,0.0018543484426530481,0.002320093599415617,0.03594337727154126,1.0,0.49555099247091033,0.007443290323803769,0.0262428463443162
1994-07-31,Mom12m,0.0262428463443162,0.00186614859556964,0.0038975400746318624,0.03659196896834915,1.0,0.5804243668720055,0.0262428463443162,0.0078090925688614
1994-08-31,Mom12m,0.0078090925688614,0.0017366739638910401,0.0022427088476385786,0.035861022579409006,1.0,0.6652977412731006,0.0078090925688614,0.00972200719186254
1994-09-30,Mom12m,0.00972200719186254,0.0002023581518871491,0.0009956622385517736,0.03526483440182398,1.0,0.7474332648870636,0.00972200719186254,0.0571969439631967
1994-10-31,Mom12m,0.0571969439631967,0.003127374572166462,0.0076331720214189895,0.0378510858966151,1.0,0.8323066392881588,0.0571969439631967,0.0479331535668533
1994-11-30,Mom12m,0.0479331535668533,0.010535079382315371,0.013651585564360207,0.038055265561692274,1.0,0.9144421629021219,0.0479331535668533,0.09752593542965769
1994-12-31,Mom12m,0.09752593542965769,0.010207587675774054,0.017484116655264365,0.044059553644632383,1.0,0.999315537303217,0.09752593542965769,-0.105488907241649
1995-01-31,Mom12m,-0.105488907241649,0.023169115549130027,0.01244761364989845,0.05415552560900789,1.0,1.0841889117043122,-0.105488907241649,0.0210417101876156
1995-02-28,Mom12m,0.0210417101876156,0.015696617203935444,0.016142041619242133,0.052995561132751334,1.0,1.160848733744011,0.0210417101876156,0.0166827045306495
1995-03-31,Mom12m,0.0166827045306495,0.01892028235914001,0.018733817540099142,0.05211835828203075,1.0,1.2457221081451062,0.0166827045306495,0.00214339413636324
1995-04-30,Mom12m,0.00214339413636324,0.013904842099287497,0.012924721435710487,0.049477498547325825,1.0,1.3278576317590691,0.00214339413636324,0.0234484498308764
1995-05-31,Mom12m,0.0234484498308764,0.017113833727411903,0.01764171840270062,0.04733690809247766,1.0,1.4127310061601643,0.0234484498308764,-0.0037483413668428
1995-06-30,Mom12m,-0.0037483413668428,0.01856884822805487,0.01670908242848007,0.047665215589045205,1.0,1.4948665297741273,-0.0037483413668428,0.0175902140651197
1995-07-31,Mom12m,0.0175902140651197,0.015842376617949502,0.01598802973854703,0.0475732404570526,1.0,1.5797399041752225,0.0175902140651197,0.00331705566934681
1995-08-31,Mom12m,0.00331705566934681,0.016731569481245715,0.015613693330254147,0.04766104023690992,1.0,1.6646132785763177,0.00331705566934681,0.0108047463657389
1995-09-30,Mom12m,0.0108047463657389,0.016149301161017014,0.015703921594743844,0.047649896148685325,1.0,1.7467488021902806,0.0108047463657389,0.0647108810998179
1995-10-31,Mom12m,0.0647108810998179,0.01193182865215721,0.01633008302279561,0.04828979270069846,1.0,1.8316221765913758,0.0647108810998179,0.0949677744903324
1995-11-30,Mom12m,0.0949677744903324,0.013457076609699449,0.020249634766418872,0.05278750083712163,1.0,1.9137577002053388,0.0949677744903324,0.0358442799733959
1995-12-31,Mom12m,0.0358442799733959,0.01322451652430624,0.015109496811730386,0.04729620087331418,1.0,1.998631074606434,0.0358442799733959,-0.0700478286162312
1996-01-31,Mom12m,-0.0700478286162312,0.02607298808931032,0.0180629200305152,0.03955359918900411,1.0,2.083504449007529,-0.0700478286162312,-0.0051061665574048
1996-02-29,Mom12m,-0.0051061665574048,0.017792120925324253,0.015883930301763504,0.040091165116644616,1.0,2.16290212183436,-0.0051061665574048,-0.0322833003076367
1996-03-31,Mom12m,-0.0322833003076367,0.015811314462773857,0.011803429898572986,0.04242635864470003,1.0,2.2477754962354553,-0.0322833003076367,0.036322507574867796
1996-04-30,Mom12m,0.036322507574867796,0.012681614967864773,0.014651689351781702,0.0428639209195283,1.0,2.329911019849418,0.036322507574867796,-0.0400734170542636
1996-05-31,Mom12m,-0.0400734170542636,0.013851983853682172,0.0093582004446867,0.04551890202888076,1.0,2.414784394250513,-0.0400734170542636,-0.014562923810453201
1996-06-30,Mom12m,-0.014562923810453201,0.010549704245734827,0.0084569852410525,0.04590738437561655,1.0,2.4969199178644765,-0.014562923810453201,-0.016755904765588202
1996-07-31,Mom12m,-0.016755904765588202,0.007626691711591837,0.005594808671826841,0.04635469637822308,1.0,2.5817932922655715,-0.016755904765588202,0.0309740814384928
1996-08-31,Mom12m,0.0309740814384928,0.005801877126597744,0.007899560819255674,0.04691531381831554,1.0,2.6666666666666665,0.0309740814384928,0.053357057472648003
1996-09-30,Mom12m,0.053357057472648003,0.007635453042302645,0.011445586744831432,0.048727970013439016,1.0,2.74880219028063,0.053357057472648003,0.0711716226133904
1996-10-31,Mom12m,0.0711716226133904,0.006603287258014473,0.011983981870962473,0.04940104436147044,1.0,2.833675564681725,0.0711716226133904,-0.027171458893180702
1996-11-30,Mom12m,-0.027171458893180702,0.0044400007237470175,0.0018057124223363813,0.04290451099440305,1.0,2.915811088295688,-0.027171458893180702,0.08551035306790529
1996-12-31,Mom12m,0.08551035306790529,-0.001288702809578128,0.00594455184687883,0.04851527461780128,1.0,3.0006844626967832,0.08551035306790529,-0.138669442625369
1997-01-31,Mom12m,-0.138669442625369,0.012852950070797918,0.00022608401278401136,0.06078053336687641,1.0,3.0855578370978782,-0.138669442625369,-0.00623910485905215
1997-02-28,Mom12m,-0.00623910485905215,0.0007108340646193538,0.00013167248764673332,0.06079044811971549,1.0,3.162217659137577,-0.00623910485905215,0.0581303563819638
1997-03-31,Mom12m,0.0581303563819638,0.003078488196308857,0.007666143878446775,0.06199865260342544,1.0,3.247091033538672,0.0581303563819638,0.0608318760988786
1997-04-30,Mom12m,0.0608318760988786,0.005061019906044858,0.009708591255447674,0.0634160224791394,1.0,3.3292265571526354,0.0608318760988786,0.0395822479464151
1997-05-31,Mom12m,0.0395822479464151,0.01423422837451233,0.016346563338837567,0.06188181250651418,1.0,3.4140999315537304,0.0395822479464151,0.049327748913527
1997-06-30,Mom12m,0.049327748913527,0.019156516716045815,0.021670786065835917,0.061728982396163735,1.0,3.4962354551676933,0.049327748913527,0.0750472887131546
1997-07-31,Mom12m,0.0750472887131546,0.025164121595965375,0.029321052189064483,0.06222047423174491,1.0,3.5811088295687883,0.0750472887131546,-0.0472798095229586
1997-08-31,Mom12m,-0.0472798095229586,0.029170776802752815,0.022799894608943536,0.06601646840335534,1.0,3.6659822039698837,-0.0472798095229586,0.0108574687414302
1997-09-30,Mom12m,0.0108574687414302,0.020021970712243122,0.019258262214675383,0.06536490476067405,1.0,3.7481177275838466,0.0108574687414302,-0.0249040533577844
1997-10-31,Mom12m,-0.0249040533577844,0.014538865814792192,0.01125195588374415,0.06430352765252535,1.0,3.8329911019849416,-0.0249040533577844,0.0878704517877331
1997-11-30,Mom12m,0.0878704517877331,0.014744993590737311,0.0208387817738203,0.06658933077102339,1.0,3.915126625598905,0.0878704517877331,0.146683875033143
1997-12-31,Mom12m,0.146683875033143,0.014959548019812568,0.025936575270923443,0.07392763911678205,1.0,4.0,0.146683875033143,-0.114173975423494
1998-01-31,Mom12m,-0.114173975423494,0.04090075871604094,0.02797786420441303,0.06915337173222702,1.0,4.084873374401095,-0.114173975423494,0.0166684096651265
1998-02-28,Mom12m,0.0166684096651265,0.031088497755637125,0.029886823748094583,0.06843540438910552,1.0,4.161533196440794,0.0166684096651265,0.0292090257900361
1998-03-31,Mom12m,0.0292090257900361,0.027319229872288284,0.027476712865433944,0.06785714203298743,1.0,4.246406570841889,0.0292090257900361,-0.031182466014675902
1998-04-30,Mom12m,-0.031182466014675902,0.024444425298757146,0.01980885102263773,0.06893560108299483,1.0,4.328542094455853,-0.031182466014675902,0.0025319196766337097
1998-05-31,Mom12m,0.0025319196766337097,0.01801126948411251,0.016721323666822618,0.06879904815155921,1.0,4.413415468856948,0.0025319196766337097,0.10515423762298401
1998-06-30,Mom12m,0.10515423762298401,0.013757103189849485,0.021373531059277365,0.07296567324440756,1.0,4.4955509924709105,0.10515423762298401,0.00045646084960847803
1998-07-31,Mom12m,0.00045646084960847803,0.016494098545288518,0.01515762873731519,0.07113168738809932,1.0,4.5804243668720055,0.00045646084960847803,0.0316852485408289
1998-08-31,Mom12m,0.0316852485408289,0.020833759488249164,0.021738050242630813,0.06843177864325484,1.0,4.6652977412731005,0.0316852485408289,0.0496719460835231
1998-09-30,Mom12m,0.0496719460835231,0.022727194015467227,0.024972590021138556,0.06878712889855743,1.0,4.747433264887063,0.0496719460835231,-0.034024479390008605
1998-10-31,Mom12m,-0.034024479390008605,0.029506830328313364,0.024212554518453205,0.06943564903101788,1.0,4.832306639288158,-0.034024479390008605,-0.0360302630864304
1998-11-30,Mom12m,-0.0360302630864304,0.018425472948518665,0.013887494945606248,0.06831211116231722,1.0,4.914442162902122,-0.0360302630864304,0.102047457226055
1998-12-31,Mom12m,0.102047457226055,0.001815096755830172,0.010167793461682248,0.06127676119004747,1.0,4.999315537303217,0.102047457226055,-0.144304055148298
1999-01-31,Mom12m,-0.144304055148298,0.0214715906330619,0.007656953484615247,0.06716890568232244,1.0,5.084188911704312,-0.144304055148298,0.0021838871188566
1999-02-28,Mom12m,0.0021838871188566,0.006837730195477853,0.006449909939092756,0.06712237498484613,1.0,5.160848733744011,0.0021838871188566,0.0300981993378868
1999-03-31,Mom12m,0.0300981993378868,0.004380899407188808,0.006524007734746981,0.06715026826660139,1.0,5.245722108145106,0.0300981993378868,-0.020385183442846
1999-04-30,Mom12m,-0.020385183442846,0.009951868984694507,0.007423781282399473,0.0666697117472078,1.0,5.327857631759069,-0.020385183442846,-0.0633186805970256
1999-05-31,Mom12m,-0.0633186805970256,0.007868495973832716,0.001936231259594531,0.06974796331257282,1.0,5.412731006160164,-0.0633186805970256,0.0466031618002024
1999-06-30,Mom12m,0.0466031618002024,-0.0074472238643499755,-0.002943025058970603,0.06365250433435916,1.0,5.494866529774128,0.0466031618002024,-0.029030307562163304
1999-07-31,Mom12m,-0.029030307562163304,-0.0032520692324778003,-0.005400255759951585,0.06407707603116192,1.0,5.579739904175223,-0.029030307562163304,0.0528543136848255
1999-08-31,Mom12m,0.0528543136848255,-0.00877166524184073,-0.003636166997951869,0.06546720519866621,1.0,5.664613278576318,0.0528543136848255,0.049104453916411
1999-09-30,Mom12m,0.049104453916411,-0.008482359096267782,-0.003683458011877876,0.06542538835721204,1.0,5.746748802190281,0.049104453916411,0.115808174309045
1999-10-31,Mom12m,0.115808174309045,-0.0009251833411387283,0.008802596463043258,0.07297082218808372,1.0,5.831622176591376,0.115808174309045,0.055190399637403104
1999-11-30,Mom12m,0.055190399637403104,0.012878310967540855,0.01640431835669605,0.07262641560368645,1.0,5.9137577002053385,0.055190399637403104,0.0876457479136061
1999-12-31,Mom12m,0.0876457479136061,0.00861857845948159,0.015204175913991974,0.07118724900197161,1.0,5.9986310746064335,0.0876457479136061,-0.0833726655934973
2000-01-31,Mom12m,-0.0833726655934973,0.02970492419238196,0.02028179171022536,0.06008251927295695,1.0,6.083504449007529,-0.0833726655934973,0.198806874569193
2000-02-29,Mom12m,0.198806874569193,0.021927055763986156,0.036667040664420066,0.07864243291561057,1.0,6.16290212183436,0.198806874569193,-0.0257079146522909
2000-03-31,Mom12m,-0.0257079146522909,0.03726420805774126,0.03201653116523859,0.0806895922740711,1.0,6.247775496235455,-0.0257079146522909,-0.116834433980909
2000-04-30,Mom12m,-0.116834433980909,0.03678032340233718,0.023979093620400006,0.09058114324061278,1.0,6.329911019849418,-0.116834433980909,-0.107030989082757
2000-05-31,Mom12m,-0.107030989082757,0.03191525491289324,0.02033640124658906,0.09517347248450603,1.0,6.414784394250513,-0.107030989082757,0.294769646850371
2000-06-30,Mom12m,0.294769646850371,0.01794851392353329,0.04101694166743644,0.12399755681970456,1.0,6.496919917864476,0.294769646850371,-0.073713359621451
2000-07-31,Mom12m,-0.073713359621451,0.04738487341558186,0.037293353995829136,0.12692853347714358,1.0,6.581793292265571,-0.073713359621451,0.122352155785047
2000-08-31,Mom12m,0.122352155785047,0.03587872129682945,0.04308484083751426,0.12926707348972158,1.0,6.666666666666667,0.122352155785047,0.0355509866523821
2000-09-30,Mom12m,0.0355509866523821,0.04253760328488727,0.04195538523217851,0.12926890730434684,1.0,6.74880219028063,0.0355509866523821,0.025609871963971898
2000-10-31,Mom12m,0.025609871963971898,0.035241495316099734,0.03443886003675576,0.12718987877459784,1.0,6.833675564681725,0.025609871963971898,-0.025493898991164297
2000-11-30,Mom12m,-0.025493898991164297,0.0325523564366969,0.02771516848437514,0.12812236010991024,1.0,6.915811088295688,-0.025493898991164297,0.130922604773698
2000-12-31,Mom12m,0.130922604773698,0.022266933990808677,0.031321573222716136,0.13054875698531504,1.0,7.000684462696783,0.130922604773698,-0.789469960585912
2001-01-31,Mom12m,-0.789469960585912,0.04174832220600825,-0.027519868026651757,0.27076809072595603,1.0,7.085557837097878,-0.789469960585912,0.172131564297686
2001-02-28,Mom12m,0.172131564297686,-0.04809502644445584,-0.02974281054927734,0.26884374489194585,1.0,7.162217659137577,0.172131564297686,0.176806593787928
2001-03-31,Mom12m,0.176806593787928,-0.030109619267185216,-0.012866601512592432,0.2753964497217088,1.0,7.2470910335386725,0.176806593787928,-0.0125267573296429
2001-04-30,Mom12m,-0.0125267573296429,-0.003414980379109127,-0.0041742951249869225,0.27345589319177316,1.0,7.329226557152635,-0.0125267573296429,-0.00284551080622769
2001-05-31,Mom12m,-0.00284551080622769,0.005176313416628519,0.004507828064723853,0.27154057050856434,1.0,7.41409993155373,-0.00284551080622769,0.0803829685307254
2001-06-30,Mom12m,0.0803829685307254,-0.021879610006698635,-0.01335772846191328,0.2573911194217838,1.0,7.496235455167693,0.0803829685307254,0.153345073275122
2001-07-31,Mom12m,0.153345073275122,-0.00787085290195533,0.005563807612801134,0.26087314916264276,1.0,7.581108829568788,0.153345073275122,0.0935496697204718
2001-08-31,Mom12m,0.0935496697204718,-0.005053314948312144,0.0031636004407532003,0.2598313546099369,1.0,7.665982203969883,0.0935496697204718,0.124076982449544
2001-09-30,Mom12m,0.124076982449544,0.00021929260333237242,0.01054076675718336,0.2620814747349384,1.0,7.748117727583847,0.124076982449544,-0.17038357056583098
2001-10-31,Mom12m,-0.17038357056583098,0.009170848102020747,-0.005792020120300213,0.26711575838771007,1.0,7.832991101984942,-0.17038357056583098,-0.125221351555648
2001-11-30,Mom12m,-0.125221351555648,-0.004000940222948953,-0.014102641167340522,0.26932668845900926,1.0,7.915126625598905,-0.125221351555648,-0.0429630525083922
2001-12-31,Mom12m,-0.0429630525083922,-0.02728675443470768,-0.028593112607514706,0.2654646753612295,1.0,8.0,-0.0429630525083922,0.0362584290893357
2002-01-31,Mom12m,0.0362584290893357,0.04057750993597594,0.040217586532089275,0.11427225440269494,1.0,8.084873374401095,0.0362584290893357,0.133895464972025
2002-02-28,Mom12m,0.133895464972025,0.02822540673521682,0.03703124492161752,0.11073803793136719,1.0,8.161533196440795,0.133895464972025,-0.00351395822285204
2002-03-31,Mom12m,-0.00351395822285204,0.02432439502468018,0.02200453225405252,0.1019309854388934,1.0,8.24640657084189,-0.00351395822285204,0.10117579662006398
2002-04-30,Mom12m,0.10117579662006398,0.02514374039802481,0.03147974508319476,0.10369864861094218,1.0,8.328542094455852,0.10117579662006398,0.11716551654482499
2002-05-31,Mom12m,0.11716551654482499,0.034600222891324056,0.041480664029115814,0.10585200416492231,1.0,8.413415468856947,0.11716551654482499,0.119217357382147
2002-06-30,Mom12m,0.119217357382147,0.037944090892605836,0.044716863100067616,0.10772652371455287,1.0,8.49555099247091,0.119217357382147,0.0331637987746501
2002-07-31,Mom12m,0.0331637987746501,0.03484157126597174,0.03470175689169496,0.10215175878383324,1.0,8.580424366872005,0.0331637987746501,0.0017435248184488
2002-08-31,Mom12m,0.0017435248184488,0.029351946634533402,0.027051244816526373,0.1007722924788528,1.0,8.6652977412731,0.0017435248184488,0.13461408632575
2002-09-30,Mom12m,0.13461408632575,0.018230723213524747,0.02792933680621021,0.10173589820067404,1.0,8.747433264887064,0.13461408632575,-0.0642693526538066
2002-10-31,Mom12m,-0.0642693526538066,0.045957782930941195,0.036772188298878905,0.08638516268182188,1.0,8.83230663928816,-0.0642693526538066,-0.32280362811048396
2002-11-30,Mom12m,-0.32280362811048396,0.051498873740199506,0.020306998585975903,0.12858884115720792,1.0,8.914442162902121,-0.32280362811048396,0.14911188924461802
2002-12-31,Mom12m,0.14911188924461802,0.026058821412736622,0.036313243732060095,0.13190878138101636,1.0,8.999315537303216,0.14911188924461802,-0.048215148926416006
2003-01-31,Mom12m,-0.048215148926416006,0.03631822688139865,0.029273778897414116,0.13414699875968975,1.0,9.084188911704311,-0.048215148926416006,0.0503850686138564
2003-02-28,Mom12m,0.0503850686138564,0.01976271652699492,0.022314579200900065,0.130338166415451,1.0,9.160848733744011,0.0503850686138564,-0.00536425280271109
2003-03-31,Mom12m,-0.00536425280271109,0.024662628057604778,0.022160387985911814,0.13037258948052222,1.0,9.245722108145106,-0.00536425280271109,-0.11807320558182101
2003-04-30,Mom12m,-0.11807320558182101,0.014977169019170683,0.0038896378024213993,0.1336152261269488,1.0,9.32785763175907,-0.11807320558182101,-0.32826803739492805
2003-05-31,Mom12m,-0.32826803739492805,-0.006408169355978954,-0.033229825025891356,0.15878698063821414,1.0,9.412731006160165,-0.32826803739492805,-0.0596608185278621
2003-06-30,Mom12m,-0.0596608185278621,-0.04708865979025851,-0.04813633968505878,0.1513990396463328,1.0,9.494866529774127,-0.0596608185278621,0.049915002787719896
2003-07-31,Mom12m,0.049915002787719896,-0.05552726136321417,-0.04674040601730297,0.15229138665479391,1.0,9.579739904175222,0.049915002787719896,-0.0049777697752679505
2003-08-31,Mom12m,-0.0049777697752679505,-0.05114803609328042,-0.047300513900112695,0.15210910932262747,1.0,9.664613278576317,-0.0049777697752679505,-0.045781493441514505
2003-09-30,Mom12m,-0.045781493441514505,-0.0638382048297366,-0.06233347888071807,0.14100499596006397,1.0,9.74674880219028,-0.045781493441514505,0.07053442227321
2003-10-31,Mom12m,0.07053442227321,-0.06215749035589186,-0.05109983097013335,0.14611399383790946,1.0,9.831622176591376,0.07053442227321,0.039308632537724
2003-11-30,Mom12m,0.039308632537724,-0.02639948577555605,-0.020923809249449355,0.11994920159597547,1.0,9.91375770020534,0.039308632537724,-0.0559731760108647
2003-12-31,Mom12m,-0.0559731760108647,-0.036381600021637324,-0.03801423135407292,0.10748245083567319,1.0,9.998631074606434,-0.0559731760108647,0.029963313003819998
2004-01-31,Mom12m,0.029963313003819998,-0.03708687521113266,-0.03149935952655325,0.10916410281295662,1.0,10.08350444900753,0.029963313003819998,-0.029608587960552303
2004-02-29,Mom12m,-0.029608587960552303,-0.038943398448408696,-0.038165497574420636,0.10610889837593074,1.0,10.16290212183436,-0.029608587960552303,-0.00838845364572894
2004-03-31,Mom12m,-0.00838845364572894,-0.04114742891730335,-0.038417514311338795,0.10602747071028293,1.0,10.247775496235455,-0.00838845364572894,-0.0702783325937767
2004-04-30,Mom12m,-0.0702783325937767,-0.03117608783220407,-0.03443460822900177,0.10363387919934051,1.0,10.329911019849419,-0.0702783325937767,0.0334288764221992
2004-05-31,Mom12m,0.0334288764221992,-0.007722478304826679,-0.004293198744241166,0.04815231870353862,1.0,10.414784394250514,0.0334288764221992,0.00219003545107582
2004-06-30,Mom12m,0.00219003545107582,0.0007402212360879849,0.0008610390873369942,0.044886491950082236,1.0,10.496919917864476,0.00219003545107582,0.00392620455262565
2004-07-31,Mom12m,0.00392620455262565,-0.0035984121581523853,-0.0029713607655875262,0.042200414879963545,1.0,10.581793292265571,0.00392620455262565,0.0144020670344897
2004-08-31,Mom12m,0.0144020670344897,-0.0027889599465256943,-0.001356374364774389,0.04248650836117291,1.0,10.666666666666666,0.0144020670344897,0.056170496646278
2004-09-30,Mom12m,0.056170496646278,0.002682272824020142,0.00713962480920832,0.042985941655099835,1.0,10.74880219028063,0.056170496646278,-0.00983548433179343
2004-10-31,Mom12m,-0.00983548433179343,0.0013764614033899602,0.00044213259212470086,0.03820599684081556,1.0,10.833675564681725,-0.00983548433179343,-0.0309352132549169
2004-11-30,Mom12m,-0.0309352132549169,-0.003091185584747988,-0.005411521223928708,0.037074163999658995,1.0,10.915811088295689,-0.0309352132549169,-0.0671804642844487
2004-12-31,Mom12m,-0.0671804642844487,-0.0008150071523890971,-0.006345461913394041,0.038574466883128,1.0,11.000684462696784,-0.0671804642844487,0.07167312642134721
2005-01-31,Mom12m,0.07167312642134721,-0.009646259633140796,-0.0028696441286001073,0.04368428230649884,1.0,11.085557837097879,0.07167312642134721,0.07515699325273589
2005-02-28,Mom12m,0.07515699325273589,-0.00043883105296811285,0.005860820972507243,0.048100287752100096,1.0,11.162217659137577,0.07515699325273589,0.044130590999700604
2005-03-31,Mom12m,0.044130590999700604,0.007156209574165053,0.010237408026293039,0.04906553483963993,1.0,11.247091033538672,0.044130590999700604,0.0232188442622951
2005-04-30,Mom12m,0.0232188442622951,0.017557020809935715,0.018028839430965688,0.04203780783062003,1.0,11.329226557152635,0.0232188442622951,0.0320319502601775
2005-05-31,Mom12m,0.0320319502601775,0.016628836068126256,0.01791242891746388,0.0419931958946571,1.0,11.41409993155373,0.0320319502601775,0.011581986284710698
2005-06-30,Mom12m,0.011581986284710698,0.019341737414408224,0.018695091486933452,0.04176040277056765,1.0,11.496235455167694,0.011581986284710698,-0.000897747054490399
2005-07-31,Mom12m,-0.000897747054490399,0.020037717571870502,0.018293095519673782,0.041938335388671866,1.0,11.58110882956879,-0.000897747054490399,0.0281906892661081
2005-08-31,Mom12m,0.0281906892661081,0.01864682538196322,0.01944214737230865,0.042010866715731385,1.0,11.665982203969884,0.0281906892661081,0.00897646998403132
2005-09-30,Mom12m,0.00897646998403132,0.016103206529220503,0.015509311817121426,0.04043962341456649,1.0,11.748117727583846,0.00897646998403132,0.0137044279835391
2005-10-31,Mom12m,0.0137044279835391,0.01781338419429548,0.01747097117673247,0.039661884823795686,1.0,11.832991101984941,0.0137044279835391,0.0291158503609951
2005-11-30,Mom12m,0.0291158503609951,0.02187153339779148,0.02247522647805847,0.0366750470682866,1.0,11.915126625598905,0.0291158503609951,0.00297867264229032
2005-12-31,Mom12m,0.00297867264229032,0.030625743820104554,0.028321821221953387,0.02473023643648331,1.0,12.0,0.00297867264229032,0.0168375987443811
2006-01-31,Mom12m,0.0168375987443811,0.024380793476553923,0.023752193915539548,0.020735135563134336,1.0,12.084873374401095,0.0168375987443811,-0.0387616727713812
2006-02-28,Mom12m,-0.0387616727713812,0.01907903033943076,0.014258971746863122,0.021134803787642483,1.0,12.161533196440795,-0.0387616727713812,-0.00515750781967944
2006-03-31,Mom12m,-0.00515750781967944,0.011543369996605145,0.010151630178581452,0.019530214883686517,1.0,12.24640657084189,-0.00515750781967944,0.008331789598690999
2006-04-30,Mom12m,0.008331789598690999,0.00896370162551655,0.008911042289947777,0.019092628905004128,1.0,12.328542094455852,0.008331789598690999,-0.006729400680787621
2006-05-31,Mom12m,-0.006729400680787621,0.006809141565381412,0.005680929711534016,0.01807725041257522,1.0,12.413415468856947,-0.006729400680787621,0.00627784666446976
2006-06-30,Mom12m,0.00627784666446976,0.005144470023063383,0.005238918076513937,0.017984453278548956,1.0,12.49555099247091,0.00627784666446976,0.015508212782707
2006-07-31,Mom12m,0.015508212782707,0.005796796724787034,0.006606081396280388,0.018098760091456282,1.0,12.580424366872005,0.015508212782707,-0.0276921680782331
2006-08-31,Mom12m,-0.0276921680782331,0.004643844317205117,0.001949176617585288,0.01919623485818539,1.0,12.6652977412731,-0.0276921680782331,-0.00762167454244694
2006-09-30,Mom12m,-0.00762167454244694,0.0013103317660901686,0.000565997907045433,0.01924178667701822,1.0,12.747433264887064,-0.00762167454244694,-0.00434351104142652
2006-10-31,Mom12m,-0.00434351104142652,-0.0006284048271812894,-0.0009379970117017021,0.01882225671045135,1.0,12.83230663928816,-0.00434351104142652,-0.000262803226998409
2006-11-30,Mom12m,-0.000262803226998409,-0.003670164954674164,-0.0033862181440344947,0.016299323824813257,1.0,12.914442162902121,-0.000262803226998409,0.00102010841109149
2006-12-31,Mom12m,0.00102010841109149,-0.003964844579154957,-0.0035494318299677304,0.016239490988184637,1.0,12.999315537303216,0.00102010841109149,0.011620559250737501
2007-01-31,Mom12m,0.011620559250737501,-0.005402798245817649,-0.003984185121104697,0.015705127222337932,1.0,13.084188911704311,0.011620559250737501,-0.012008563480878899
2007-02-28,Mom12m,-0.012008563480878899,-0.0008225953347159497,-0.001754759346896172,0.011710268070727252,1.0,13.160848733744011,-0.012008563480878899,0.0468942540176419
2007-03-31,Mom12m,0.0468942540176419,-0.0014454185766431733,0.0025828874728806065,0.01818540825184196,1.0,13.245722108145106,0.0468942540176419,0.0028995733480761
2007-04-30,Mom12m,0.0028995733480761,0.0020602600068978173,0.002130202785329365,0.018096687640969646,1.0,13.32785763175907,0.0028995733480761,0.024532861234859097
2007-05-31,Mom12m,0.024532861234859097,0.002935621282249065,0.004735391278299925,0.018936097290014022,1.0,13.412731006160165,0.024532861234859097,-0.000189908791390582
2007-06-30,Mom12m,-0.000189908791390582,0.004595168061375368,0.00419641165697823,0.018980197839081482,1.0,13.494866529774127,-0.000189908791390582,0.0149980203219623
2007-07-31,Mom12m,0.0149980203219623,0.0031680661000937703,0.004153895618582838,0.01895310774180841,1.0,13.579739904175222,0.0149980203219623,0.059030895144571695
2007-08-31,Mom12m,0.059030895144571695,0.0070489923182933505,0.01138081755381657,0.021995858535594534,1.0,13.664613278576317,0.059030895144571695,0.030542366086037803
2007-09-30,Mom12m,0.030542366086037803,0.013108316835295043,0.014561154272856966,0.0217562769551125,1.0,13.74674880219028,0.030542366086037803,0.0738117946274255
2007-10-31,Mom12m,0.0738117946274255,0.016279760210519075,0.021074096411927968,0.026715542776923406,1.0,13.831622176591376,0.0738117946274255,0.0600340341269773
2007-11-30,Mom12m,0.0600340341269773,0.02301381456092125,0.02609883285809261,0.02797817368274419,1.0,13.91375770020534,0.0600340341269773,0.0689112332518243
2007-12-31,Mom12m,0.0689112332518243,0.02837871689872905,0.03175642659482034,0.029279870581162774,1.0,13.998631074606434,0.0689112332518243,-0.135822826552463
2008-01-31,Mom12m,-0.135822826552463,0.03358695998973694,0.019469477777886973,0.056645743345405876,1.0,14.08350444900753,-0.135822826552463,0.026272646057247398
2008-02-29,Mom12m,0.026272646057247398,0.022331117892320205,0.02265957857273083,0.05578321491669425,1.0,14.16290212183436,0.026272646057247398,0.0370457334420274
2008-03-31,Mom12m,0.0370457334420274,0.020456426259557067,0.021838868524762953,0.055465793643119515,1.0,14.247775496235455,0.0370457334420274,0.06845062030466291
2008-04-30,Mom12m,0.06845062030466291,0.02356062263173446,0.027301455771145188,0.05664633270500039,1.0,14.329911019849419,0.06845062030466291,0.0551889407443706
2008-05-31,Mom12m,0.0551889407443706,0.027553146183534806,0.029856129063604478,0.057198702729275755,1.0,14.414784394250514,0.0551889407443706,0.11174032540086101
2008-06-30,Mom12m,0.11174032540086101,0.03258758705042219,0.039183648579625446,0.06086261227939097,1.0,14.496919917864476,0.11174032540086101,-0.0402201915619358
2008-07-31,Mom12m,-0.0402201915619358,0.04138234205759479,0.03458213092263394,0.06481636363690302,1.0,14.581793292265571,-0.0402201915619358,-0.045570288569336405
2008-08-31,Mom12m,-0.045570288569336405,0.03235951599336684,0.025865365613141598,0.06817601234714006,1.0,14.666666666666666,-0.045570288569336405,-0.00104252337336003
2008-09-30,Mom12m,-0.00104252337336003,0.02544018375196919,0.023233291491525112,0.06858749000777803,1.0,14.74880219028063,-0.00104252337336003,0.0492501120098039
2008-10-31,Mom12m,0.0492501120098039,0.018635245751897775,0.021186484606723312,0.06729521027840725,1.0,14.833675564681725,0.0492501120098039,0.0735867041297717
2008-11-30,Mom12m,0.0735867041297717,0.017654889195791102,0.022315873773622846,0.06811517202117501,1.0,14.915811088295689,0.0735867041297717,0.081216225270708
2008-12-31,Mom12m,0.081216225270708,0.01807993200287723,0.023341289775196488,0.06896767978229094,1.0,15.000684462696784,0.081216225270708,-0.21847863334119
2009-01-31,Mom12m,-0.21847863334119,0.03781075489589277,0.016453305876135905,0.08785125694935864,1.0,15.085557837097879,-0.21847863334119,0.0666961426663437
2009-02-28,Mom12m,0.0666961426663437,0.015560638586943919,0.019821930593560595,0.08902912109922109,1.0,15.162217659137577,0.0666961426663437,-0.2513817448021
2009-03-31,Mom12m,-0.2513817448021,0.01825613033460904,-0.004213692593450021,0.11813331006667231,1.0,15.247091033538672,-0.2513817448021,-0.37846541466905004
2009-04-30,Mom12m,-0.37846541466905004,-0.010819539220551228,-0.0414566955079261,0.1571478812326261,1.0,15.329226557152635,-0.37846541466905004,-0.19974215289838798
2009-05-31,Mom12m,-0.19974215289838798,-0.0502426624399531,-0.06270095331148932,0.16009886362498998,1.0,15.41409993155373,-0.19974215289838798,-0.0113509072646104
2009-06-30,Mom12m,-0.0113509072646104,-0.07855925137624847,-0.07295855603361193,0.15162530192463455,1.0,15.496235455167694,-0.0113509072646104,-0.021082013363029
2009-07-31,Mom12m,-0.021082013363029,-0.07593477098558252,-0.0713637078503697,0.15210086566711514,1.0,15.58110882956879,-0.021082013363029,-0.253463167045455
2009-08-31,Mom12m,-0.253463167045455,-0.07370856414864548,-0.08868811439004626,0.16050338385587654,1.0,15.665982203969884,-0.253463167045455,-0.12589391986356602
2009-09-30,Mom12m,-0.12589391986356602,-0.09665589539156322,-0.09909239743089675,0.15833745080170186,1.0,15.748117727583846,-0.12589391986356602,0.0269507488840995
2009-10-31,Mom12m,0.0269507488840995,-0.11257808010732412,-0.10095067769137213,0.15655907039421152,1.0,15.832991101984941,0.0269507488840995,0.0898470807483202
2009-11-30,Mom12m,0.0898470807483202,-0.11681771240238524,-0.09959564630649308,0.1582680756305234,1.0,15.915126625598905,0.0898470807483202,0.00792086225952217
2009-12-31,Mom12m,0.00792086225952217,-0.11603308917714776,-0.1057035932240919,0.1519437108471654,1.0,16.0,0.00792086225952217,-0.0762777218390804
2010-01-31,Mom12m,-0.0762777218390804,-0.09545131684981029,-0.09385351726558276,0.14783848206027908,1.0,16.084873374401095,-0.0762777218390804,0.0775792954369683
2010-02-28,Mom12m,0.0775792954369683,-0.10844894089575793,-0.09294658786803071,0.1489421883796245,1.0,16.161533196440793,0.0775792954369683,0.00863193432153548
2010-03-31,Mom12m,0.00863193432153548,-0.07854339178311534,-0.07127878127439442,0.14257505244574278,1.0,16.246406570841888,0.00863193432153548,-0.0335024060815955
2010-04-30,Mom12m,-0.0335024060815955,-0.043352723693062124,-0.04253186389210654,0.10477287342260658,1.0,16.32854209445585,-0.0335024060815955,0.0169286352369591
2010-05-31,Mom12m,0.0169286352369591,-0.02824001943699008,-0.024475964880827622,0.09325390324538602,1.0,16.413415468856947,0.0169286352369591,0.010171564532522902
2010-06-30,Mom12m,0.010171564532522902,-0.0256691519368474,-0.022682425564399842,0.09373501234532625,1.0,16.49555099247091,0.010171564532522902,0.030697061857283398
2010-07-31,Mom12m,0.030697061857283398,-0.022827917582706313,-0.01836750262937381,0.09499864284778345,1.0,16.580424366872005,0.030697061857283398,-0.0135642039189236
2010-08-31,Mom12m,-0.0135642039189236,0.003004830499360815,0.0016240776311704744,0.05971850972964415,1.0,16.6652977412731,-0.0135642039189236,0.0707245256355141
2010-09-30,Mom12m,0.0707245256355141,0.01321662285796467,0.01800894808942715,0.04721495229051607,1.0,16.747433264887064,0.0707245256355141,0.0195585441527447
2010-10-31,Mom12m,0.0195585441527447,0.017196057108093268,0.017392931028480916,0.04713583913448075,1.0,16.83230663928816,0.0195585441527447,0.081063323778402
2010-11-30,Mom12m,0.081063323778402,0.010806190144859134,0.016660951280987737,0.045961986476102334,1.0,16.914442162902123,0.081063323778402,-0.0331041427959939
2010-12-31,Mom12m,-0.0331041427959939,0.017455504828393666,0.013242200859694728,0.04814510962439407,1.0,16.999315537303218,-0.0331041427959939,-0.0358037901214813
2011-01-31,Mom12m,-0.0358037901214813,0.02138037565049244,0.016615028502827988,0.04237564530353562,1.0,17.084188911704313,-0.0358037901214813,0.030652829002194
2011-02-28,Mom12m,0.030652829002194,0.01107282241790611,0.012704489633263462,0.03819752335241365,1.0,17.16084873374401,0.030652829002194,0.0719064080633975
2011-03-31,Mom12m,0.0719064080633975,0.01307472193432961,0.0179773624450853,0.04178320876272648,1.0,17.245722108145106,0.0719064080633975,0.0329498714595036
2011-04-30,Mom12m,0.0329498714595036,0.022657341402056247,0.023515052240176887,0.03862432022235788,1.0,17.32785763175907,0.0329498714595036,0.0110316639443212
2011-05-31,Mom12m,0.0110316639443212,0.024113817422287565,0.023023637965790395,0.038753035631908496,1.0,17.412731006160165,0.0110316639443212,0.0545114978187313
2011-06-30,Mom12m,0.0545114978187313,0.024192008277905595,0.02671863240630776,0.039522432292153645,1.0,17.49486652977413,0.0545114978187313,-0.0147984860167655
2011-07-31,Mom12m,-0.0147984860167655,0.026356957001673585,0.022927336750137018,0.04125046043312803,1.0,17.579739904175224,-0.0147984860167655,0.0369250241876544
2011-08-31,Mom12m,0.0369250241876544,0.026244749538233414,0.027134772425685186,0.039737179612395854,1.0,17.66461327857632,0.0369250241876544,-0.0144623497831104
2011-09-30,Mom12m,-0.0144623497831104,0.023172067588427988,0.020035866140799816,0.038841166334990684,1.0,17.746748802190282,-0.0144623497831104,0.057224136670605906
2011-10-31,Mom12m,0.057224136670605906,0.020079259048804796,0.023174665517288248,0.040293822124370146,1.0,17.831622176591377,0.057224136670605906,0.09299495980529221
2011-11-30,Mom12m,0.09299495980529221,0.017912060220823332,0.0241689685195291,0.04196473215468878,1.0,17.913757700205338,0.09299495980529221,0.0391398926502566
2011-12-31,Mom12m,0.0391398926502566,0.02937561500275843,0.03018930480671664,0.037995708004505725,1.0,17.998631074606433,0.0391398926502566,-0.138192549130852
2012-01-31,Mom12m,-0.138192549130852,0.036188677072916425,0.021656908222602415,0.059546888136407086,1.0,18.083504449007528,-0.138192549130852,-0.00226917583359449
2012-02-29,Mom12m,-0.00226917583359449,0.020839097242639517,0.018913407819620042,0.05985236391479918,1.0,18.16290212183436,-0.00226917583359449,0.0159266930946292
2012-03-31,Mom12m,0.0159266930946292,0.01409586234291297,0.014248431572222683,0.057481126133581056,1.0,18.247775496235455,0.0159266930946292,0.0277236318231067
2012-04-30,Mom12m,0.0277236318231067,0.012548300673378933,0.01381291160252294,0.05734618915265025,1.0,18.32991101984942,0.0277236318231067,0.0716688860878207
2012-05-31,Mom12m,0.0716688860878207,0.014065752298723068,0.018866013447814568,0.059701996235581645,1.0,18.414784394250514,0.0716688860878207,0.0342099510762175
2012-06-30,Mom12m,0.0342099510762175,0.015625514868640288,0.017174217885938415,0.05888208687235278,1.0,18.496919917864478,0.0342099510762175,0.0364243909535571
2012-07-31,Mom12m,0.0364243909535571,0.020080827331638743,0.021442790966798634,0.058206348039773634,1.0,18.581793292265573,0.0364243909535571,0.0205302047189452
2012-08-31,Mom12m,0.0205302047189452,0.02003531521944808,0.020076556011072864,0.05800196122554328,1.0,18.666666666666668,0.0205302047189452,-0.039859072198528495
2012-09-30,Mom12m,-0.039859072198528495,0.023216456537816767,0.01796016247645469,0.05981189956279094,1.0,18.748802190280628,-0.039859072198528495,0.0454522402305642
2012-10-31,Mom12m,0.0454522402305642,0.014390710276986369,0.016979171106451217,0.05920281255857704,1.0,18.833675564681723,0.0454522402305642,0.0260945286914133
2012-11-30,Mom12m,0.0260945286914133,0.010068644861102006,0.011404135180294641,0.054344373689517986,1.0,18.915811088295687,0.0260945286914133,0.006564687449240551
2012-12-31,Mom12m,0.006564687449240551,0.00888270268302534,0.008689534746876636,0.05364202881943616,1.0,19.000684462696782,0.006564687449240551,-0.028436972081218398
2013-01-31,Mom12m,-0.028436972081218398,0.022042451463033755,0.017835832834346102,0.030825481689153528,1.0,19.085557837097877,-0.028436972081218398,0.0285326403376041
2013-02-28,Mom12m,0.0285326403376041,0.019663560895067943,0.02040265084861265,0.030276695501889005,1.0,19.16221765913758,0.0285326403376041,0.0337915903181183
2013-03-31,Mom12m,0.0337915903181183,0.020809556098974755,0.02189139228390341,0.03047516796168792,1.0,19.247091033538673,0.0337915903181183,0.0663894362005905
2013-04-30,Mom12m,0.0663894362005905,0.021361188689430353,0.025113542648693726,0.03308057428312236,1.0,19.329226557152634,0.0663894362005905,-0.0211618369961906
2013-05-31,Mom12m,-0.0211618369961906,0.020881238699682156,0.01737764905835945,0.032041805798000186,1.0,19.41409993155373,-0.0211618369961906,0.0549679732988157
2013-06-30,Mom12m,0.0549679732988157,0.01584743978400869,0.01910748424357597,0.03355761481776248,1.0,19.496235455167692,0.0549679732988157,-0.0317335333333333
2013-07-31,Mom12m,-0.0317335333333333,0.01753321999721402,0.013427657219668437,0.0360366697392149,1.0,19.581108829568787,-0.0317335333333333,-0.0315800332614795
2013-08-31,Mom12m,-0.0315800332614795,0.012781971083370518,0.009085137387966376,0.03817902030319357,1.0,19.665982203969882,-0.0315800332614795,-0.0138106656824148
2013-09-30,Mom12m,-0.0138106656824148,0.013534610986738608,0.011255837930975851,0.03581029862083889,1.0,19.748117727583846,-0.0138106656824148,0.0178299645978197
2013-10-31,Mom12m,0.0178299645978197,0.008147074085558698,0.008953981628247143,0.03426686056446014,1.0,19.83299110198494,0.0178299645978197,0.028267930415180702
2013-11-30,Mom12m,0.028267930415180702,0.0073957500770501896,0.009135098438561093,0.034371277235661364,1.0,19.915126625598905,0.028267930415180702,0.017092663444978298
2013-12-31,Mom12m,0.017092663444978298,0.009368772164862932,0.01001242977153924,0.03443400934050397,1.0,20.0,0.017092663444978298,-0.0428502926685085
2014-01-31,Mom12m,-0.0428502926685085,0.013507829939971721,0.008811319722598398,0.03610780566407887,1.0,20.084873374401095,-0.0428502926685085,0.00999824995145039
2014-02-28,Mom12m,0.00999824995145039,0.007018472393961485,0.007266787190418921,0.03558007777123256,1.0,20.161533196440793,0.00999824995145039,-0.0014573645066930899
2014-03-31,Mom12m,-0.0014573645066930899,0.00485544145153713,0.004329374288351306,0.03463362289538978,1.0,20.246406570841888,-0.0014573645066930899,-0.033995438638045904
2014-04-30,Mom12m,-0.033995438638045904,-0.001312449521852287,-0.004036031948201727,0.030108811646973783,1.0,20.32854209445585,-0.033995438638045904,0.0249848620755307
2014-05-31,Mom12m,0.0249848620755307,-0.0024791405802027694,-0.00019047369222495244,0.03066446744199968,1.0,20.413415468856947,0.0249848620755307,0.0178973991470582
2014-06-30,Mom12m,0.0178973991470582,-0.005204877964137769,-0.0032796882048714104,0.026135317644626763,1.0,20.49555099247091,0.0178973991470582,0.00460785051546396
2014-07-31,Mom12m,0.00460785051546396,-0.0006929750113749054,-0.000251239550804972,0.02459884894148768,1.0,20.580424366872005,0.00460785051546396,0.026398851966246698
2014-08-31,Mom12m,0.026398851966246698,0.0025968326047108633,0.004580334218172211,0.023557939914539985,1.0,20.6652977412731,0.026398851966246698,0.0390081036112712
2014-09-30,Mom12m,0.0390081036112712,0.006252243300043727,0.00898189832597938,0.0247152862012142,1.0,20.747433264887064,0.0390081036112712,0.054641762148337596
2014-10-31,Mom12m,0.054641762148337596,0.008177528664902954,0.012049548121855871,0.027981988161820594,1.0,20.83230663928816,0.054641762148337596,0.022993172707189702
2014-11-30,Mom12m,0.022993172707189702,0.01057514973155358,0.011609984979523286,0.027744478045435325,1.0,20.914442162902123,0.022993172707189702,-0.010966520873959799
2014-12-31,Mom12m,-0.010966520873959799,0.01111155966448189,0.009271719619611778,0.028414698048123736,1.0,20.999315537303218,-0.010966520873959799,0.052689722141594404
2015-01-31,Mom12m,0.052689722141594404,0.014010084373077226,0.017233387520453686,0.0257419124558002,1.0,21.084188911704313,0.052689722141594404,-0.0886354866015677
2015-02-28,Mom12m,-0.0886354866015677,0.017891127299453954,0.009013909474368845,0.040038912987837724,1.0,21.16084873374401,-0.0886354866015677,0.0676675041058143
2015-03-31,Mom12m,0.0676675041058143,0.009965843472647172,0.014774315192077794,0.043239995565696666,1.0,21.245722108145106,0.0676675041058143,-0.161720328130823
2015-04-30,Mom12m,-0.161720328130823,0.019207929176634463,0.004130574401013038,0.06604342166569088,1.0,21.32785763175907,-0.161720328130823,0.070520711542278
2015-05-31,Mom12m,0.070520711542278,0.0022347300669659457,0.007925228523241979,0.06860892149433295,1.0,21.412731006160165,0.070520711542278,0.0528533055446219
2015-06-30,Mom12m,0.0528533055446219,0.007018667557440472,0.010838220723038952,0.0698025050540234,1.0,21.49486652977413,0.0528533055446219,0.153604968640351
2015-07-31,Mom12m,0.153604968640351,0.011404618014636648,0.023254647233446207,0.08095442144165745,1.0,21.579739904175224,0.153604968640351,-0.0674298191218663
2015-08-31,Mom12m,-0.0674298191218663,0.02296881043955522,0.015435591309436792,0.08505075310912406,1.0,21.66461327857632,-0.0674298191218663,0.0643278186700211
2015-09-30,Mom12m,0.0643278186700211,0.013292635645633629,0.017545567564332617,0.08599751540344595,1.0,21.746748802190282,0.0643278186700211,-0.00873736408977554
2015-10-31,Mom12m,-0.00873736408977554,0.01417318623851395,0.01226397371115652,0.08545664570751994,1.0,21.831622176591377,-0.00873736408977554,0.0207969434235044
2015-11-30,Mom12m,0.0207969434235044,0.011288591984244383,0.012080954604182745,0.08543392724017762,1.0,21.913757700205338,0.0207969434235044,0.0692764379990254
2015-12-31,Mom12m,0.0692764379990254,0.01417617964765022,0.018767867843598178,0.086598380549248,1.0,21.998631074606433,0.0692764379990254,0.0302543085071274
2016-01-31,Mom12m,0.0302543085071274,0.01568406290741667,0.01689825004072593,0.0860398296364869,1.0,22.083504449007528,0.0302543085071274,-0.011698376002922698
2016-02-29,Mom12m,-0.011698376002922698,0.026492226099116226,0.02330967592394634,0.08012404927347205,1.0,22.16290212183436,-0.011698376002922698,-0.099688289992148
2016-03-31,Mom12m,-0.099688289992148,0.01927714608923104,0.009363359749116154,0.08604722903576117,1.0,22.247775496235455,-0.099688289992148,-0.11713506800688499
2016-04-30,Mom12m,-0.11713506800688499,0.02491642228365604,0.013078798092777654,0.07863144874734707,1.0,22.32991101984942,-0.11713506800688499,0.0721063341616098
2016-05-31,Mom12m,0.0721063341616098,0.007856805961004862,0.013210933311055306,0.07873801157244067,1.0,22.414784394250514,0.0721063341616098,0.0265585810429923
2016-06-30,Mom12m,0.0265585810429923,0.009607081289821944,0.01101970626925284,0.0778958765640427,1.0,22.496919917864478,0.0265585810429923,-0.0404839338653995
2016-07-31,Mom12m,-0.0404839338653995,-0.0019425903099379383,-0.005154368939559703,0.06461656334088126,1.0,22.581793292265573,-0.0404839338653995,-0.063208950382317
2016-08-31,Mom12m,-0.063208950382317,0.0005070356224681342,-0.004802629877930595,0.06425723936896308,1.0,22.666666666666668,-0.063208950382317,-0.00023136211003323698
2016-09-30,Mom12m,-0.00023136211003323698,-0.011087216109562602,-0.010182561609601789,0.06053809808094396,1.0,22.748802190280628,-0.00023136211003323698,0.0692672341363117
2016-10-31,Mom12m,0.0692672341363117,-0.0103139432023133,-0.003682178424094519,0.06474888288354189,1.0,22.833675564681723,0.0692672341363117,0.0287730058625286
2016-11-30,Mom12m,0.0287730058625286,-0.005907553137512637,-0.003017506554175835,0.06506319047150588,1.0,22.915811088295687,0.0287730058625286,0.018067154658747
2016-12-31,Mom12m,0.018067154658747,-0.009589683331739622,-0.00728494683253237,0.061470630281087985,1.0,23.000684462696782,0.018067154658747,-0.0129343227462572
2017-01-31,Mom12m,-0.0129343227462572,-0.010697606408865112,-0.010883999436981087,0.06032661395170585,1.0,23.085557837097877,-0.0129343227462572,-0.0358142713145711
2017-02-28,Mom12m,-0.0358142713145711,-0.010809965203713702,-0.012893657379618456,0.06075636472891483,1.0,23.16221765913758,-0.0358142713145711,-0.00518255522759733
2017-03-31,Mom12m,-0.00518255522759733,-0.005003236233024893,-0.005018179482572565,0.05426079232958246,1.0,23.247091033538673,-0.00518255522759733,0.0569030127877238
2017-04-30,Mom12m,0.0569030127877238,0.00517426492872853,0.009484993916978168,0.04382454928719904,1.0,23.329226557152634,0.0569030127877238,0.0393942040646477
2017-05-31,Mom12m,0.0393942040646477,0.003792144803829803,0.006758983075564659,0.04046374055735355,1.0,23.41409993155373,0.0393942040646477,-0.0475717161167486
2017-06-30,Mom12m,-0.0475717161167486,0.004959019623980294,0.0005814583122529174,0.04275970527521836,1.0,23.496235455167692,-0.0475717161167486,0.0553283787027882
2017-07-31,Mom12m,0.0553283787027882,0.004314675782948558,0.008565817692935226,0.043336081196707045,1.0,23.581108829568787,0.0553283787027882,0.051535004246568
2017-08-31,Mom12m,0.051535004246568,0.015090796608867212,0.018127813912008975,0.03844207882571239,1.0,23.665982203969882,0.051535004246568,-0.0625450948555506
2017-09-30,Mom12m,-0.0625450948555506,0.01979682991401278,0.012935002849882528,0.04482613188040338,1.0,23.748117727583846,-0.0625450948555506,0.0501627470873847
2017-10-31,Mom12m,0.0501627470873847,0.007813890914752571,0.011342962262471945,0.0429432740351883,1.0,23.83299110198494,0.0501627470873847,-0.0187959480121073
2017-11-30,Mom12m,-0.0187959480121073,0.009758412844284942,0.0073788827729189535,0.04338134602434068,1.0,23.915126625598905,-0.0187959480121073,0.000470822155189909
2017-12-31,Mom12m,0.000470822155189909,0.006407221692389096,0.005912521730955862,0.043284505500706456,1.0,24.0,0.000470822155189909,0.013507914507772
2018-01-31,Mom12m,0.013507914507772,0.007625871228884288,0.008116041502124962,0.042909262650123604,1.0,24.084873374401095,0.013507914507772,0.042483113645017404
2018-02-28,Mom12m,0.042483113645017404,0.012109706303642753,0.01464082358209067,0.04155347367840376,1.0,24.161533196440793,0.042483113645017404,-0.0327549199287281
2018-03-31,Mom12m,-0.0327549199287281,0.016442948928425908,0.012343126523663107,0.0434674801499016,1.0,24.246406570841888,-0.0327549199287281,0.019574020725388597
2018-04-30,Mom12m,0.019574020725388597,0.008292227772384827,0.009232377185135173,0.0412687658318532,1.0,24.32854209445585,0.019574020725388597,0.025446909397422002
2018-05-31,Mom12m,0.025446909397422002,0.006490392923361273,0.00807010262953303,0.04053190217657969,1.0,24.413415468856947,0.025446909397422002,-0.00188389794943176
2018-06-30,Mom12m,-0.00188389794943176,0.013128449788285873,0.011877420810142767,0.036804530486885895,1.0,24.49555099247091,-0.00188389794943176,0.0557811937984496
2018-07-31,Mom12m,0.0557811937984496,0.007927333728993149,0.011915155401447884,0.03685332914774088,1.0,24.580424366872005,0.0557811937984496,0.094594059007833
2018-08-31,Mom12m,0.094594059007833,0.008313350960982385,0.015503409964886633,0.04269490962982515,1.0,24.6652977412731,0.094594059007833,-0.028082470375294002
2018-09-30,Mom12m,-0.028082470375294002,0.02259872858492635,0.01837529533824135,0.037852099190544206,1.0,24.747433264887064,-0.028082470375294002,0.00228134115852844
2018-10-31,Mom12m,0.00228134115852844,0.015485526997410105,0.01438517817750333,0.0367028812312112,1.0,24.83230663928816,0.00228134115852844,0.0448090438649891
2018-11-30,Mom12m,0.0448090438649891,0.017401644194740627,0.01968559416726136,0.0360625819042169,1.0,24.914442162902123,0.0448090438649891,0.107696811745583
2018-12-31,Mom12m,0.107696811745583,0.021432391622904192,0.02862109329979412,0.043405338139193256,1.0,24.999315537303218,0.107696811745583,-0.16365592484104302
2019-01-31,Mom12m,-0.16365592484104302,0.029995018644523374,0.013857440020726204,0.07061464901005929,1.0,25.084188911704313,-0.16365592484104302,-0.0022274601729726203
2019-02-28,Mom12m,-0.0022274601729726203,0.01125510605488151,0.010131558869227035,0.07014493031800022,1.0,25.16084873374401,-0.0022274601729726203,-0.0129799404046748
2019-03-31,Mom12m,-0.0129799404046748,0.014030329669041101,0.011779473829564811,0.069272667831148,1.0,25.245722108145106,-0.0129799404046748,0.0160088586308926
2019-04-30,Mom12m,0.0160088586308926,0.011070878657217158,0.01148237698835681,0.06924383866845947,1.0,25.32785763175907,0.0160088586308926,0.09116095447687689
2019-05-31,Mom12m,0.09116095447687689,0.01021287404207812,0.01695854741164472,0.07294805584306462,1.0,25.412731006160165,0.09116095447687689,0.0493416368309721
2019-06-30,Mom12m,0.0493416368309721,0.01867149698992436,0.02122734197667837,0.07324340666125462,1.0,25.49486652977413,0.0493416368309721,0.0730381201640962
2019-07-31,Mom12m,0.0730381201640962,0.01808608272015368,0.02266541917381559,0.0741473557924727,1.0,25.579739904175224,0.0730381201640962,0.0611511260191991
2019-08-31,Mom12m,0.0611511260191991,0.016126451916177606,0.019878508091429426,0.07178905462509547,1.0,25.66461327857632,0.0611511260191991,-0.0688165241870401
2019-09-30,Mom12m,-0.0688165241870401,0.024238597042949707,0.016484003607117253,0.07514751152395921,1.0,25.746748802190282,-0.0688165241870401,0.0669806967521218
2019-10-31,Mom12m,0.0669806967521218,0.017775154738807114,0.021875616573250035,0.07634729255431319,1.0,25.831622176591377,0.0669806967521218,0.0313313472646827
2019-11-30,Mom12m,0.0313313472646827,0.019790759546728265,0.020752475189891168,0.07607790939728228,1.0,25.913757700205338,0.0313313472646827,-0.06519363238866399
2019-12-31,Mom12m,-0.06519363238866399,0.01284844459391915,0.0063449381787039185,0.0744695310219509,1.0,25.998631074606433,-0.06519363238866399,-0.0371407085812441
2020-01-31,Mom12m,-0.0371407085812441,0.021799562089589972,0.016887872867020495,0.054489104783758284,1.0,26.083504449007528,-0.0371407085812441,-0.011903542328290299
2020-02-29,Mom12m,-0.011903542328290299,0.018625630416110747,0.01608153268741069,0.05486796992399545,1.0,26.16290212183436,-0.011903542328290299,0.050305013657884506
2020-03-31,Mom12m,0.050305013657884506,0.018723484786691155,0.02135527885929063,0.05486211145525291,1.0,26.247775496235455,0.050305013657884506,-0.15785110188209
2020-04-30,Mom12m,-0.15785110188209,0.021841317061872235,0.006866948816542079,0.07548375274108465,1.0,26.32991101984942,-0.15785110188209,-0.019668361961811102
2020-05-31,Mom12m,-0.019668361961811102,-0.0007961426071247542,-0.0023688275533485853,0.07087172455322677,1.0,26.414784394250514,-0.019668361961811102,-0.0594526666712594
2020-06-30,Mom12m,-0.0594526666712594,-0.007069778861014135,-0.011435019511867877,0.07061358179601383,1.0,26.496919917864478,-0.0594526666712594,0.0296342495262995
2020-07-31,Mom12m,0.0296342495262995,-0.019114395846046465,-0.015052008731684269,0.06690769725735794,1.0,26.581793292265573,0.0296342495262995,0.0171544282545265
2020-08-31,Mom12m,0.0171544282545265,-0.021979566436310063,-0.01871840021207365,0.06346943945692626,1.0,26.666666666666668,0.0171544282545265,0.057789391221607395
2020-09-30,Mom12m,0.057789391221607395,-0.014164025305258555,-0.008167907261353026,0.0648914705845991,1.0,26.748802190280628,0.057789391221607395,-0.0207409244829493
2020-10-31,Mom12m,-0.0207409244829493,-0.014999598535305319,-0.015478042364275621,0.060444898781042734,1.0,26.833675564681723,-0.0207409244829493,-0.207837180818923
2020-11-30,Mom12m,-0.207837180818923,-0.019733441421453682,-0.035408753037909434,0.07990537820632877,1.0,26.915811088295687,-0.207837180818923,-0.08372411602354561
2020-12-31,Mom12m,-0.08372411602354561,-0.03270103673329541,-0.036952960007482896,0.08070833261575969,1.0,27.000684462696782,-0.08372411602354561,-0.051509647044803
2021-01-31,Mom12m,-0.051509647044803,-0.03693589195532282,-0.0381503715461128,0.08081788778428071,1.0,27.085557837097877,-0.051509647044803,-0.13748609573987
2021-02-28,Mom12m,-0.13748609573987,-0.040536446929551245,-0.04861558433041111,0.08512626064141933,1.0,27.16221765913758,-0.13748609573987,-0.0122060954366518
2021-03-31,Mom12m,-0.0122060954366518,-0.05760836596571075,-0.05382484342162248,0.0802983144680395,1.0,27.247091033538673,-0.0122060954366518,0.00635643465070201
2021-04-30,Mom12m,0.00635643465070201,-0.04436791083430727,-0.040140882043889804,0.07475981331983168,1.0,27.329226557152634,0.00635643465070201,0.0224345124970937
2021-05-31,Mom12m,0.0224345124970937,-0.04200202023316972,-0.0366323091723144,0.07676893398911952,1.0,27.41409993155373,0.0224345124970937,0.071892110168178
2021-06-30,Mom12m,0.071892110168178,-0.03455773121786489,-0.02568691110236129,0.08237791048464514,1.0,27.496235455167692,0.071892110168178,0.0279795939849624
2021-07-31,Mom12m,0.0279795939849624,-0.030716107523148663,-0.02582479906413938,0.0822782177580676,1.0,27.581108829568787,0.0279795939849624,0.00513303369861807
2021-08-31,Mom12m,0.00513303369861807,-0.02973200154765449,-0.026826581943798413,0.08177901869900008,1.0,27.665982203969882,0.00513303369861807,0.00991230664687071
2021-09-30,Mom12m,0.00991230664687071,-0.03451894314065352,-0.03081633899169314,0.07837250908184328,1.0,27.748117727583846,0.00991230664687071,0.042815262374462
2021-10-31,Mom12m,0.042815262374462,-0.031732285765215335,-0.025519990086908865,0.08121141600179715,1.0,27.83299110198494,0.042815262374462,0.0591224057769522
2021-11-30,Mom12m,0.0591224057769522,-0.008945700020362156,-0.0032733578705859325,0.060703497263882016,1.0,27.915126625598905,0.0591224057769522,0.0483189507900596
2021-12-31,Mom12m,0.0483189507900596,0.0040403474160467375,0.007730231030547835,0.056625206868427994,1.0,28.0,0.0483189507900596,0.0550727562483235
2022-01-31,Mom12m,0.0550727562483235,0.01311567449194334,0.01661209797164171,0.05481858957848369,1.0,28.084873374401095,0.0550727562483235,0.109555467130413
2022-02-28,Mom12m,0.109555467130413,0.030621024672688204,0.03719889487749862,0.034194998943803206,1.0,28.161533196440793,0.109555467130413,-0.039088900198936
2022-03-31,Mom12m,-0.039088900198936,0.04169025763333046,0.03495866114730828,0.038353651389672644,1.0,28.246406570841888,-0.039088900198936,0.16898160371898802
2022-04-30,Mom12m,0.16898160371898802,0.03755886355609064,0.04851075856966545,0.05319020583510893,1.0,28.32854209445585,0.16898160371898802,0.10820474923541701
2022-05-31,Mom12m,0.10820474923541701,0.050881326394444655,0.055658278297859055,0.05509622608572316,1.0,28.413415468856947,0.10820474923541701,-0.07835046131737611
2022-06-30,Mom12m,-0.07835046131737611,0.054182475400557296,0.043138064007396205,0.06688203402144373,1.0,28.49555099247091,-0.07835046131737611,0.0317339972514005
2022-07-31,Mom12m,0.0317339972514005,0.04451610673670835,0.04345093094626606,0.06681342415453924,1.0,28.580424366872005,0.0317339972514005,-0.014467384416252999
2022-08-31,Mom12m,-0.014467384416252999,0.04693437615059766,0.041817562770026795,0.06806322289911393,1.0,28.6652977412731,-0.014467384416252999,0.101231005834301
2022-09-30,Mom12m,0.101231005834301,0.044718040599404596,0.04942745436897932,0.0692660955185626,1.0,28.747433264887064,0.101231005834301,0.117802887257187
2022-10-31,Mom12m,0.117802887257187,0.05002856273211723,0.055676423109206404,0.07194606268090664,1.0,28.83230663928816,0.117802887257187,0.0983166525902555
2022-11-30,Mom12m,0.0983166525902555,0.05536315195759312,0.05894261034364834,0.0729986886016575,1.0,28.914442162902123,0.0983166525902555,0.0383960499510319
2022-12-31,Mom12m,0.0383960499510319,0.059908397575792756,0.05811570194039604,0.07318593231982858,1.0,28.999315537303218,0.0383960499510319,-0.360502006799653
2023-01-31,Mom12m,-0.360502006799653,0.05839233336694805,0.023484471686397997,0.1413434401571918,1.0,29.084188911704313,-0.360502006799653,0.10087866773210101
2023-02-28,Mom12m,0.10087866773210101,0.015659835736942063,0.022761405069871996,0.1408845498500683,1.0,29.16084873374401,0.10087866773210101,0.127410372007003
2023-03-31,Mom12m,0.127410372007003,0.028384160094309063,0.036636344420366916,0.14242982290058917,1.0,29.245722108145106,0.127410372007003,0.0322229740402249
2023-04-30,Mom12m,0.0322229740402249,0.024604957211401334,0.025239791947136655,0.13621321263052577,1.0,29.32785763175907,0.0322229740402249,-4.4866878096629e-05
2023-05-31,Mom12m,-4.4866878096629e-05,0.017697523102747505,0.016218990604343852,0.13378206966354775,1.0,29.412731006160165,-4.4866878096629e-05,0.0922822174538985
2023-06-30,Mom12m,0.0922822174538985,0.024816213506318366,0.03043838050195007,0.131871150767212,1.0,29.49486652977413,0.0922822174538985,-0.0299775219562408
2023-07-31,Mom12m,-0.0299775219562408,0.030320597161090913,0.025295753901313296,0.13301436962639843,1.0,29.579739904175224,-0.0299775219562408,0.0928403260971054
2023-08-31,Mom12m,0.0928403260971054,0.02891058465745566,0.034238063110759824,0.13370341368269753,1.0,29.66461327857632,0.0928403260971054,0.0707362156423454
2023-09-30,Mom12m,0.0707362156423454,0.028147795590437875,0.031696830594763525,0.1325996015164474,1.0,29.746748802190282,0.0707362156423454,0.0611333732382291
2023-10-31,Mom12m,0.0611333732382291,0.02386900726181591,0.026974371093183704,0.13024237374618358,1.0,29.831622176591377,0.0611333732382291,0.06663386279366429
2023-11-30,Mom12m,0.06663386279366429,0.020488709138904423,0.024334138610134434,0.12897968103944435,1.0,29.913757700205338,0.06663386279366429,0.06502322831142571
2023-12-31,Mom12m,0.06502322831142571,0.023055783033689183,0.02655307014016725,0.12947169578923615,1.0,29.998631074606433,0.06502322831142571,0.0639046141917799
2024-01-31,Mom12m,0.0639046141917799,0.06173989531651452,0.061920288556119994,0.04365728483656902,1.0,30.083504449007528,0.0639046141917799,0.0390906960217348
2024-02-29,Mom12m,0.0390906960217348,0.058378617721939884,0.05677129091358948,0.04226629065053189,1.0,30.16290212183436,0.0390906960217348,0.0385967174904042
2024-03-31,Mom12m,0.0385967174904042,0.05034955626873368,0.04937015303720624,0.03609828227834483,1.0,30.247775496235455,0.0385967174904042,0.00633595095948817
2024-04-30,Mom12m,0.00633595095948817,0.050928987491477236,0.04721290111381152,0.037942561600035264,1.0,30.32991101984942,0.00633595095948817,-0.0457974757233685
2024-05-31,Mom12m,-0.0457974757233685,0.0515090618403486,0.04340018371003885,0.044801795402641884,1.0,30.414784394250514,-0.0457974757233685,0.0721567650543855
2024-06-30,Mom12m,0.0721567650543855,0.03895636246059704,0.04172306267674611,0.043151892945371105,1.0,30.496919917864478,0.0721567650543855,0.0603341647426647
2024-07-31,Mom12m,0.0603341647426647,0.048241297643381253,0.04924903656832157,0.03693810597060523,1.0,30.581793292265573,0.0603341647426647,0.13185957653056302
2024-08-31,Mom12m,0.13185957653056302,0.04528619206570483,0.0525006407711097,0.042432926785076236,1.0,30.666666666666668,0.13185957653056302,0.0581150217369583
2024-09-30,Mom12m,0.0581150217369583,0.050842861237360974,0.051448874612327444,0.042094910693397436,1.0,30.748802190280628,0.0581150217369583,0.058924624502748296
2024-10-31,Mom12m,0.058924624502748296,0.05056846564633635,0.05126481221770404,0.04205352362746554,1.0,30.833675564681723,0.058924624502748296,0.0606781908677629
2024-11-30,Mom12m,0.0606781908677629,0.04986762580170763,0.05076850622387893,0.04189048003226845,1.0,30.915811088295687,0.0606781908677629,-0.225286012578235
